1880.001,-0.692
1880.004,-0.592
1880.007,-0.673
1880.010,-0.615
1880.012,-0.681
1880.015,-0.743
1880.018,-0.646
1880.021,-0.716
1880.023,-0.984
1880.026,-0.937
1880.029,-1.125
1880.031,-1.283
1880.034,-1.108
1880.037,-0.960
1880.040,-0.865
1880.042,-0.753
1880.045,-0.511
1880.048,-0.678
1880.051,-0.766
1880.053,-0.875
1880.056,-0.913
1880.059,-0.812
1880.062,-0.744
1880.064,-0.762
1880.067,-0.900
1880.070,-1.070
1880.072,-1.260
1880.075,-1.385
1880.078,-1.339
1880.081,-1.288
1880.083,-1.196
1880.086,-1.254
1880.089,-1.327
1880.092,-1.463
1880.094,-1.471
1880.097,-1.361
1880.100,-1.439
1880.102,-1.481
1880.105,-1.445
1880.108,-1.348
1880.111,-1.245
1880.113,-1.184
1880.116,-1.232
1880.119,-1.357
1880.122,-1.353
1880.124,-1.320
1880.127,-1.285
1880.130,-1.314
1880.133,-1.479
1880.135,-1.416
1880.138,-1.170
1880.141,-0.866
1880.143,-0.765
1880.146,-0.884
1880.149,-1.055
1880.152,-0.899
1880.154,-1.046
1880.157,-1.269
1880.160,-1.319
1880.163,-1.281
1880.165,-1.151
1880.168,-1.091
1880.171,-0.831
1880.173,-0.778
1880.176,-0.852
1880.179,-0.903
1880.182,-1.078
1880.184,-1.209
1880.187,-1.311
1880.190,-1.096
1880.193,-1.191
1880.195,-1.414
1880.198,-1.622
1880.201,-1.645
1880.203,-1.483
1880.206,-1.287
1880.209,-0.987
1880.212,-0.707
1880.214,-0.768
1880.217,-0.883
1880.220,-0.830
1880.223,-0.779
1880.225,-0.878
1880.228,-0.873
1880.231,-0.826
1880.234,-0.804
1880.236,-0.844
1880.239,-0.872
1880.242,-0.947
1880.245,-0.952
1880.247,-0.896
1880.250,-0.741
1880.253,-0.829
1880.255,-0.746
1880.258,-0.706
1880.261,-0.656
1880.264,-0.861
1880.266,-0.977
1880.269,-1.033
1880.272,-0.819
1880.275,-0.916
1880.277,-1.112
1880.280,-1.111
1880.283,-1.035
1880.286,-0.923
1880.288,-0.834
1880.291,-0.783
1880.294,-0.771
1880.297,-0.817
1880.299,-0.876
1880.302,-0.686
1880.305,-0.503
1880.307,-0.540
1880.310,-0.651
1880.313,-0.768
1880.316,-0.771
1880.318,-0.854
1880.321,-0.817
1880.324,-0.835
1880.327,-0.763
1880.329,-0.771
1880.332,-0.680
1880.335,-0.510
1880.337,-0.434
1880.340,-0.432
1880.343,-0.348
1880.346,-0.477
1880.348,-0.592
1880.351,-0.455
1880.354,-0.482
1880.357,-0.468
1880.359,-0.430
1880.362,-0.439
1880.365,-0.439
1880.367,-0.375
1880.370,-0.302
1880.373,-0.255
1880.376,-0.251
1880.378,-0.311
1880.381,-0.302
1880.384,-0.381
1880.387,-0.358
1880.389,-0.357
1880.392,-0.233
1880.395,-0.168
1880.398,-0.154
1880.400,-0.223
1880.403,-0.206
1880.406,-0.297
1880.408,-0.432
1880.411,-0.506
1880.414,-0.537
1880.417,-0.559
1880.419,-0.483
1880.422,-0.379
1880.425,-0.423
1880.428,-0.481
1880.430,-0.543
1880.433,-0.505
1880.436,-0.404
1880.438,-0.389
1880.441,-0.337
1880.444,-0.330
1880.447,-0.355
1880.449,-0.303
1880.452,-0.243
1880.455,-0.264
1880.458,-0.358
1880.460,-0.267
1880.463,-0.162
1880.466,-0.152
1880.469,-0.317
1880.471,-0.334
1880.474,-0.232
1880.477,-0.088
1880.479,-0.118
1880.482,-0.275
1880.485,-0.268
1880.488,-0.253
1880.490,-0.236
1880.493,-0.264
1880.496,-0.202
1880.499,-0.264
1880.501,-0.318
1880.504,-0.295
1880.507,-0.242
1880.510,-0.232
1880.512,-0.136
1880.515,-0.226
1880.518,-0.149
1880.521,-0.194
1880.523,-0.273
1880.526,-0.289
1880.529,-0.274
1880.531,-0.209
1880.534,-0.178
1880.537,-0.167
1880.540,-0.102
1880.542,-0.132
1880.545,-0.106
1880.548,-0.165
1880.551,-0.257
1880.553,-0.194
1880.556,-0.186
1880.559,-0.152
1880.562,-0.234
1880.564,-0.168
1880.567,-0.209
1880.570,-0.242
1880.572,-0.294
1880.575,-0.329
1880.578,-0.186
1880.581,-0.056
1880.583,-0.117
1880.586,-0.290
1880.589,-0.414
1880.592,-0.480
1880.594,-0.403
1880.597,-0.442
1880.600,-0.290
1880.602,-0.261
1880.605,-0.357
1880.608,-0.349
1880.611,-0.353
1880.613,-0.319
1880.616,-0.241
1880.619,-0.266
1880.622,-0.293
1880.624,-0.189
1880.627,-0.070
1880.630,-0.071
1880.633,-0.062
1880.635,-0.066
1880.638,-0.063
1880.641,-0.160
1880.643,-0.211
1880.646,-0.312
1880.649,-0.283
1880.652,-0.321
1880.654,-0.435
1880.657,-0.351
1880.660,-0.340
1880.663,-0.310
1880.665,-0.424
1880.668,-0.243
1880.671,-0.134
1880.673,-0.166
1880.676,-0.136
1880.679,-0.193
1880.682,-0.233
1880.684,-0.525
1880.687,-0.598
1880.690,-0.601
1880.693,-0.662
1880.695,-0.744
1880.698,-0.806
1880.701,-0.833
1880.703,-0.777
1880.706,-0.670
1880.709,-0.572
1880.712,-0.640
1880.714,-0.720
1880.717,-0.728
1880.720,-0.809
1880.723,-0.762
1880.725,-0.726
1880.728,-0.637
1880.731,-0.511
1880.734,-0.578
1880.736,-0.733
1880.739,-0.842
1880.742,-0.878
1880.745,-0.819
1880.747,-0.770
1880.750,-0.654
1880.753,-0.514
1880.755,-0.673
1880.758,-0.687
1880.761,-0.611
1880.764,-0.546
1880.766,-0.499
1880.769,-0.500
1880.772,-0.496
1880.775,-0.596
1880.777,-0.500
1880.780,-0.534
1880.783,-0.534
1880.786,-0.592
1880.788,-0.642
1880.791,-0.832
1880.794,-0.881
1880.797,-0.773
1880.799,-0.593
1880.802,-0.506
1880.805,-0.529
1880.807,-0.683
1880.810,-0.692
1880.813,-0.601
1880.816,-0.477
1880.818,-0.413
1880.821,-0.352
1880.824,-0.252
1880.827,-0.118
1880.829,-0.168
1880.832,-0.292
1880.835,-0.388
1880.837,-0.354
1880.840,-0.295
1880.843,-0.251
1880.846,-0.294
1880.848,-0.158
1880.851,0.043
1880.854,0.076
1880.857,-0.058
1880.859,-0.105
1880.862,-0.104
1880.865,-0.231
1880.867,-0.185
1880.870,-0.119
1880.873,-0.251
1880.876,-0.571
1880.878,-0.664
1880.881,-0.674
1880.884,-0.812
1880.887,-0.984
1880.889,-1.105
1880.892,-0.881
1880.895,-0.792
1880.898,-0.706
1880.900,-0.558
1880.903,-0.399
1880.906,-0.299
1880.908,-0.402
1880.911,-0.489
1880.914,-0.341
1880.917,-0.516
1880.919,-0.522
1880.922,-0.468
1880.925,-0.525
1880.928,-0.708
1880.930,-0.873
1880.933,-0.668
1880.936,-0.631
1880.938,-0.587
1880.941,-0.473
1880.944,-0.203
1880.947,0.076
1880.949,0.042
1880.952,0.040
1880.955,-0.037
1880.958,-0.051
1880.960,-0.383
1880.963,-0.420
1880.966,-0.451
1880.969,-0.365
1880.971,-0.427
1880.974,-0.538
1880.977,-0.478
1880.979,-0.331
1880.982,-0.299
1880.985,-0.276
1880.988,-0.509
1880.990,-0.773
1880.993,-0.944
1880.996,-0.763
1880.999,-0.516
1881.001,-0.147
1881.004,-0.106
1881.007,-0.156
1881.010,-0.017
1881.012,-0.064
1881.015,-0.276
1881.018,-0.586
1881.021,-0.833
1881.023,-0.849
1881.026,-0.806
1881.029,-0.702
1881.031,-0.525
1881.034,-0.415
1881.037,-0.533
1881.040,-0.287
1881.042,-0.071
1881.045,-0.208
1881.048,-0.177
1881.051,0.138
1881.053,0.184
1881.056,-0.177
1881.059,-0.353
1881.062,-0.534
1881.064,-0.654
1881.067,-0.694
1881.070,-0.763
1881.073,-0.687
1881.075,-0.642
1881.078,-0.387
1881.081,-0.275
1881.084,-0.183
1881.086,-0.224
1881.089,0.006
1881.092,0.060
1881.094,-0.189
1881.097,-0.255
1881.100,-0.350
1881.103,-0.178
1881.105,-0.148
1881.108,0.013
1881.111,-0.124
1881.114,-0.336
1881.116,-0.578
1881.119,-0.875
1881.122,-1.177
1881.125,-1.128
1881.127,-0.930
1881.130,-0.797
1881.133,-0.687
1881.136,-0.672
1881.138,-0.719
1881.141,-0.682
1881.144,-0.604
1881.147,-0.661
1881.149,-0.660
1881.152,-0.600
1881.155,-0.760
1881.158,-0.649
1881.160,-0.586
1881.163,-0.405
1881.166,-0.298
1881.168,-0.406
1881.171,-0.294
1881.174,-0.298
1881.177,-0.194
1881.179,-0.041
1881.182,-0.026
1881.185,-0.027
1881.188,-0.038
1881.190,-0.124
1881.193,-0.196
1881.196,-0.307
1881.199,-0.569
1881.201,-0.694
1881.204,-0.531
1881.207,-0.434
1881.210,-0.374
1881.212,-0.323
1881.215,-0.358
1881.218,-0.550
1881.221,-0.281
1881.223,-0.305
1881.226,-0.127
1881.229,-0.162
1881.232,-0.145
1881.234,-0.151
1881.237,-0.222
1881.240,0.023
1881.242,0.003
1881.245,-0.002
1881.248,-0.036
1881.251,-0.083
1881.253,-0.200
1881.256,-0.426
1881.259,-0.339
1881.262,-0.048
1881.264,-0.076
1881.267,-0.097
1881.270,-0.062
1881.273,-0.157
1881.275,-0.137
1881.278,-0.173
1881.281,-0.148
1881.284,0.033
1881.286,0.001
1881.289,0.172
1881.292,0.285
1881.295,0.168
1881.297,0.125
1881.300,0.169
1881.303,0.128
1881.305,0.139
1881.308,0.164
1881.311,0.242
1881.314,0.202
1881.316,0.233
1881.319,0.263
1881.322,0.094
1881.325,0.015
1881.327,-0.037
1881.330,-0.109
1881.333,-0.135
1881.336,0.008
1881.338,-0.036
1881.341,0.074
1881.344,0.057
1881.347,0.154
1881.349,0.252
1881.352,0.147
1881.355,0.070
1881.358,0.041
1881.360,0.022
1881.363,-0.026
1881.366,0.058
1881.369,0.062
1881.371,-0.106
1881.374,-0.216
1881.377,-0.267
1881.379,-0.236
1881.382,-0.151
1881.385,-0.198
1881.388,-0.216
1881.390,-0.104
1881.393,-0.113
1881.396,-0.125
1881.399,-0.195
1881.401,-0.250
1881.404,-0.465
1881.407,-0.480
1881.410,-0.389
1881.412,-0.307
1881.415,-0.359
1881.418,-0.367
1881.421,-0.594
1881.423,-0.588
1881.426,-0.637
1881.429,-0.575
1881.432,-0.576
1881.434,-0.527
1881.437,-0.487
1881.440,-0.492
1881.443,-0.687
1881.445,-0.707
1881.448,-0.693
1881.451,-0.665
1881.453,-0.775
1881.456,-0.802
1881.459,-0.849
1881.462,-0.748
1881.464,-0.717
1881.467,-0.682
1881.470,-0.599
1881.473,-0.558
1881.475,-0.545
1881.478,-0.530
1881.481,-0.608
1881.484,-0.472
1881.486,-0.533
1881.489,-0.275
1881.492,-0.136
1881.495,-0.199
1881.497,-0.102
1881.500,-0.148
1881.503,-0.052
1881.505,0.026
1881.508,0.044
1881.511,-0.021
1881.514,-0.317
1881.516,-0.342
1881.519,-0.335
1881.522,-0.285
1881.525,-0.236
1881.527,-0.160
1881.530,-0.132
1881.533,-0.078
1881.536,-0.118
1881.538,-0.191
1881.541,-0.031
1881.544,-0.084
1881.547,-0.207
1881.549,-0.157
1881.552,-0.162
1881.555,-0.023
1881.557,-0.147
1881.560,-0.020
1881.563,0.081
1881.566,-0.048
1881.568,-0.022
1881.571,-0.111
1881.574,-0.190
1881.577,-0.125
1881.579,-0.092
1881.582,-0.023
1881.585,-0.023
1881.588,-0.053
1881.590,-0.014
1881.593,0.088
1881.596,0.026
1881.599,-0.123
1881.601,-0.170
1881.604,-0.099
1881.607,-0.032
1881.610,-0.051
1881.612,-0.108
1881.615,-0.248
1881.618,-0.169
1881.621,-0.235
1881.623,-0.121
1881.626,-0.218
1881.629,-0.168
1881.631,-0.067
1881.634,0.078
1881.637,0.103
1881.640,0.003
1881.642,-0.104
1881.645,-0.126
1881.648,-0.046
1881.651,0.049
1881.653,0.194
1881.656,0.206
1881.659,-0.035
1881.662,-0.134
1881.664,-0.207
1881.667,-0.275
1881.670,-0.278
1881.673,-0.072
1881.675,-0.125
1881.678,-0.332
1881.681,-0.334
1881.684,-0.347
1881.686,-0.352
1881.689,-0.419
1881.692,-0.261
1881.695,-0.222
1881.697,-0.395
1881.700,-0.306
1881.703,-0.239
1881.705,-0.176
1881.708,-0.245
1881.711,-0.164
1881.714,-0.229
1881.716,-0.271
1881.719,-0.386
1881.722,-0.507
1881.725,-0.673
1881.727,-0.588
1881.730,-0.577
1881.733,-0.535
1881.736,-0.498
1881.738,-0.621
1881.741,-0.596
1881.744,-0.500
1881.747,-0.478
1881.749,-0.443
1881.752,-0.444
1881.755,-0.482
1881.758,-0.520
1881.760,-0.762
1881.763,-0.616
1881.766,-0.504
1881.768,-0.435
1881.771,-0.552
1881.774,-0.605
1881.777,-0.679
1881.779,-0.647
1881.782,-0.683
1881.785,-0.596
1881.788,-0.520
1881.790,-0.418
1881.793,-0.481
1881.796,-0.612
1881.799,-0.753
1881.801,-0.582
1881.804,-0.634
1881.807,-0.503
1881.810,-0.438
1881.812,-0.367
1881.815,-0.265
1881.818,-0.464
1881.821,-0.327
1881.823,-0.381
1881.826,-0.338
1881.829,-0.476
1881.832,-0.457
1881.834,-0.684
1881.837,-0.776
1881.840,-0.757
1881.842,-0.673
1881.845,-0.672
1881.848,-0.655
1881.851,-0.504
1881.853,-0.469
1881.856,-0.776
1881.859,-0.751
1881.862,-0.570
1881.864,-0.614
1881.867,-0.833
1881.870,-0.953
1881.873,-0.978
1881.875,-1.029
1881.878,-1.006
1881.881,-1.143
1881.884,-1.310
1881.886,-1.377
1881.889,-1.261
1881.892,-1.206
1881.895,-1.132
1881.897,-0.972
1881.900,-0.870
1881.903,-0.603
1881.906,-0.502
1881.908,-0.543
1881.911,-0.326
1881.914,-0.467
1881.916,-0.560
1881.919,-0.517
1881.922,-0.448
1881.925,-0.625
1881.927,-0.379
1881.930,-0.235
1881.933,-0.349
1881.936,-0.646
1881.938,-0.779
1881.941,-0.876
1881.944,-0.945
1881.947,-0.799
1881.949,-0.718
1881.952,-0.714
1881.955,-0.766
1881.958,-0.612
1881.960,-0.379
1881.963,-0.174
1881.966,-0.143
1881.969,-0.142
1881.971,-0.261
1881.974,-0.386
1881.977,-0.203
1881.979,-0.151
1881.982,-0.182
1881.985,-0.061
1881.988,0.154
1881.990,0.416
1881.993,0.232
1881.996,-0.015
1881.999,0.013
1882.001,0.020
1882.004,-0.043
1882.007,0.124
1882.010,0.268
1882.012,0.408
1882.015,0.606
1882.018,0.735
1882.021,0.699
1882.023,0.661
1882.026,0.585
1882.029,0.498
1882.031,0.317
1882.034,0.237
1882.037,0.398
1882.040,0.474
1882.042,0.204
1882.045,0.123
1882.048,0.226
1882.051,0.315
1882.053,0.460
1882.056,0.384
1882.059,-0.041
1882.062,-0.069
1882.064,0.182
1882.067,0.389
1882.070,0.276
1882.073,0.225
1882.075,0.073
1882.078,0.114
1882.081,0.180
1882.084,-0.044
1882.086,-0.071
1882.089,0.115
1882.092,0.118
1882.094,0.207
1882.097,0.258
1882.100,0.078
1882.103,0.082
1882.105,-0.064
1882.108,-0.175
1882.111,0.054
1882.114,0.214
1882.116,0.281
1882.119,0.356
1882.122,0.328
1882.125,0.243
1882.127,-0.157
1882.130,-0.353
1882.133,-0.439
1882.136,-0.278
1882.138,-0.152
1882.141,-0.062
1882.144,-0.218
1882.147,-0.137
1882.149,0.134
1882.152,0.143
1882.155,0.261
1882.158,0.383
1882.160,0.298
1882.163,0.326
1882.166,0.241
1882.168,0.039
1882.171,-0.028
1882.174,-0.234
1882.177,-0.305
1882.179,-0.338
1882.182,-0.308
1882.185,-0.228
1882.188,-0.233
1882.190,0.144
1882.193,0.341
1882.196,0.136
1882.199,0.051
1882.201,0.037
1882.204,-0.067
1882.207,-0.134
1882.210,-0.332
1882.212,-0.608
1882.215,-0.796
1882.218,-0.854
1882.221,-0.672
1882.223,-0.600
1882.226,-0.419
1882.229,-0.433
1882.232,-0.347
1882.234,-0.388
1882.237,-0.572
1882.240,-0.553
1882.242,-0.522
1882.245,-0.295
1882.248,-0.140
1882.251,-0.142
1882.253,-0.155
1882.256,-0.311
1882.259,-0.468
1882.262,-0.525
1882.264,-0.614
1882.267,-0.677
1882.270,-0.562
1882.273,-0.695
1882.275,-0.867
1882.278,-0.739
1882.281,-0.775
1882.284,-0.959
1882.286,-0.725
1882.289,-0.576
1882.292,-0.601
1882.295,-0.518
1882.297,-0.534
1882.300,-0.513
1882.303,-0.407
1882.305,-0.492
1882.308,-0.759
1882.311,-0.703
1882.314,-0.426
1882.316,-0.293
1882.319,-0.284
1882.322,-0.389
1882.325,-0.425
1882.327,-0.372
1882.330,-0.309
1882.333,-0.202
1882.336,-0.115
1882.338,-0.197
1882.341,-0.241
1882.344,-0.302
1882.347,-0.424
1882.349,-0.366
1882.352,-0.451
1882.355,-0.432
1882.358,-0.392
1882.360,-0.360
1882.363,-0.454
1882.366,-0.531
1882.369,-0.649
1882.371,-0.673
1882.374,-0.594
1882.377,-0.548
1882.379,-0.556
1882.382,-0.458
1882.385,-0.540
1882.388,-0.524
1882.390,-0.580
1882.393,-0.467
1882.396,-0.437
1882.399,-0.404
1882.401,-0.317
1882.404,-0.255
1882.407,-0.198
1882.410,-0.350
1882.412,-0.395
1882.415,-0.562
1882.418,-0.604
1882.421,-0.504
1882.423,-0.520
1882.426,-0.604
1882.429,-0.454
1882.432,-0.302
1882.434,-0.491
1882.437,-0.678
1882.440,-0.664
1882.443,-0.682
1882.445,-0.579
1882.448,-0.601
1882.451,-0.579
1882.453,-0.521
1882.456,-0.546
1882.459,-0.571
1882.462,-0.596
1882.464,-0.740
1882.467,-0.837
1882.470,-0.727
1882.473,-0.587
1882.475,-0.489
1882.478,-0.427
1882.481,-0.410
1882.484,-0.507
1882.486,-0.558
1882.489,-0.618
1882.492,-0.696
1882.495,-0.670
1882.497,-0.636
1882.500,-0.587
1882.503,-0.476
1882.505,-0.454
1882.508,-0.452
1882.511,-0.447
1882.514,-0.393
1882.516,-0.380
1882.519,-0.401
1882.522,-0.487
1882.525,-0.465
1882.527,-0.533
1882.530,-0.568
1882.533,-0.665
1882.536,-0.591
1882.538,-0.442
1882.541,-0.417
1882.544,-0.370
1882.547,-0.353
1882.549,-0.494
1882.552,-0.536
1882.555,-0.636
1882.557,-0.478
1882.560,-0.356
1882.563,-0.355
1882.566,-0.392
1882.568,-0.393
1882.571,-0.647
1882.574,-0.689
1882.577,-0.587
1882.579,-0.429
1882.582,-0.428
1882.585,-0.345
1882.588,-0.298
1882.590,-0.270
1882.593,-0.294
1882.596,-0.321
1882.599,-0.296
1882.601,-0.301
1882.604,-0.328
1882.607,-0.354
1882.610,-0.311
1882.612,-0.284
1882.615,-0.310
1882.618,-0.328
1882.621,-0.211
1882.623,-0.208
1882.626,-0.270
1882.629,-0.310
1882.631,-0.254
1882.634,-0.256
1882.637,-0.093
1882.640,-0.094
1882.642,-0.149
1882.645,-0.141
1882.648,-0.004
1882.651,0.046
1882.653,-0.030
1882.656,-0.097
1882.659,-0.136
1882.662,-0.190
1882.664,-0.421
1882.667,-0.470
1882.670,-0.453
1882.673,-0.398
1882.675,-0.314
1882.678,-0.245
1882.681,-0.197
1882.684,-0.231
1882.686,-0.266
1882.689,-0.253
1882.692,-0.131
1882.695,-0.165
1882.697,-0.193
1882.700,-0.181
1882.703,-0.392
1882.705,-0.383
1882.708,-0.317
1882.711,-0.330
1882.714,-0.293
1882.716,-0.264
1882.719,-0.380
1882.722,-0.485
1882.725,-0.548
1882.727,-0.351
1882.730,-0.328
1882.733,-0.393
1882.736,-0.549
1882.738,-0.604
1882.741,-0.599
1882.744,-0.552
1882.747,-0.401
1882.749,-0.373
1882.752,-0.446
1882.755,-0.548
1882.758,-0.573
1882.760,-0.415
1882.763,-0.464
1882.766,-0.317
1882.768,-0.472
1882.771,-0.462
1882.774,-0.599
1882.777,-0.732
1882.779,-0.814
1882.782,-0.839
1882.785,-0.972
1882.788,-1.143
1882.790,-1.085
1882.793,-1.026
1882.796,-0.950
1882.799,-0.859
1882.801,-0.908
1882.804,-0.943
1882.807,-0.854
1882.810,-0.906
1882.812,-0.849
1882.815,-0.905
1882.818,-0.930
1882.821,-0.780
1882.823,-0.749
1882.826,-0.784
1882.829,-0.752
1882.832,-0.757
1882.834,-0.845
1882.837,-1.055
1882.840,-1.107
1882.842,-1.162
1882.845,-1.175
1882.848,-1.156
1882.851,-1.014
1882.853,-0.816
1882.856,-0.701
1882.859,-0.804
1882.862,-1.062
1882.864,-1.147
1882.867,-1.189
1882.870,-1.152
1882.873,-1.044
1882.875,-1.037
1882.878,-0.948
1882.881,-1.130
1882.884,-1.048
1882.886,-0.969
1882.889,-0.952
1882.892,-0.886
1882.895,-1.028
1882.897,-1.051
1882.900,-1.031
1882.903,-1.028
1882.906,-1.203
1882.908,-1.497
1882.911,-1.640
1882.914,-1.669
1882.916,-1.529
1882.919,-1.534
1882.922,-1.549
1882.925,-1.509
1882.927,-1.526
1882.930,-1.734
1882.933,-1.870
1882.936,-1.640
1882.938,-1.345
1882.941,-1.373
1882.944,-1.338
1882.947,-1.395
1882.949,-1.553
1882.952,-1.823
1882.955,-1.748
1882.958,-1.475
1882.960,-1.202
1882.963,-1.079
1882.966,-1.236
1882.969,-1.367
1882.971,-1.257
1882.974,-1.056
1882.977,-1.097
1882.979,-1.061
1882.982,-0.905
1882.985,-0.795
1882.988,-0.883
1882.990,-0.819
1882.993,-0.824
1882.996,-0.961
1882.999,-1.310
1883.001,-1.629
1883.004,-1.587
1883.007,-1.535
1883.010,-1.372
1883.012,-1.496
1883.015,-1.376
1883.018,-1.365
1883.021,-1.199
1883.023,-1.043
1883.026,-1.143
1883.029,-1.370
1883.031,-1.318
1883.034,-1.141
1883.037,-1.071
1883.040,-1.296
1883.042,-1.330
1883.045,-1.309
1883.048,-1.375
1883.051,-1.466
1883.053,-1.265
1883.056,-1.200
1883.059,-1.096
1883.062,-1.097
1883.064,-1.008
1883.067,-1.026
1883.070,-0.819
1883.073,-0.657
1883.075,-0.651
1883.078,-0.631
1883.081,-0.672
1883.084,-0.931
1883.086,-1.300
1883.089,-1.481
1883.092,-1.616
1883.094,-1.545
1883.097,-1.447
1883.100,-1.266
1883.103,-1.170
1883.105,-1.181
1883.108,-1.327
1883.111,-1.482
1883.114,-1.234
1883.116,-1.185
1883.119,-0.954
1883.122,-1.059
1883.125,-1.294
1883.127,-1.640
1883.130,-1.738
1883.133,-1.587
1883.136,-1.419
1883.138,-1.204
1883.141,-1.007
1883.144,-1.025
1883.147,-0.793
1883.149,-0.687
1883.152,-0.638
1883.155,-0.647
1883.158,-0.551
1883.160,-0.588
1883.163,-0.598
1883.166,-0.598
1883.168,-0.749
1883.171,-0.957
1883.174,-0.728
1883.177,-0.614
1883.179,-0.603
1883.182,-0.501
1883.185,-0.397
1883.188,-0.314
1883.190,-0.381
1883.193,-0.351
1883.196,-0.333
1883.199,-0.196
1883.201,-0.171
1883.204,-0.245
1883.207,-0.246
1883.210,-0.263
1883.212,-0.382
1883.215,-0.307
1883.218,-0.458
1883.221,-0.398
1883.223,-0.302
1883.226,-0.557
1883.229,-0.498
1883.232,-0.453
1883.234,-0.376
1883.237,-0.345
1883.240,-0.372
1883.242,-0.377
1883.245,-0.324
1883.248,-0.333
1883.251,-0.143
1883.253,-0.168
1883.256,-0.258
1883.259,-0.259
1883.262,-0.312
1883.264,-0.344
1883.267,-0.248
1883.270,-0.246
1883.273,-0.289
1883.275,-0.402
1883.278,-0.510
1883.281,-0.585
1883.284,-0.563
1883.286,-0.491
1883.289,-0.517
1883.292,-0.530
1883.295,-0.539
1883.297,-0.314
1883.300,-0.457
1883.303,-0.710
1883.305,-0.706
1883.308,-0.850
1883.311,-0.691
1883.314,-0.689
1883.316,-0.500
1883.319,-0.407
1883.322,-0.525
1883.325,-0.600
1883.327,-0.578
1883.330,-0.550
1883.333,-0.473
1883.336,-0.489
1883.338,-0.433
1883.341,-0.476
1883.344,-0.284
1883.347,-0.218
1883.349,-0.240
1883.352,-0.290
1883.355,-0.429
1883.358,-0.499
1883.360,-0.414
1883.363,-0.544
1883.366,-0.513
1883.369,-0.232
1883.371,-0.202
1883.374,-0.164
1883.377,-0.206
1883.379,-0.322
1883.382,-0.406
1883.385,-0.585
1883.388,-0.629
1883.390,-0.516
1883.393,-0.338
1883.396,-0.329
1883.399,-0.282
1883.401,-0.251
1883.404,-0.299
1883.407,-0.354
1883.410,-0.396
1883.412,-0.315
1883.415,-0.180
1883.418,-0.188
1883.421,-0.157
1883.423,-0.175
1883.426,-0.252
1883.429,-0.158
1883.432,-0.126
1883.434,-0.140
1883.437,-0.253
1883.440,-0.364
1883.443,-0.233
1883.445,-0.167
1883.448,-0.185
1883.451,-0.162
1883.453,0.000
1883.456,0.024
1883.459,0.100
1883.462,0.145
1883.464,0.124
1883.467,-0.030
1883.470,0.016
1883.473,0.006
1883.475,-0.103
1883.478,-0.173
1883.481,-0.050
1883.484,-0.045
1883.486,-0.036
1883.489,0.014
1883.492,0.024
1883.495,-0.099
1883.497,-0.201
1883.500,-0.071
1883.503,-0.182
1883.505,-0.275
1883.508,-0.228
1883.511,-0.359
1883.514,-0.348
1883.516,-0.369
1883.519,-0.226
1883.522,-0.365
1883.525,-0.373
1883.527,-0.411
1883.530,-0.442
1883.533,-0.340
1883.536,-0.448
1883.538,-0.435
1883.541,-0.432
1883.544,-0.472
1883.547,-0.551
1883.549,-0.568
1883.552,-0.364
1883.555,-0.314
1883.557,-0.358
1883.560,-0.313
1883.563,-0.262
1883.566,-0.324
1883.568,-0.380
1883.571,-0.508
1883.574,-0.681
1883.577,-0.580
1883.579,-0.518
1883.582,-0.606
1883.585,-0.630
1883.588,-0.572
1883.590,-0.618
1883.593,-0.622
1883.596,-0.579
1883.599,-0.566
1883.601,-0.649
1883.604,-0.581
1883.607,-0.551
1883.610,-0.580
1883.612,-0.576
1883.615,-0.643
1883.618,-0.690
1883.621,-0.610
1883.623,-0.669
1883.626,-0.641
1883.629,-0.563
1883.631,-0.419
1883.634,-0.562
1883.637,-0.653
1883.640,-0.685
1883.642,-0.762
1883.645,-0.726
1883.648,-0.617
1883.651,-0.636
1883.653,-0.558
1883.656,-0.632
1883.659,-0.544
1883.662,-0.592
1883.664,-0.461
1883.667,-0.486
1883.670,-0.433
1883.673,-0.613
1883.675,-0.876
1883.678,-0.813
1883.681,-0.837
1883.684,-0.847
1883.686,-0.945
1883.689,-0.875
1883.692,-0.807
1883.695,-0.655
1883.697,-0.721
1883.700,-0.805
1883.703,-0.813
1883.705,-0.614
1883.708,-0.622
1883.711,-0.603
1883.714,-0.495
1883.716,-0.577
1883.719,-0.768
1883.722,-0.787
1883.725,-0.714
1883.727,-0.631
1883.730,-0.623
1883.733,-0.583
1883.736,-0.578
1883.738,-0.592
1883.741,-0.620
1883.744,-0.637
1883.747,-0.643
1883.749,-0.542
1883.752,-0.477
1883.755,-0.464
1883.758,-0.474
1883.760,-0.446
1883.763,-0.596
1883.766,-0.573
1883.768,-0.497
1883.771,-0.414
1883.774,-0.491
1883.777,-0.597
1883.779,-0.493
1883.782,-0.342
1883.785,-0.351
1883.788,-0.408
1883.790,-0.466
1883.793,-0.189
1883.796,-0.106
1883.799,-0.129
1883.801,-0.224
1883.804,-0.329
1883.807,-0.486
1883.810,-0.445
1883.812,-0.475
1883.815,-0.481
1883.818,-0.449
1883.821,-0.476
1883.823,-0.439
1883.826,-0.532
1883.829,-0.683
1883.832,-0.802
1883.834,-0.898
1883.837,-0.817
1883.840,-0.813
1883.842,-0.619
1883.845,-0.597
1883.848,-0.517
1883.851,-0.383
1883.853,-0.376
1883.856,-0.500
1883.859,-0.622
1883.862,-0.963
1883.864,-1.180
1883.867,-1.354
1883.870,-1.633
1883.873,-1.701
1883.875,-1.472
1883.878,-1.225
1883.881,-1.072
1883.884,-0.902
1883.886,-0.709
1883.889,-0.649
1883.892,-0.736
1883.895,-0.937
1883.897,-0.808
1883.900,-0.978
1883.903,-1.312
1883.906,-1.352
1883.908,-1.329
1883.911,-1.085
1883.914,-0.748
1883.916,-0.545
1883.919,-0.487
1883.922,-0.539
1883.925,-0.437
1883.927,-0.226
1883.930,-0.418
1883.933,-0.438
1883.936,-0.393
1883.938,-0.301
1883.941,-0.211
1883.944,-0.084
1883.947,-0.087
1883.949,-0.251
1883.952,-0.319
1883.955,-0.519
1883.958,-0.516
1883.960,-0.441
1883.963,-0.493
1883.966,-0.670
1883.969,-0.677
1883.971,-0.576
1883.974,-0.400
1883.977,-0.307
1883.979,-0.359
1883.982,-0.399
1883.985,-0.303
1883.988,-0.323
1883.990,-0.407
1883.993,-0.406
1883.996,-0.470
1883.999,-0.655
1884.001,-0.718
1884.004,-0.694
1884.007,-0.885
1884.010,-1.095
1884.012,-1.110
1884.015,-1.003
1884.018,-0.773
1884.021,-0.601
1884.023,-0.328
1884.026,-0.253
1884.029,-0.182
1884.031,-0.151
1884.034,-0.182
1884.037,-0.283
1884.040,-0.441
1884.042,-0.329
1884.045,-0.141
1884.048,-0.331
1884.051,-0.564
1884.053,-0.520
1884.056,-0.486
1884.059,-0.439
1884.062,-0.424
1884.064,-0.543
1884.067,-0.738
1884.070,-0.562
1884.072,-0.271
1884.075,-0.147
1884.078,-0.002
1884.081,0.150
1884.083,0.196
1884.086,-0.119
1884.089,-0.303
1884.092,-0.226
1884.094,-0.149
1884.097,-0.125
1884.100,-0.107
1884.102,-0.402
1884.105,-0.436
1884.108,-0.451
1884.111,-0.604
1884.113,-0.521
1884.116,-0.417
1884.119,-0.633
1884.122,-0.893
1884.124,-1.106
1884.127,-0.849
1884.130,-0.675
1884.133,-0.672
1884.135,-0.789
1884.138,-0.999
1884.141,-0.871
1884.143,-0.749
1884.146,-0.823
1884.149,-0.848
1884.152,-0.619
1884.154,-0.742
1884.157,-0.805
1884.160,-0.876
1884.163,-0.864
1884.165,-0.932
1884.168,-1.103
1884.171,-1.248
1884.173,-1.251
1884.176,-1.241
1884.179,-1.369
1884.182,-1.317
1884.184,-1.495
1884.187,-1.589
1884.190,-1.307
1884.193,-1.136
1884.195,-1.219
1884.198,-1.342
1884.201,-1.225
1884.203,-1.272
1884.206,-1.126
1884.209,-1.155
1884.212,-1.241
1884.214,-1.166
1884.217,-1.179
1884.220,-1.199
1884.223,-1.099
1884.225,-0.956
1884.228,-0.946
1884.231,-1.126
1884.234,-1.037
1884.236,-1.033
1884.239,-0.897
1884.242,-0.995
1884.245,-1.097
1884.247,-0.884
1884.250,-0.815
1884.253,-0.762
1884.255,-1.005
1884.258,-0.997
1884.261,-0.973
1884.264,-1.008
1884.266,-1.039
1884.269,-1.091
1884.272,-1.122
1884.275,-1.183
1884.277,-1.090
1884.280,-0.914
1884.283,-0.861
1884.286,-1.007
1884.288,-1.163
1884.291,-1.136
1884.294,-1.201
1884.297,-1.287
1884.299,-1.160
1884.302,-1.363
1884.305,-1.434
1884.307,-1.228
1884.310,-1.073
1884.313,-0.884
1884.316,-1.074
1884.318,-1.241
1884.321,-1.171
1884.324,-1.110
1884.327,-1.264
1884.329,-1.333
1884.332,-1.249
1884.335,-1.086
1884.337,-1.017
1884.340,-1.059
1884.343,-1.011
1884.346,-0.898
1884.348,-0.860
1884.351,-0.918
1884.354,-0.862
1884.357,-0.822
1884.359,-0.980
1884.362,-1.141
1884.365,-1.268
1884.367,-1.286
1884.370,-1.239
1884.373,-1.184
1884.376,-1.043
1884.378,-1.058
1884.381,-1.190
1884.384,-1.225
1884.387,-1.131
1884.389,-1.039
1884.392,-0.986
1884.395,-1.003
1884.398,-1.138
1884.400,-1.199
1884.403,-1.320
1884.406,-1.344
1884.408,-1.176
1884.411,-1.031
1884.414,-0.908
1884.417,-0.889
1884.419,-0.824
1884.422,-0.823
1884.425,-0.846
1884.428,-0.946
1884.430,-0.910
1884.433,-0.894
1884.436,-0.814
1884.438,-0.966
1884.441,-0.886
1884.444,-1.019
1884.447,-1.004
1884.449,-0.983
1884.452,-0.942
1884.455,-0.992
1884.458,-0.857
1884.460,-0.706
1884.463,-0.623
1884.466,-0.595
1884.469,-0.603
1884.471,-0.654
1884.474,-0.644
1884.477,-0.636
1884.479,-0.655
1884.482,-0.696
1884.485,-0.779
1884.488,-0.789
1884.490,-0.839
1884.493,-0.726
1884.496,-0.657
1884.499,-0.704
1884.501,-0.698
1884.504,-0.739
1884.507,-0.683
1884.510,-0.715
1884.512,-0.693
1884.515,-0.675
1884.518,-0.700
1884.521,-0.697
1884.523,-0.657
1884.526,-0.651
1884.529,-0.570
1884.531,-0.634
1884.534,-0.645
1884.537,-0.702
1884.540,-0.626
1884.542,-0.589
1884.545,-0.581
1884.548,-0.656
1884.551,-0.665
1884.553,-0.645
1884.556,-0.607
1884.559,-0.573
1884.562,-0.627
1884.564,-0.641
1884.567,-0.637
1884.570,-0.572
1884.572,-0.618
1884.575,-0.590
1884.578,-0.603
1884.581,-0.632
1884.583,-0.690
1884.586,-0.530
1884.589,-0.316
1884.592,-0.257
1884.594,-0.253
1884.597,-0.354
1884.600,-0.428
1884.602,-0.399
1884.605,-0.399
1884.608,-0.452
1884.611,-0.397
1884.613,-0.423
1884.616,-0.455
1884.619,-0.517
1884.622,-0.548
1884.624,-0.620
1884.627,-0.631
1884.630,-0.587
1884.633,-0.719
1884.635,-0.607
1884.638,-0.661
1884.641,-0.767
1884.643,-0.653
1884.646,-0.533
1884.649,-0.584
1884.652,-0.570
1884.654,-0.644
1884.657,-0.625
1884.660,-0.575
1884.663,-0.461
1884.665,-0.462
1884.668,-0.519
1884.671,-0.627
1884.673,-0.752
1884.676,-0.789
1884.679,-0.917
1884.682,-0.725
1884.684,-0.612
1884.687,-0.540
1884.690,-0.592
1884.693,-0.702
1884.695,-0.871
1884.698,-0.926
1884.701,-0.929
1884.703,-1.044
1884.706,-0.933
1884.709,-0.948
1884.712,-0.865
1884.714,-0.810
1884.717,-0.980
1884.720,-0.971
1884.723,-0.742
1884.725,-0.672
1884.728,-0.619
1884.731,-0.677
1884.734,-0.893
1884.736,-0.963
1884.739,-0.898
1884.742,-0.738
1884.745,-0.639
1884.747,-0.590
1884.750,-0.685
1884.753,-0.761
1884.755,-0.662
1884.758,-0.490
1884.761,-0.568
1884.764,-0.604
1884.766,-0.718
1884.769,-0.683
1884.772,-0.763
1884.775,-0.712
1884.777,-0.641
1884.780,-0.563
1884.783,-0.571
1884.786,-0.596
1884.788,-0.540
1884.791,-0.519
1884.794,-0.415
1884.797,-0.432
1884.799,-0.547
1884.802,-0.734
1884.805,-0.755
1884.807,-0.881
1884.810,-1.039
1884.813,-1.136
1884.816,-1.092
1884.818,-0.990
1884.821,-0.940
1884.824,-0.923
1884.827,-0.950
1884.829,-0.913
1884.832,-0.885
1884.835,-0.828
1884.837,-0.861
1884.840,-0.806
1884.843,-0.753
1884.846,-0.725
1884.848,-0.659
1884.851,-0.699
1884.854,-0.700
1884.857,-0.572
1884.859,-0.531
1884.862,-0.436
1884.865,-0.514
1884.867,-0.592
1884.870,-0.629
1884.873,-0.598
1884.876,-0.930
1884.878,-1.047
1884.881,-1.062
1884.884,-1.200
1884.887,-1.253
1884.889,-1.227
1884.892,-1.398
1884.895,-1.439
1884.898,-1.461
1884.900,-1.165
1884.903,-0.959
1884.906,-0.840
1884.908,-0.773
1884.911,-0.670
1884.914,-0.727
1884.917,-0.630
1884.919,-0.538
1884.922,-0.321
1884.925,-0.299
1884.928,-0.245
1884.930,-0.245
1884.933,-0.214
1884.936,-0.097
1884.938,0.043
1884.941,-0.211
1884.944,-0.313
1884.947,-0.408
1884.949,-0.592
1884.952,-0.686
1884.955,-0.873
1884.958,-0.904
1884.960,-1.155
1884.963,-1.447
1884.966,-1.375
1884.969,-1.059
1884.971,-0.921
1884.974,-1.015
1884.977,-1.083
1884.979,-1.220
1884.982,-1.228
1884.985,-1.055
1884.988,-0.689
1884.990,-0.610
1884.993,-0.616
1884.996,-0.603
1884.999,-0.894
1885.001,-1.462
1885.004,-1.470
1885.007,-1.152
1885.010,-0.812
1885.012,-0.586
1885.015,-0.601
1885.018,-0.742
1885.021,-0.691
1885.023,-0.947
1885.026,-0.958
1885.029,-0.962
1885.031,-1.335
1885.034,-1.629
1885.037,-1.636
1885.040,-1.766
1885.042,-1.790
1885.045,-1.831
1885.048,-1.856
1885.051,-1.984
1885.053,-2.035
1885.056,-1.975
1885.059,-1.759
1885.062,-1.557
1885.064,-1.540
1885.067,-1.545
1885.070,-1.665
1885.073,-1.538
1885.075,-1.370
1885.078,-1.204
1885.081,-1.024
1885.084,-0.853
1885.086,-0.658
1885.089,-0.475
1885.092,-0.330
1885.094,-0.276
1885.097,-0.432
1885.100,-0.709
1885.103,-0.913
1885.105,-0.996
1885.108,-1.261
1885.111,-1.348
1885.114,-1.482
1885.116,-1.349
1885.119,-1.443
1885.122,-1.347
1885.125,-1.338
1885.127,-1.240
1885.130,-1.183
1885.133,-1.112
1885.136,-1.322
1885.138,-1.016
1885.141,-0.904
1885.144,-0.858
1885.147,-0.733
1885.149,-0.522
1885.152,-0.400
1885.155,-0.155
1885.158,-0.091
1885.160,-0.193
1885.163,-0.392
1885.166,-0.450
1885.168,-0.401
1885.171,-0.497
1885.174,-0.512
1885.177,-0.507
1885.179,-0.461
1885.182,-0.586
1885.185,-0.734
1885.188,-0.708
1885.190,-0.638
1885.193,-0.707
1885.196,-0.732
1885.199,-0.708
1885.201,-0.556
1885.204,-0.650
1885.207,-0.531
1885.210,-0.490
1885.212,-0.586
1885.215,-0.666
1885.218,-0.764
1885.221,-0.814
1885.223,-0.877
1885.226,-0.825
1885.229,-0.620
1885.232,-0.545
1885.234,-0.554
1885.237,-0.645
1885.240,-0.785
1885.242,-0.659
1885.245,-0.539
1885.248,-0.403
1885.251,-0.430
1885.253,-0.510
1885.256,-0.554
1885.259,-0.345
1885.262,-0.410
1885.264,-0.541
1885.267,-0.502
1885.270,-0.506
1885.273,-0.471
1885.275,-0.566
1885.278,-0.590
1885.281,-0.633
1885.284,-0.764
1885.286,-0.822
1885.289,-0.843
1885.292,-0.886
1885.295,-0.813
1885.297,-0.908
1885.300,-0.764
1885.303,-0.607
1885.305,-0.787
1885.308,-0.732
1885.311,-0.737
1885.314,-0.852
1885.316,-0.877
1885.319,-0.827
1885.322,-0.796
1885.325,-0.869
1885.327,-0.832
1885.330,-0.790
1885.333,-0.921
1885.336,-0.813
1885.338,-0.828
1885.341,-0.860
1885.344,-0.794
1885.347,-0.893
1885.349,-0.978
1885.352,-0.928
1885.355,-0.867
1885.358,-0.793
1885.360,-0.687
1885.363,-0.625
1885.366,-0.643
1885.369,-0.721
1885.371,-0.636
1885.374,-0.559
1885.377,-0.495
1885.379,-0.743
1885.382,-0.796
1885.385,-0.528
1885.388,-0.337
1885.390,-0.412
1885.393,-0.464
1885.396,-0.593
1885.399,-0.575
1885.401,-0.499
1885.404,-0.458
1885.407,-0.429
1885.410,-0.469
1885.412,-0.568
1885.415,-0.568
1885.418,-0.611
1885.421,-0.645
1885.423,-0.617
1885.426,-0.738
1885.429,-0.764
1885.432,-0.788
1885.434,-0.809
1885.437,-0.807
1885.440,-0.724
1885.443,-0.800
1885.445,-0.705
1885.448,-0.713
1885.451,-0.684
1885.453,-0.765
1885.456,-0.681
1885.459,-0.703
1885.462,-0.536
1885.464,-0.676
1885.467,-0.611
1885.470,-0.602
1885.473,-0.608
1885.475,-0.644
1885.478,-0.550
1885.481,-0.349
1885.484,-0.243
1885.486,-0.370
1885.489,-0.423
1885.492,-0.373
1885.495,-0.441
1885.497,-0.546
1885.500,-0.479
1885.503,-0.457
1885.505,-0.334
1885.508,-0.270
1885.511,-0.367
1885.514,-0.361
1885.516,-0.257
1885.519,-0.194
1885.522,-0.105
1885.525,-0.279
1885.527,-0.230
1885.530,-0.092
1885.533,-0.025
1885.536,-0.075
1885.538,-0.105
1885.541,-0.187
1885.544,-0.143
1885.547,-0.202
1885.549,-0.141
1885.552,-0.287
1885.555,-0.311
1885.557,-0.334
1885.560,-0.307
1885.563,-0.227
1885.566,-0.227
1885.568,-0.176
1885.571,-0.185
1885.574,-0.233
1885.577,-0.350
1885.579,-0.305
1885.582,-0.287
1885.585,-0.351
1885.588,-0.275
1885.590,-0.253
1885.593,-0.431
1885.596,-0.367
1885.599,-0.362
1885.601,-0.341
1885.604,-0.402
1885.607,-0.363
1885.610,-0.305
1885.612,-0.359
1885.615,-0.356
1885.618,-0.389
1885.621,-0.416
1885.623,-0.428
1885.626,-0.451
1885.629,-0.330
1885.631,-0.371
1885.634,-0.298
1885.637,-0.524
1885.640,-0.552
1885.642,-0.622
1885.645,-0.756
1885.648,-0.772
1885.651,-0.785
1885.653,-0.831
1885.656,-0.724
1885.659,-0.681
1885.662,-0.789
1885.664,-0.917
1885.667,-0.928
1885.670,-1.060
1885.673,-0.963
1885.675,-0.966
1885.678,-0.933
1885.681,-0.899
1885.684,-0.799
1885.686,-0.726
1885.689,-0.714
1885.692,-0.716
1885.695,-0.676
1885.697,-0.617
1885.700,-0.564
1885.703,-0.580
1885.705,-0.627
1885.708,-0.608
1885.711,-0.546
1885.714,-0.342
1885.716,-0.356
1885.719,-0.391
1885.722,-0.325
1885.725,-0.441
1885.727,-0.583
1885.730,-0.607
1885.733,-0.531
1885.736,-0.436
1885.738,-0.449
1885.741,-0.502
1885.744,-0.481
1885.747,-0.462
1885.749,-0.496
1885.752,-0.545
1885.755,-0.689
1885.758,-0.728
1885.760,-0.619
1885.763,-0.557
1885.766,-0.533
1885.768,-0.566
1885.771,-0.497
1885.774,-0.469
1885.777,-0.597
1885.779,-0.789
1885.782,-0.766
1885.785,-0.615
1885.788,-0.400
1885.790,-0.346
1885.793,-0.368
1885.796,-0.361
1885.799,-0.414
1885.801,-0.464
1885.804,-0.515
1885.807,-0.477
1885.810,-0.567
1885.812,-0.708
1885.815,-0.692
1885.818,-0.552
1885.821,-0.465
1885.823,-0.462
1885.826,-0.380
1885.829,-0.449
1885.832,-0.656
1885.834,-0.694
1885.837,-0.629
1885.840,-0.638
1885.842,-0.639
1885.845,-0.706
1885.848,-0.825
1885.851,-1.041
1885.853,-0.978
1885.856,-0.872
1885.859,-0.850
1885.862,-1.148
1885.864,-1.261
1885.867,-1.326
1885.870,-1.078
1885.873,-0.741
1885.875,-0.520
1885.878,-0.343
1885.881,-0.306
1885.884,-0.529
1885.886,-0.500
1885.889,-0.551
1885.892,-0.610
1885.895,-0.637
1885.897,-0.447
1885.900,-0.291
1885.903,-0.362
1885.906,-0.356
1885.908,-0.449
1885.911,-0.364
1885.914,0.046
1885.916,0.129
1885.919,-0.009
1885.922,0.206
1885.925,0.137
1885.927,-0.219
1885.930,-0.070
1885.933,-0.044
1885.936,-0.018
1885.938,-0.195
1885.941,-0.379
1885.944,-0.586
1885.947,-0.660
1885.949,-0.358
1885.952,-0.020
1885.955,0.079
1885.958,0.143
1885.960,0.294
1885.963,0.256
1885.966,0.011
1885.969,-0.142
1885.971,0.063
1885.974,0.218
1885.977,0.251
1885.979,-0.009
1885.982,-0.195
1885.985,-0.486
1885.988,-0.314
1885.990,-0.362
1885.993,-0.503
1885.996,-0.558
1885.999,-0.691
1886.001,-0.640
1886.004,-0.554
1886.007,-0.670
1886.010,-0.752
1886.012,-0.831
1886.015,-1.150
1886.018,-1.450
1886.021,-1.586
1886.023,-1.585
1886.026,-1.326
1886.029,-1.276
1886.031,-1.170
1886.034,-1.117
1886.037,-0.964
1886.040,-0.793
1886.042,-0.834
1886.045,-0.974
1886.048,-1.079
1886.051,-1.283
1886.053,-1.292
1886.056,-1.382
1886.059,-1.427
1886.062,-1.386
1886.064,-1.349
1886.067,-1.188
1886.070,-0.946
1886.073,-1.198
1886.075,-1.371
1886.078,-1.575
1886.081,-1.546
1886.084,-1.604
1886.086,-1.783
1886.089,-1.915
1886.092,-1.965
1886.094,-1.850
1886.097,-1.500
1886.100,-1.032
1886.103,-1.035
1886.105,-1.230
1886.108,-1.106
1886.111,-0.985
1886.114,-0.911
1886.116,-0.721
1886.119,-0.867
1886.122,-1.200
1886.125,-1.398
1886.127,-1.392
1886.130,-1.155
1886.133,-1.153
1886.136,-1.129
1886.138,-1.042
1886.141,-1.118
1886.144,-1.216
1886.147,-1.388
1886.149,-1.591
1886.152,-1.554
1886.155,-1.525
1886.158,-1.536
1886.160,-1.593
1886.163,-1.680
1886.166,-1.450
1886.168,-1.286
1886.171,-1.112
1886.174,-1.055
1886.177,-0.847
1886.179,-0.942
1886.182,-1.101
1886.185,-1.419
1886.188,-1.373
1886.190,-1.190
1886.193,-1.173
1886.196,-1.350
1886.199,-1.337
1886.201,-1.423
1886.204,-1.492
1886.207,-1.171
1886.210,-1.003
1886.212,-0.886
1886.215,-0.852
1886.218,-0.604
1886.221,-0.610
1886.223,-0.689
1886.226,-0.677
1886.229,-0.869
1886.232,-0.790
1886.234,-0.818
1886.237,-0.765
1886.240,-0.593
1886.242,-0.469
1886.245,-0.372
1886.248,-0.285
1886.251,-0.308
1886.253,-0.346
1886.256,-0.485
1886.259,-0.517
1886.262,-0.404
1886.264,-0.402
1886.267,-0.274
1886.270,-0.115
1886.273,0.000
1886.275,0.012
1886.278,-0.014
1886.281,-0.099
1886.284,-0.214
1886.286,-0.286
1886.289,-0.305
1886.292,-0.335
1886.295,-0.367
1886.297,-0.411
1886.300,-0.255
1886.303,-0.227
1886.305,-0.110
1886.308,-0.274
1886.311,-0.424
1886.314,-0.566
1886.316,-0.687
1886.319,-0.741
1886.322,-0.735
1886.325,-0.711
1886.327,-0.644
1886.330,-0.598
1886.333,-0.756
1886.336,-0.749
1886.338,-0.637
1886.341,-0.667
1886.344,-0.618
1886.347,-0.631
1886.349,-0.630
1886.352,-0.456
1886.355,-0.497
1886.358,-0.553
1886.360,-0.543
1886.363,-0.659
1886.366,-0.610
1886.369,-0.612
1886.371,-0.653
1886.374,-0.474
1886.377,-0.305
1886.379,-0.231
1886.382,-0.233
1886.385,-0.299
1886.388,-0.152
1886.390,-0.239
1886.393,-0.239
1886.396,-0.438
1886.399,-0.463
1886.401,-0.352
1886.404,-0.333
1886.407,-0.321
1886.410,-0.241
1886.412,-0.282
1886.415,-0.217
1886.418,-0.227
1886.421,-0.400
1886.423,-0.424
1886.426,-0.319
1886.429,-0.381
1886.432,-0.544
1886.434,-0.602
1886.437,-0.462
1886.440,-0.345
1886.443,-0.543
1886.445,-0.610
1886.448,-0.377
1886.451,-0.296
1886.453,-0.443
1886.456,-0.376
1886.459,-0.417
1886.462,-0.600
1886.464,-0.576
1886.467,-0.404
1886.470,-0.350
1886.473,-0.306
1886.475,-0.318
1886.478,-0.390
1886.481,-0.442
1886.484,-0.490
1886.486,-0.472
1886.489,-0.357
1886.492,-0.406
1886.495,-0.402
1886.497,-0.544
1886.500,-0.550
1886.503,-0.382
1886.505,-0.310
1886.508,-0.102
1886.511,-0.007
1886.514,-0.076
1886.516,-0.096
1886.519,-0.043
1886.522,-0.158
1886.525,-0.181
1886.527,-0.234
1886.530,-0.200
1886.533,-0.053
1886.536,-0.081
1886.538,0.021
1886.541,-0.075
1886.544,-0.058
1886.547,-0.019
1886.549,-0.006
1886.552,0.036
1886.555,-0.001
1886.557,-0.105
1886.560,-0.060
1886.563,-0.007
1886.566,-0.054
1886.568,-0.127
1886.571,-0.167
1886.574,-0.134
1886.577,-0.221
1886.579,-0.354
1886.582,-0.413
1886.585,-0.438
1886.588,-0.477
1886.590,-0.493
1886.593,-0.540
1886.596,-0.516
1886.599,-0.541
1886.601,-0.351
1886.604,-0.237
1886.607,-0.251
1886.610,-0.255
1886.612,-0.375
1886.615,-0.480
1886.618,-0.424
1886.621,-0.443
1886.623,-0.555
1886.626,-0.570
1886.629,-0.602
1886.631,-0.609
1886.634,-0.633
1886.637,-0.513
1886.640,-0.437
1886.642,-0.555
1886.645,-0.463
1886.648,-0.411
1886.651,-0.478
1886.653,-0.450
1886.656,-0.380
1886.659,-0.490
1886.662,-0.622
1886.664,-0.640
1886.667,-0.719
1886.670,-0.657
1886.673,-0.458
1886.675,-0.533
1886.678,-0.480
1886.681,-0.505
1886.684,-0.358
1886.686,-0.276
1886.689,-0.414
1886.692,-0.423
1886.695,-0.403
1886.697,-0.442
1886.700,-0.419
1886.703,-0.406
1886.705,-0.520
1886.708,-0.644
1886.711,-0.617
1886.714,-0.520
1886.716,-0.477
1886.719,-0.510
1886.722,-0.696
1886.725,-0.608
1886.727,-0.587
1886.730,-0.573
1886.733,-0.608
1886.736,-0.768
1886.738,-0.831
1886.741,-0.820
1886.744,-0.739
1886.747,-0.746
1886.749,-0.764
1886.752,-0.758
1886.755,-0.727
1886.758,-0.687
1886.760,-0.681
1886.763,-0.633
1886.766,-0.627
1886.768,-0.653
1886.771,-0.538
1886.774,-0.606
1886.777,-0.576
1886.779,-0.572
1886.782,-0.678
1886.785,-0.771
1886.788,-0.831
1886.790,-0.831
1886.793,-0.664
1886.796,-0.501
1886.799,-0.499
1886.801,-0.582
1886.804,-0.634
1886.807,-0.667
1886.810,-0.738
1886.812,-0.713
1886.815,-0.708
1886.818,-0.743
1886.821,-0.772
1886.823,-0.737
1886.826,-0.695
1886.829,-0.601
1886.832,-0.582
1886.834,-0.474
1886.837,-0.433
1886.840,-0.711
1886.842,-0.802
1886.845,-0.969
1886.848,-1.082
1886.851,-1.015
1886.853,-0.976
1886.856,-0.909
1886.859,-0.620
1886.862,-0.477
1886.864,-0.454
1886.867,-0.615
1886.870,-0.827
1886.873,-0.917
1886.875,-0.978
1886.878,-1.033
1886.881,-0.943
1886.884,-0.783
1886.886,-0.843
1886.889,-0.825
1886.892,-0.771
1886.895,-0.594
1886.897,-0.683
1886.900,-0.905
1886.903,-0.967
1886.906,-0.708
1886.908,-0.525
1886.911,-0.426
1886.914,-0.576
1886.916,-0.751
1886.919,-0.659
1886.922,-0.705
1886.925,-0.654
1886.927,-0.520
1886.930,-0.349
1886.933,-0.142
1886.936,0.073
1886.938,0.133
1886.941,0.205
1886.944,0.252
1886.947,0.254
1886.949,0.278
1886.952,0.171
1886.955,-0.052
1886.958,-0.067
1886.960,0.201
1886.963,0.320
1886.966,0.284
1886.969,0.045
1886.971,-0.235
1886.974,-0.574
1886.977,-0.807
1886.979,-0.669
1886.982,-0.807
1886.985,-0.862
1886.988,-0.899
1886.990,-0.977
1886.993,-1.163
1886.996,-1.419
1886.999,-1.412
1887.001,-1.681
1887.004,-1.735
1887.007,-1.677
1887.010,-1.568
1887.012,-1.470
1887.015,-1.620
1887.018,-1.454
1887.021,-1.611
1887.023,-1.671
1887.026,-1.568
1887.029,-1.449
1887.031,-1.331
1887.034,-1.427
1887.037,-1.490
1887.040,-1.549
1887.042,-1.686
1887.045,-1.788
1887.048,-2.061
1887.051,-1.813
1887.053,-1.682
1887.056,-1.529
1887.059,-1.375
1887.062,-1.209
1887.064,-1.122
1887.067,-1.269
1887.070,-1.345
1887.073,-1.303
1887.075,-1.103
1887.078,-1.311
1887.081,-1.204
1887.084,-1.349
1887.086,-1.479
1887.089,-1.659
1887.092,-1.794
1887.094,-1.698
1887.097,-1.540
1887.100,-1.323
1887.103,-1.255
1887.105,-1.204
1887.108,-1.176
1887.111,-1.095
1887.114,-1.350
1887.116,-1.344
1887.119,-1.112
1887.122,-0.943
1887.125,-0.697
1887.127,-0.598
1887.130,-0.599
1887.133,-0.891
1887.136,-0.681
1887.138,-0.949
1887.141,-1.143
1887.144,-1.205
1887.147,-1.106
1887.149,-1.246
1887.152,-1.063
1887.155,-1.096
1887.158,-1.100
1887.160,-0.794
1887.163,-0.712
1887.166,-0.760
1887.168,-0.951
1887.171,-1.059
1887.174,-0.818
1887.177,-0.641
1887.179,-0.510
1887.182,-0.451
1887.185,-0.278
1887.188,-0.310
1887.190,-0.419
1887.193,-0.533
1887.196,-0.599
1887.199,-0.630
1887.201,-0.762
1887.204,-0.669
1887.207,-0.422
1887.210,-0.422
1887.212,-0.761
1887.215,-0.823
1887.218,-0.731
1887.221,-0.690
1887.223,-0.739
1887.226,-0.689
1887.229,-0.803
1887.232,-0.892
1887.234,-0.895
1887.237,-0.710
1887.240,-0.672
1887.242,-0.796
1887.245,-0.707
1887.248,-0.596
1887.251,-0.374
1887.253,-0.564
1887.256,-0.647
1887.259,-0.534
1887.262,-0.253
1887.264,-0.129
1887.267,-0.077
1887.270,-0.090
1887.273,-0.247
1887.275,-0.459
1887.278,-0.358
1887.281,-0.295
1887.284,-0.374
1887.286,-0.501
1887.289,-0.478
1887.292,-0.762
1887.295,-1.033
1887.297,-0.930
1887.300,-0.826
1887.303,-0.707
1887.305,-0.646
1887.308,-0.706
1887.311,-0.574
1887.314,-0.541
1887.316,-0.402
1887.319,-0.135
1887.322,-0.148
1887.325,-0.197
1887.327,-0.277
1887.330,-0.304
1887.333,-0.399
1887.336,-0.203
1887.338,-0.282
1887.341,-0.099
1887.344,-0.182
1887.347,-0.223
1887.349,-0.210
1887.352,-0.301
1887.355,-0.087
1887.358,-0.307
1887.360,-0.439
1887.363,-0.660
1887.366,-0.591
1887.369,-0.518
1887.371,-0.304
1887.374,-0.390
1887.377,-0.448
1887.379,-0.405
1887.382,-0.429
1887.385,-0.605
1887.388,-0.485
1887.390,-0.460
1887.393,-0.439
1887.396,-0.389
1887.399,-0.322
1887.401,-0.397
1887.404,-0.302
1887.407,-0.290
1887.410,-0.386
1887.412,-0.449
1887.415,-0.742
1887.418,-0.603
1887.421,-0.758
1887.423,-0.739
1887.426,-0.660
1887.429,-0.625
1887.432,-0.564
1887.434,-0.356
1887.437,-0.191
1887.440,-0.334
1887.443,-0.505
1887.445,-0.608
1887.448,-0.530
1887.451,-0.479
1887.453,-0.403
1887.456,-0.391
1887.459,-0.413
1887.462,-0.448
1887.464,-0.317
1887.467,-0.355
1887.470,-0.375
1887.473,-0.516
1887.475,-0.628
1887.478,-0.753
1887.481,-0.793
1887.484,-0.830
1887.486,-0.795
1887.489,-0.722
1887.492,-0.517
1887.495,-0.322
1887.497,-0.265
1887.500,-0.040
1887.503,-0.047
1887.505,-0.103
1887.508,-0.213
1887.511,-0.210
1887.514,-0.260
1887.516,-0.308
1887.519,-0.374
1887.522,-0.416
1887.525,-0.394
1887.527,-0.321
1887.530,-0.233
1887.533,-0.261
1887.536,-0.230
1887.538,-0.183
1887.541,-0.143
1887.544,-0.106
1887.547,-0.009
1887.549,-0.079
1887.552,-0.178
1887.555,-0.201
1887.557,-0.396
1887.560,-0.457
1887.563,-0.394
1887.566,-0.315
1887.568,-0.306
1887.571,-0.363
1887.574,-0.209
1887.577,-0.075
1887.579,-0.219
1887.582,-0.343
1887.585,-0.408
1887.588,-0.436
1887.590,-0.531
1887.593,-0.754
1887.596,-0.772
1887.599,-0.877
1887.601,-0.868
1887.604,-0.648
1887.607,-0.698
1887.610,-0.878
1887.612,-0.897
1887.615,-0.921
1887.618,-0.755
1887.621,-0.559
1887.623,-0.658
1887.626,-0.700
1887.629,-0.653
1887.631,-0.778
1887.634,-0.787
1887.637,-0.776
1887.640,-0.802
1887.642,-0.895
1887.645,-0.818
1887.648,-0.708
1887.651,-0.701
1887.653,-0.587
1887.656,-0.662
1887.659,-0.609
1887.662,-0.528
1887.664,-0.456
1887.667,-0.308
1887.670,-0.238
1887.673,-0.350
1887.675,-0.182
1887.678,-0.066
1887.681,-0.216
1887.684,-0.186
1887.686,-0.324
1887.689,-0.431
1887.692,-0.347
1887.695,-0.446
1887.697,-0.448
1887.700,-0.560
1887.703,-0.591
1887.705,-0.496
1887.708,-0.369
1887.711,-0.454
1887.714,-0.300
1887.716,-0.199
1887.719,-0.309
1887.722,-0.385
1887.725,-0.488
1887.727,-0.567
1887.730,-0.442
1887.733,-0.489
1887.736,-0.643
1887.738,-0.581
1887.741,-0.405
1887.744,-0.278
1887.747,-0.257
1887.749,-0.261
1887.752,-0.259
1887.755,-0.252
1887.758,-0.338
1887.760,-0.520
1887.763,-0.556
1887.766,-0.356
1887.768,-0.448
1887.771,-0.367
1887.774,-0.353
1887.777,-0.505
1887.779,-0.575
1887.782,-0.535
1887.785,-0.813
1887.788,-0.780
1887.790,-0.365
1887.793,-0.439
1887.796,-0.426
1887.799,-0.529
1887.801,-0.756
1887.804,-0.654
1887.807,-0.943
1887.810,-1.208
1887.812,-1.144
1887.815,-1.014
1887.818,-0.958
1887.821,-0.871
1887.823,-0.687
1887.826,-0.438
1887.829,-0.264
1887.832,-0.226
1887.834,-0.142
1887.837,-0.127
1887.840,-0.109
1887.842,0.012
1887.845,0.055
1887.848,-0.365
1887.851,-0.647
1887.853,-0.778
1887.856,-0.761
1887.859,-0.460
1887.862,-0.454
1887.864,-0.421
1887.867,-0.404
1887.870,-0.604
1887.873,-0.545
1887.875,-0.571
1887.878,-0.579
1887.881,-0.609
1887.884,-0.528
1887.886,-0.499
1887.889,-0.450
1887.892,-0.414
1887.895,-0.401
1887.897,-0.532
1887.900,-0.740
1887.903,-0.629
1887.906,-0.884
1887.908,-1.291
1887.911,-0.998
1887.914,-1.041
1887.916,-0.969
1887.919,-0.694
1887.922,-0.488
1887.925,-0.667
1887.927,-0.907
1887.930,-0.684
1887.933,-0.511
1887.936,-0.527
1887.938,-0.866
1887.941,-0.471
1887.944,-0.407
1887.947,-0.645
1887.949,-0.520
1887.952,-0.355
1887.955,-0.313
1887.958,-0.213
1887.960,-0.102
1887.963,-0.270
1887.966,-0.463
1887.969,-0.960
1887.971,-1.154
1887.974,-0.934
1887.977,-1.095
1887.979,-1.142
1887.982,-1.325
1887.985,-1.441
1887.988,-1.416
1887.990,-1.384
1887.993,-1.359
1887.996,-1.150
1887.999,-1.153
1888.001,-1.118
1888.004,-0.821
1888.007,-0.566
1888.010,-0.545
1888.012,-0.783
1888.015,-0.839
1888.018,-0.647
1888.021,-0.827
1888.023,-0.625
1888.026,-0.743
1888.029,-0.942
1888.031,-1.000
1888.034,-1.310
1888.037,-1.133
1888.040,-1.215
1888.042,-1.263
1888.045,-1.193
1888.048,-1.154
1888.051,-0.995
1888.053,-1.096
1888.056,-0.962
1888.059,-1.074
1888.062,-1.165
1888.064,-1.000
1888.067,-0.757
1888.070,-0.433
1888.072,-0.641
1888.075,-0.769
1888.078,-0.560
1888.081,-0.449
1888.083,-0.353
1888.086,-0.403
1888.089,-0.480
1888.092,-0.363
1888.094,-0.453
1888.097,-0.612
1888.100,-0.928
1888.102,-1.074
1888.105,-1.132
1888.108,-1.556
1888.111,-1.703
1888.113,-1.523
1888.116,-1.131
1888.119,-1.019
1888.122,-1.079
1888.124,-1.061
1888.127,-0.881
1888.130,-0.782
1888.133,-0.891
1888.135,-1.039
1888.138,-1.070
1888.141,-0.975
1888.143,-0.855
1888.146,-0.953
1888.149,-0.900
1888.152,-0.979
1888.154,-0.897
1888.157,-1.091
1888.160,-1.010
1888.163,-1.350
1888.165,-1.202
1888.168,-1.234
1888.171,-1.346
1888.173,-1.477
1888.176,-1.281
1888.179,-1.173
1888.182,-1.049
1888.184,-0.929
1888.187,-1.080
1888.190,-1.040
1888.193,-1.477
1888.195,-1.424
1888.198,-1.289
1888.201,-0.753
1888.203,-0.576
1888.206,-0.477
1888.209,-0.684
1888.212,-0.811
1888.214,-0.785
1888.217,-0.932
1888.220,-1.214
1888.223,-1.297
1888.225,-1.037
1888.228,-0.909
1888.231,-0.713
1888.234,-0.550
1888.236,-0.547
1888.239,-0.276
1888.242,-0.282
1888.245,-0.479
1888.247,-0.142
1888.250,0.007
1888.253,-0.060
1888.255,-0.294
1888.258,-0.335
1888.261,-0.267
1888.264,-0.204
1888.266,-0.323
1888.269,-0.162
1888.272,-0.127
1888.275,-0.224
1888.277,-0.439
1888.280,-0.250
1888.283,-0.277
1888.286,-0.333
1888.288,-0.364
1888.291,-0.585
1888.294,-0.737
1888.297,-0.651
1888.299,-0.462
1888.302,-0.416
1888.305,-0.408
1888.307,-0.462
1888.310,-0.479
1888.313,-0.744
1888.316,-0.624
1888.318,-0.781
1888.321,-0.917
1888.324,-0.741
1888.327,-0.721
1888.329,-0.533
1888.332,-0.268
1888.335,-0.288
1888.337,-0.172
1888.340,-0.132
1888.343,-0.503
1888.346,-0.514
1888.348,-0.515
1888.351,-0.543
1888.354,-0.286
1888.357,-0.483
1888.359,-0.522
1888.362,-0.405
1888.365,-0.607
1888.367,-0.661
1888.370,-0.759
1888.373,-0.868
1888.376,-0.762
1888.378,-0.748
1888.381,-0.684
1888.384,-0.695
1888.387,-0.704
1888.389,-0.756
1888.392,-0.743
1888.395,-0.594
1888.398,-0.717
1888.400,-0.668
1888.403,-0.805
1888.406,-0.806
1888.408,-0.814
1888.411,-0.729
1888.414,-0.745
1888.417,-0.625
1888.419,-0.509
1888.422,-0.562
1888.425,-0.655
1888.428,-0.627
1888.430,-0.713
1888.433,-0.841
1888.436,-0.628
1888.438,-0.400
1888.441,-0.335
1888.444,-0.263
1888.447,-0.557
1888.449,-0.587
1888.452,-0.524
1888.455,-0.424
1888.458,-0.258
1888.460,-0.336
1888.463,-0.326
1888.466,-0.470
1888.469,-0.674
1888.471,-0.664
1888.474,-0.644
1888.477,-0.709
1888.479,-0.824
1888.482,-0.642
1888.485,-0.537
1888.488,-0.453
1888.490,-0.345
1888.493,-0.194
1888.496,-0.076
1888.499,-0.194
1888.501,-0.132
1888.504,-0.133
1888.507,-0.075
1888.510,-0.096
1888.512,-0.160
1888.515,-0.037
1888.518,-0.193
1888.521,-0.150
1888.523,0.037
1888.526,0.031
1888.529,-0.205
1888.531,-0.313
1888.534,-0.263
1888.537,-0.191
1888.540,-0.187
1888.542,-0.189
1888.545,-0.199
1888.548,-0.143
1888.551,-0.122
1888.553,-0.273
1888.556,-0.300
1888.559,-0.231
1888.562,-0.228
1888.564,-0.102
1888.567,-0.066
1888.570,-0.051
1888.572,-0.152
1888.575,-0.244
1888.578,-0.076
1888.581,-0.019
1888.583,-0.023
1888.586,-0.148
1888.589,-0.193
1888.592,-0.177
1888.594,-0.276
1888.597,-0.307
1888.600,-0.476
1888.602,-0.402
1888.605,-0.496
1888.608,-0.458
1888.611,-0.374
1888.613,-0.407
1888.616,-0.441
1888.619,-0.590
1888.622,-0.602
1888.624,-0.384
1888.627,-0.415
1888.630,-0.160
1888.633,-0.243
1888.635,-0.237
1888.638,-0.089
1888.641,-0.182
1888.643,-0.370
1888.646,-0.449
1888.649,-0.296
1888.652,-0.288
1888.654,-0.308
1888.657,-0.241
1888.660,-0.125
1888.663,-0.124
1888.665,0.007
1888.668,-0.182
1888.671,-0.521
1888.673,-0.523
1888.676,-0.364
1888.679,-0.412
1888.682,-0.241
1888.684,-0.316
1888.687,-0.202
1888.690,-0.288
1888.693,-0.208
1888.695,-0.156
1888.698,-0.171
1888.701,-0.161
1888.703,-0.208
1888.706,-0.281
1888.709,-0.167
1888.712,-0.260
1888.714,-0.359
1888.717,-0.279
1888.720,-0.213
1888.723,-0.115
1888.725,-0.272
1888.728,-0.335
1888.731,-0.282
1888.734,-0.281
1888.736,-0.311
1888.739,-0.382
1888.742,-0.401
1888.745,-0.295
1888.747,-0.134
1888.750,0.054
1888.753,-0.030
1888.755,-0.001
1888.758,-0.026
1888.761,-0.194
1888.764,-0.238
1888.766,-0.311
1888.769,-0.396
1888.772,-0.388
1888.775,-0.090
1888.777,0.007
1888.780,-0.126
1888.783,0.000
1888.786,-0.077
1888.788,0.067
1888.791,0.177
1888.794,0.046
1888.797,-0.155
1888.799,-0.264
1888.802,-0.191
1888.805,-0.009
1888.807,0.086
1888.810,-0.141
1888.813,0.030
1888.816,0.209
1888.818,0.525
1888.821,0.391
1888.824,0.464
1888.827,0.307
1888.829,0.248
1888.832,0.303
1888.835,0.253
1888.837,0.462
1888.840,0.149
1888.843,0.200
1888.846,0.005
1888.848,-0.110
1888.851,-0.558
1888.854,-0.570
1888.857,-0.473
1888.859,-0.594
1888.862,-0.461
1888.865,-0.479
1888.867,-0.450
1888.870,-0.481
1888.873,-0.524
1888.876,-0.716
1888.878,-0.615
1888.881,-0.826
1888.884,-0.894
1888.887,-0.764
1888.889,-0.594
1888.892,-0.569
1888.895,-0.216
1888.898,0.004
1888.900,-0.121
1888.903,0.014
1888.906,-0.104
1888.908,-0.253
1888.911,-0.107
1888.914,-0.192
1888.917,-0.035
1888.919,-0.095
1888.922,-0.146
1888.925,-0.240
1888.928,-0.238
1888.930,-0.127
1888.933,-0.137
1888.936,-0.048
1888.938,0.014
1888.941,0.003
1888.944,-0.229
1888.947,-0.490
1888.949,-0.535
1888.952,-0.346
1888.955,-0.223
1888.958,-0.012
1888.960,-0.223
1888.963,-0.230
1888.966,-0.240
1888.969,-0.218
1888.971,-0.199
1888.974,-0.288
1888.977,-0.063
1888.979,-0.098
1888.982,-0.105
1888.985,-0.470
1888.988,-0.727
1888.990,-0.695
1888.993,-0.907
1888.996,-0.807
1888.999,-0.806
1889.001,-0.545
1889.004,-0.753
1889.007,-0.817
1889.010,-0.957
1889.012,-0.911
1889.015,-0.540
1889.018,-0.309
1889.021,-0.387
1889.023,-0.612
1889.026,-0.676
1889.029,-0.845
1889.031,-0.788
1889.034,-0.928
1889.037,-0.795
1889.040,-0.686
1889.042,-0.809
1889.045,-0.858
1889.048,-0.969
1889.051,-0.784
1889.053,-0.613
1889.056,-0.514
1889.059,-0.310
1889.062,-0.143
1889.064,-0.126
1889.067,-0.252
1889.070,-0.217
1889.073,-0.173
1889.075,-0.296
1889.078,-0.340
1889.081,-0.385
1889.084,-0.201
1889.086,0.081
1889.089,0.055
1889.092,0.211
1889.094,0.173
1889.097,0.083
1889.100,0.029
1889.103,0.274
1889.105,0.250
1889.108,0.349
1889.111,0.333
1889.114,0.261
1889.116,0.356
1889.119,0.344
1889.122,0.267
1889.125,0.434
1889.127,0.331
1889.130,0.366
1889.133,-0.093
1889.136,-0.152
1889.138,-0.252
1889.141,-0.259
1889.144,-0.463
1889.147,-0.500
1889.149,-0.455
1889.152,0.090
1889.155,0.662
1889.158,0.960
1889.160,0.929
1889.163,0.890
1889.166,0.666
1889.168,0.322
1889.171,0.354
1889.174,0.583
1889.177,0.433
1889.179,0.132
1889.182,0.024
1889.185,-0.080
1889.188,0.042
1889.190,0.151
1889.193,0.043
1889.196,0.055
1889.199,-0.015
1889.201,-0.012
1889.204,0.080
1889.207,0.063
1889.210,0.248
1889.212,0.435
1889.215,0.390
1889.218,0.331
1889.221,0.287
1889.223,0.270
1889.226,0.240
1889.229,0.300
1889.232,0.335
1889.234,0.137
1889.237,-0.016
1889.240,0.084
1889.242,0.024
1889.245,0.175
1889.248,0.205
1889.251,0.167
1889.253,0.244
1889.256,0.296
1889.259,0.339
1889.262,0.350
1889.264,0.413
1889.267,0.584
1889.270,0.452
1889.273,0.434
1889.275,0.558
1889.278,0.509
1889.281,0.449
1889.284,0.412
1889.286,0.417
1889.289,0.293
1889.292,0.174
1889.295,0.155
1889.297,0.327
1889.300,0.308
1889.303,0.207
1889.305,0.147
1889.308,0.216
1889.311,0.333
1889.314,0.371
1889.316,0.406
1889.319,0.434
1889.322,0.200
1889.325,0.281
1889.327,0.234
1889.330,0.261
1889.333,0.223
1889.336,0.092
1889.338,0.284
1889.341,0.229
1889.344,0.164
1889.347,0.117
1889.349,0.165
1889.352,0.114
1889.355,0.273
1889.358,0.440
1889.360,0.333
1889.363,0.181
1889.366,-0.014
1889.369,-0.129
1889.371,-0.064
1889.374,0.075
1889.377,0.077
1889.379,-0.131
1889.382,-0.178
1889.385,-0.234
1889.388,-0.201
1889.390,-0.057
1889.393,-0.061
1889.396,-0.202
1889.399,-0.222
1889.401,-0.090
1889.404,0.013
1889.407,-0.035
1889.410,-0.016
1889.412,0.097
1889.415,-0.077
1889.418,0.091
1889.421,0.100
1889.423,0.021
1889.426,-0.080
1889.429,-0.123
1889.432,-0.149
1889.434,-0.096
1889.437,-0.175
1889.440,-0.083
1889.443,0.039
1889.445,0.105
1889.448,0.200
1889.451,0.202
1889.453,0.135
1889.456,0.148
1889.459,0.159
1889.462,0.155
1889.464,0.206
1889.467,0.110
1889.470,-0.117
1889.473,-0.181
1889.475,-0.292
1889.478,-0.254
1889.481,-0.135
1889.484,-0.005
1889.486,-0.154
1889.489,-0.069
1889.492,0.013
1889.495,0.086
1889.497,0.050
1889.500,-0.058
1889.503,-0.067
1889.505,-0.167
1889.508,-0.136
1889.511,-0.034
1889.514,0.036
1889.516,-0.030
1889.519,0.076
1889.522,0.072
1889.525,0.043
1889.527,-0.017
1889.530,0.061
1889.533,-0.017
1889.536,-0.070
1889.538,0.015
1889.541,0.017
1889.544,0.285
1889.547,0.102
1889.549,0.153
1889.552,0.089
1889.555,-0.039
1889.557,-0.069
1889.560,-0.076
1889.563,-0.151
1889.566,-0.061
1889.568,0.027
1889.571,0.016
1889.574,-0.074
1889.577,0.026
1889.579,-0.054
1889.582,-0.213
1889.585,-0.315
1889.588,-0.368
1889.590,-0.195
1889.593,-0.269
1889.596,-0.211
1889.599,-0.189
1889.601,-0.139
1889.604,-0.170
1889.607,-0.216
1889.610,-0.311
1889.612,-0.327
1889.615,-0.319
1889.618,-0.326
1889.621,-0.274
1889.623,-0.423
1889.626,-0.516
1889.629,-0.581
1889.631,-0.385
1889.634,-0.358
1889.637,-0.403
1889.640,-0.382
1889.642,-0.407
1889.645,-0.470
1889.648,-0.425
1889.651,-0.419
1889.653,-0.309
1889.656,-0.194
1889.659,-0.072
1889.662,-0.134
1889.664,-0.317
1889.667,-0.409
1889.670,-0.500
1889.673,-0.557
1889.675,-0.560
1889.678,-0.419
1889.681,-0.428
1889.684,-0.368
1889.686,-0.299
1889.689,-0.258
1889.692,-0.375
1889.695,-0.401
1889.697,-0.645
1889.700,-0.736
1889.703,-0.696
1889.705,-0.592
1889.708,-0.494
1889.711,-0.417
1889.714,-0.459
1889.716,-0.515
1889.719,-0.395
1889.722,-0.505
1889.725,-0.589
1889.727,-0.554
1889.730,-0.657
1889.733,-0.601
1889.736,-0.437
1889.738,-0.504
1889.741,-0.615
1889.744,-0.602
1889.747,-0.396
1889.749,-0.261
1889.752,-0.122
1889.755,-0.253
1889.758,-0.130
1889.760,-0.036
1889.763,-0.331
1889.766,-0.512
1889.768,-0.412
1889.771,-0.247
1889.774,-0.160
1889.777,-0.068
1889.779,0.018
1889.782,-0.157
1889.785,-0.400
1889.788,-0.328
1889.790,-0.485
1889.793,-0.720
1889.796,-0.763
1889.799,-0.799
1889.801,-0.756
1889.804,-0.672
1889.807,-0.411
1889.810,-0.603
1889.812,-0.690
1889.815,-0.634
1889.818,-0.787
1889.821,-1.019
1889.823,-1.135
1889.826,-1.181
1889.829,-1.092
1889.832,-0.734
1889.834,-0.730
1889.837,-0.840
1889.840,-0.955
1889.842,-1.088
1889.845,-0.978
1889.848,-1.124
1889.851,-0.827
1889.853,-0.693
1889.856,-0.663
1889.859,-1.026
1889.862,-1.063
1889.864,-1.142
1889.867,-0.915
1889.870,-0.900
1889.873,-0.967
1889.875,-0.836
1889.878,-0.834
1889.881,-0.845
1889.884,-1.078
1889.886,-0.970
1889.889,-0.982
1889.892,-0.984
1889.895,-0.984
1889.897,-1.068
1889.900,-0.956
1889.903,-0.949
1889.906,-1.123
1889.908,-1.175
1889.911,-1.055
1889.914,-0.830
1889.916,-0.781
1889.919,-0.596
1889.922,-0.930
1889.925,-0.895
1889.927,-0.848
1889.930,-0.638
1889.933,-0.601
1889.936,-0.762
1889.938,-0.646
1889.941,-0.761
1889.944,-0.817
1889.947,-0.667
1889.949,-0.466
1889.952,-0.334
1889.955,-0.487
1889.958,-0.490
1889.960,-0.493
1889.963,-0.055
1889.966,-0.095
1889.969,-0.313
1889.971,-0.395
1889.974,-0.537
1889.977,-0.435
1889.979,-0.185
1889.982,-0.032
1889.985,-0.034
1889.988,-0.306
1889.990,-0.331
1889.993,-0.709
1889.996,-0.936
1889.999,-0.970
1890.001,-0.867
1890.004,-0.692
1890.007,-0.866
1890.010,-0.748
1890.012,-0.679
1890.015,-0.566
1890.018,-0.401
1890.021,-0.318
1890.023,-0.483
1890.026,-0.685
1890.029,-0.877
1890.031,-1.041
1890.034,-0.908
1890.037,-1.003
1890.040,-0.959
1890.042,-1.049
1890.045,-1.112
1890.048,-0.938
1890.051,-0.804
1890.053,-0.890
1890.056,-1.004
1890.059,-1.123
1890.062,-0.873
1890.064,-0.475
1890.067,-0.144
1890.070,-0.230
1890.073,-0.476
1890.075,-0.617
1890.078,-0.453
1890.081,-0.379
1890.084,-0.700
1890.086,-0.629
1890.089,-0.417
1890.092,-0.002
1890.094,0.180
1890.097,-0.125
1890.100,-0.533
1890.103,-0.835
1890.105,-0.528
1890.108,-0.635
1890.111,-0.387
1890.114,-0.327
1890.116,-0.222
1890.119,-0.299
1890.122,-0.599
1890.125,-0.744
1890.127,-0.856
1890.130,-0.703
1890.133,-0.941
1890.136,-1.034
1890.138,-1.169
1890.141,-1.053
1890.144,-0.826
1890.147,-0.815
1890.149,-0.894
1890.152,-1.001
1890.155,-1.297
1890.158,-1.297
1890.160,-1.270
1890.163,-1.486
1890.166,-1.390
1890.168,-1.122
1890.171,-1.018
1890.174,-0.864
1890.177,-0.762
1890.179,-0.869
1890.182,-0.934
1890.185,-1.081
1890.188,-1.068
1890.190,-0.912
1890.193,-0.881
1890.196,-0.960
1890.199,-0.873
1890.201,-0.744
1890.204,-0.752
1890.207,-0.777
1890.210,-0.896
1890.212,-0.869
1890.215,-0.861
1890.218,-0.637
1890.221,-0.484
1890.223,-0.585
1890.226,-0.563
1890.229,-0.481
1890.232,-0.735
1890.234,-0.530
1890.237,-0.758
1890.240,-0.852
1890.242,-0.943
1890.245,-0.985
1890.248,-0.953
1890.251,-0.629
1890.253,-0.315
1890.256,-0.308
1890.259,-0.290
1890.262,-0.110
1890.264,-0.058
1890.267,-0.169
1890.270,-0.397
1890.273,-0.400
1890.275,-0.404
1890.278,-0.731
1890.281,-0.588
1890.284,-0.398
1890.286,-0.597
1890.289,-0.634
1890.292,-0.692
1890.295,-0.681
1890.297,-0.598
1890.300,-0.425
1890.303,-0.524
1890.305,-0.525
1890.308,-0.426
1890.311,-0.544
1890.314,-0.610
1890.316,-0.466
1890.319,-0.570
1890.322,-0.639
1890.325,-0.466
1890.327,-0.460
1890.330,-0.561
1890.333,-0.579
1890.336,-0.503
1890.338,-0.516
1890.341,-0.441
1890.344,-0.503
1890.347,-0.628
1890.349,-0.649
1890.352,-0.639
1890.355,-0.834
1890.358,-0.955
1890.360,-0.702
1890.363,-0.635
1890.366,-0.720
1890.369,-0.937
1890.371,-0.989
1890.374,-0.962
1890.377,-0.851
1890.379,-0.827
1890.382,-0.878
1890.385,-0.587
1890.388,-0.599
1890.390,-0.595
1890.393,-0.816
1890.396,-0.791
1890.399,-0.871
1890.401,-0.897
1890.404,-1.047
1890.407,-0.867
1890.410,-0.758
1890.412,-0.795
1890.415,-0.780
1890.418,-0.774
1890.421,-0.723
1890.423,-0.507
1890.426,-0.540
1890.429,-0.414
1890.432,-0.485
1890.434,-0.575
1890.437,-0.625
1890.440,-0.559
1890.443,-0.681
1890.445,-0.613
1890.448,-0.555
1890.451,-0.647
1890.453,-0.612
1890.456,-0.576
1890.459,-0.790
1890.462,-0.744
1890.464,-0.669
1890.467,-0.595
1890.470,-0.620
1890.473,-0.531
1890.475,-0.484
1890.478,-0.393
1890.481,-0.395
1890.484,-0.350
1890.486,-0.369
1890.489,-0.365
1890.492,-0.259
1890.495,-0.253
1890.497,-0.235
1890.500,-0.258
1890.503,-0.184
1890.505,-0.323
1890.508,-0.379
1890.511,-0.331
1890.514,-0.367
1890.516,-0.314
1890.519,-0.478
1890.522,-0.455
1890.525,-0.346
1890.527,-0.366
1890.530,-0.440
1890.533,-0.393
1890.536,-0.417
1890.538,-0.322
1890.541,-0.181
1890.544,-0.115
1890.547,-0.157
1890.549,-0.102
1890.552,-0.143
1890.555,-0.291
1890.557,-0.266
1890.560,-0.280
1890.563,-0.271
1890.566,-0.489
1890.568,-0.549
1890.571,-0.373
1890.574,-0.200
1890.577,-0.361
1890.579,-0.414
1890.582,-0.514
1890.585,-0.470
1890.588,-0.406
1890.590,-0.473
1890.593,-0.433
1890.596,-0.297
1890.599,-0.365
1890.601,-0.393
1890.604,-0.404
1890.607,-0.336
1890.610,-0.350
1890.612,-0.449
1890.615,-0.503
1890.618,-0.488
1890.621,-0.701
1890.623,-0.643
1890.626,-0.694
1890.629,-0.618
1890.631,-0.596
1890.634,-0.521
1890.637,-0.479
1890.640,-0.605
1890.642,-0.629
1890.645,-0.665
1890.648,-0.411
1890.651,-0.486
1890.653,-0.423
1890.656,-0.282
1890.659,-0.388
1890.662,-0.523
1890.664,-0.652
1890.667,-0.718
1890.670,-0.653
1890.673,-0.514
1890.675,-0.451
1890.678,-0.552
1890.681,-0.666
1890.684,-0.706
1890.686,-0.760
1890.689,-0.735
1890.692,-0.705
1890.695,-0.532
1890.697,-0.530
1890.700,-0.617
1890.703,-0.687
1890.705,-0.603
1890.708,-0.523
1890.711,-0.555
1890.714,-0.477
1890.716,-0.568
1890.719,-0.620
1890.722,-0.353
1890.725,-0.242
1890.727,-0.296
1890.730,-0.407
1890.733,-0.326
1890.736,-0.292
1890.738,-0.228
1890.741,-0.232
1890.744,-0.157
1890.747,-0.113
1890.749,-0.170
1890.752,-0.131
1890.755,-0.184
1890.758,-0.033
1890.760,-0.112
1890.763,-0.113
1890.766,-0.168
1890.768,-0.464
1890.771,-0.503
1890.774,-0.431
1890.777,-0.276
1890.779,-0.253
1890.782,-0.267
1890.785,-0.298
1890.788,-0.285
1890.790,-0.095
1890.793,0.035
1890.796,-0.069
1890.799,-0.111
1890.801,-0.172
1890.804,-0.238
1890.807,-0.264
1890.810,-0.306
1890.812,-0.221
1890.815,-0.193
1890.818,-0.307
1890.821,-0.260
1890.823,-0.236
1890.826,-0.180
1890.829,-0.189
1890.832,-0.151
1890.834,-0.202
1890.837,-0.226
1890.840,-0.256
1890.842,-0.324
1890.845,-0.529
1890.848,-0.806
1890.851,-0.963
1890.853,-1.008
1890.856,-0.871
1890.859,-0.709
1890.862,-0.757
1890.864,-0.721
1890.867,-0.878
1890.870,-0.971
1890.873,-0.833
1890.875,-0.900
1890.878,-1.045
1890.881,-1.077
1890.884,-0.687
1890.886,-0.893
1890.889,-1.065
1890.892,-1.133
1890.895,-1.166
1890.897,-0.955
1890.900,-1.042
1890.903,-1.592
1890.906,-1.657
1890.908,-1.191
1890.911,-0.855
1890.914,-1.234
1890.916,-1.415
1890.919,-1.347
1890.922,-1.039
1890.925,-0.833
1890.927,-0.856
1890.930,-0.772
1890.933,-0.833
1890.936,-0.890
1890.938,-0.820
1890.941,-0.719
1890.944,-0.620
1890.947,-0.744
1890.949,-0.686
1890.952,-0.419
1890.955,-0.505
1890.958,-0.590
1890.960,-0.487
1890.963,-0.458
1890.966,-0.454
1890.969,-0.349
1890.971,-0.492
1890.974,-0.643
1890.977,-0.768
1890.979,-0.780
1890.982,-0.994
1890.985,-0.921
1890.988,-0.939
1890.990,-1.031
1890.993,-0.917
1890.996,-0.735
1890.999,-0.647
1891.001,-0.537
1891.004,-0.562
1891.007,-0.537
1891.010,-0.755
1891.012,-0.731
1891.015,-0.799
1891.018,-0.865
1891.021,-0.873
1891.023,-0.957
1891.026,-0.994
1891.029,-1.057
1891.031,-0.978
1891.034,-0.955
1891.037,-1.150
1891.040,-1.277
1891.042,-1.366
1891.045,-1.195
1891.048,-0.851
1891.051,-0.756
1891.053,-0.534
1891.056,-0.474
1891.059,-0.765
1891.062,-0.955
1891.064,-1.011
1891.067,-0.883
1891.070,-0.807
1891.073,-0.708
1891.075,-0.818
1891.078,-0.914
1891.081,-0.873
1891.084,-1.158
1891.086,-1.285
1891.089,-1.418
1891.092,-1.243
1891.094,-1.260
1891.097,-1.079
1891.100,-0.875
1891.103,-0.920
1891.105,-1.241
1891.108,-1.382
1891.111,-1.261
1891.114,-1.300
1891.116,-1.129
1891.119,-1.205
1891.122,-1.274
1891.125,-1.259
1891.127,-1.099
1891.130,-0.934
1891.133,-1.149
1891.136,-1.199
1891.138,-0.904
1891.141,-0.846
1891.144,-1.123
1891.147,-1.033
1891.149,-0.712
1891.152,-0.741
1891.155,-0.987
1891.158,-1.281
1891.160,-1.307
1891.163,-1.215
1891.166,-1.157
1891.168,-1.100
1891.171,-1.013
1891.174,-0.906
1891.177,-0.702
1891.179,-0.568
1891.182,-0.500
1891.185,-0.360
1891.188,-0.206
1891.190,-0.264
1891.193,-0.282
1891.196,-0.478
1891.199,-0.610
1891.201,-0.572
1891.204,-0.237
1891.207,-0.138
1891.210,-0.158
1891.212,-0.456
1891.215,-0.462
1891.218,-0.513
1891.221,-0.267
1891.223,-0.303
1891.226,-0.370
1891.229,-0.530
1891.232,-0.517
1891.234,-0.530
1891.237,-0.366
1891.240,-0.384
1891.242,-0.537
1891.245,-0.622
1891.248,-0.876
1891.251,-0.821
1891.253,-0.856
1891.256,-0.743
1891.259,-0.500
1891.262,-0.307
1891.264,-0.137
1891.267,-0.378
1891.270,-0.557
1891.273,-0.532
1891.275,-0.342
1891.278,-0.478
1891.281,-0.509
1891.284,-0.638
1891.286,-0.643
1891.289,-0.478
1891.292,-0.329
1891.295,-0.309
1891.297,-0.225
1891.300,-0.441
1891.303,-0.436
1891.305,-0.411
1891.308,-0.431
1891.311,-0.642
1891.314,-0.615
1891.316,-0.442
1891.319,-0.210
1891.322,-0.252
1891.325,-0.168
1891.327,-0.228
1891.330,-0.537
1891.333,-0.561
1891.336,-0.588
1891.338,-0.478
1891.341,-0.435
1891.344,-0.196
1891.347,-0.256
1891.349,-0.492
1891.352,-0.372
1891.355,-0.533
1891.358,-0.572
1891.360,-0.562
1891.363,-0.529
1891.366,-0.442
1891.369,-0.497
1891.371,-0.411
1891.374,-0.315
1891.377,-0.410
1891.379,-0.349
1891.382,-0.385
1891.385,-0.504
1891.388,-0.523
1891.390,-0.303
1891.393,-0.154
1891.396,-0.146
1891.399,-0.340
1891.401,-0.438
1891.404,-0.504
1891.407,-0.595
1891.410,-0.642
1891.412,-0.561
1891.415,-0.576
1891.418,-0.613
1891.421,-0.738
1891.423,-0.750
1891.426,-0.975
1891.429,-1.009
1891.432,-0.830
1891.434,-0.624
1891.437,-0.391
1891.440,-0.378
1891.443,-0.475
1891.445,-0.433
1891.448,-0.439
1891.451,-0.599
1891.453,-0.658
1891.456,-0.585
1891.459,-0.546
1891.462,-0.367
1891.464,-0.474
1891.467,-0.465
1891.470,-0.442
1891.473,-0.343
1891.475,-0.367
1891.478,-0.369
1891.481,-0.276
1891.484,-0.420
1891.486,-0.502
1891.489,-0.331
1891.492,-0.340
1891.495,-0.394
1891.497,-0.251
1891.500,-0.189
1891.503,-0.087
1891.505,-0.142
1891.508,-0.089
1891.511,-0.111
1891.514,-0.267
1891.516,-0.305
1891.519,-0.327
1891.522,-0.309
1891.525,-0.370
1891.527,-0.414
1891.530,-0.297
1891.533,-0.229
1891.536,-0.296
1891.538,-0.416
1891.541,-0.425
1891.544,-0.515
1891.547,-0.333
1891.549,-0.306
1891.552,-0.221
1891.555,-0.137
1891.557,-0.114
1891.560,-0.397
1891.563,-0.469
1891.566,-0.724
1891.568,-0.699
1891.571,-0.672
1891.574,-0.407
1891.577,-0.341
1891.579,-0.325
1891.582,-0.423
1891.585,-0.352
1891.588,-0.492
1891.590,-0.511
1891.593,-0.514
1891.596,-0.470
1891.599,-0.484
1891.601,-0.505
1891.604,-0.406
1891.607,-0.353
1891.610,-0.309
1891.612,-0.285
1891.615,-0.241
1891.618,-0.265
1891.621,-0.313
1891.623,-0.272
1891.626,-0.259
1891.629,-0.245
1891.631,-0.428
1891.634,-0.412
1891.637,-0.428
1891.640,-0.507
1891.642,-0.473
1891.645,-0.532
1891.648,-0.676
1891.651,-0.558
1891.653,-0.399
1891.656,-0.344
1891.659,-0.312
1891.662,-0.337
1891.664,-0.265
1891.667,-0.110
1891.670,0.042
1891.673,0.024
1891.675,-0.125
1891.678,-0.355
1891.681,-0.236
1891.684,-0.512
1891.686,-0.427
1891.689,-0.178
1891.692,-0.352
1891.695,-0.368
1891.697,-0.415
1891.700,-0.554
1891.703,-0.508
1891.705,-0.525
1891.708,-0.474
1891.711,-0.365
1891.714,-0.243
1891.716,-0.361
1891.719,-0.418
1891.722,-0.367
1891.725,-0.483
1891.727,-0.528
1891.730,-0.576
1891.733,-0.463
1891.736,-0.324
1891.738,-0.502
1891.741,-0.359
1891.744,-0.282
1891.747,-0.436
1891.749,-0.531
1891.752,-0.521
1891.755,-0.372
1891.758,-0.566
1891.760,-0.646
1891.763,-0.802
1891.766,-0.679
1891.768,-0.442
1891.771,-0.336
1891.774,-0.359
1891.777,-0.426
1891.779,-0.472
1891.782,-0.451
1891.785,-0.570
1891.788,-0.592
1891.790,-0.541
1891.793,-0.421
1891.796,-0.459
1891.799,-0.461
1891.801,-0.674
1891.804,-0.570
1891.807,-0.588
1891.810,-0.413
1891.812,-0.212
1891.815,-0.272
1891.818,-0.249
1891.821,-0.394
1891.823,-0.520
1891.826,-0.629
1891.829,-0.868
1891.832,-0.900
1891.834,-0.599
1891.837,-0.590
1891.840,-0.672
1891.842,-0.604
1891.845,-0.689
1891.848,-0.717
1891.851,-0.657
1891.853,-0.506
1891.856,-0.768
1891.859,-0.706
1891.862,-0.905
1891.864,-1.221
1891.867,-1.410
1891.870,-1.237
1891.873,-1.138
1891.875,-1.138
1891.878,-1.310
1891.881,-1.256
1891.884,-1.007
1891.886,-0.842
1891.889,-0.821
1891.892,-0.755
1891.895,-0.932
1891.897,-1.000
1891.900,-0.642
1891.903,-0.372
1891.906,-0.404
1891.908,-0.703
1891.911,-1.069
1891.914,-0.908
1891.916,-0.491
1891.919,-0.425
1891.922,-0.388
1891.925,-0.262
1891.927,-0.222
1891.930,-0.023
1891.933,-0.323
1891.936,0.052
1891.938,0.214
1891.941,0.389
1891.944,0.697
1891.947,0.530
1891.949,0.427
1891.952,0.354
1891.955,0.065
1891.958,0.024
1891.960,0.100
1891.963,-0.130
1891.966,-0.203
1891.969,-0.061
1891.971,0.072
1891.974,0.204
1891.977,0.451
1891.979,0.373
1891.982,0.040
1891.985,0.074
1891.988,0.187
1891.990,0.242
1891.993,-0.101
1891.996,-0.294
1891.999,-0.345
1892.001,-0.625
1892.004,-0.677
1892.007,-0.505
1892.010,-0.354
1892.012,-0.324
1892.015,-0.323
1892.018,-0.205
1892.021,-0.230
1892.023,-0.434
1892.026,-0.607
1892.029,-0.584
1892.031,-0.697
1892.034,-0.758
1892.037,-1.079
1892.040,-0.930
1892.042,-0.822
1892.045,-0.728
1892.048,-0.839
1892.051,-1.086
1892.053,-0.873
1892.056,-0.726
1892.059,-0.251
1892.062,-0.301
1892.064,-0.559
1892.067,-0.668
1892.070,-0.888
1892.072,-1.081
1892.075,-0.803
1892.078,-0.609
1892.081,-0.312
1892.083,-0.175
1892.086,-0.189
1892.089,-0.396
1892.092,-0.166
1892.094,0.131
1892.097,0.117
1892.100,-0.092
1892.102,-0.409
1892.105,-0.210
1892.108,-0.323
1892.111,-0.305
1892.113,-0.547
1892.116,-0.686
1892.119,-0.768
1892.122,-0.862
1892.124,-0.775
1892.127,-0.899
1892.130,-0.780
1892.133,-0.545
1892.135,-0.290
1892.138,-0.244
1892.141,-0.270
1892.143,0.001
1892.146,0.166
1892.149,0.020
1892.152,-0.379
1892.154,-0.717
1892.157,-0.816
1892.160,-0.864
1892.163,-0.790
1892.165,-1.162
1892.168,-1.184
1892.171,-1.009
1892.173,-0.768
1892.176,-0.605
1892.179,-0.502
1892.182,-0.293
1892.184,-0.407
1892.187,-0.823
1892.190,-1.030
1892.193,-0.976
1892.195,-0.968
1892.198,-1.076
1892.201,-1.174
1892.203,-1.266
1892.206,-1.394
1892.209,-1.340
1892.212,-1.323
1892.214,-1.348
1892.217,-1.160
1892.220,-0.947
1892.223,-0.751
1892.225,-0.635
1892.228,-0.640
1892.231,-0.425
1892.234,-0.197
1892.236,-0.309
1892.239,-0.363
1892.242,-0.434
1892.245,-0.332
1892.247,-0.496
1892.250,-0.525
1892.253,-0.298
1892.255,-0.244
1892.258,-0.222
1892.261,-0.360
1892.264,-0.411
1892.266,-0.707
1892.269,-0.833
1892.272,-0.659
1892.275,-0.680
1892.277,-0.805
1892.280,-0.779
1892.283,-0.858
1892.286,-0.740
1892.288,-0.701
1892.291,-0.691
1892.294,-0.663
1892.297,-0.683
1892.299,-0.782
1892.302,-0.823
1892.305,-0.553
1892.307,-0.576
1892.310,-0.685
1892.313,-0.727
1892.316,-0.773
1892.318,-0.946
1892.321,-0.927
1892.324,-0.858
1892.327,-0.880
1892.329,-0.752
1892.332,-0.753
1892.335,-0.740
1892.337,-0.702
1892.340,-0.620
1892.343,-0.511
1892.346,-0.503
1892.348,-0.661
1892.351,-0.446
1892.354,-0.164
1892.357,-0.261
1892.359,-0.408
1892.362,-0.526
1892.365,-0.653
1892.367,-0.531
1892.370,-0.439
1892.373,-0.283
1892.376,-0.366
1892.378,-0.514
1892.381,-0.571
1892.384,-0.530
1892.387,-0.609
1892.389,-0.733
1892.392,-0.682
1892.395,-0.574
1892.398,-0.407
1892.400,-0.176
1892.403,-0.219
1892.406,-0.152
1892.408,-0.270
1892.411,-0.376
1892.414,-0.583
1892.417,-0.623
1892.419,-0.628
1892.422,-0.664
1892.425,-0.449
1892.428,-0.284
1892.430,-0.114
1892.433,-0.054
1892.436,-0.106
1892.438,-0.086
1892.441,-0.419
1892.444,-0.399
1892.447,-0.178
1892.449,-0.079
1892.452,-0.014
1892.455,0.058
1892.458,0.067
1892.460,0.074
1892.463,0.176
1892.466,0.176
1892.469,0.124
1892.471,-0.138
1892.474,-0.236
1892.477,-0.315
1892.479,-0.310
1892.482,-0.281
1892.485,-0.083
1892.488,-0.021
1892.490,-0.144
1892.493,-0.244
1892.496,-0.261
1892.499,-0.403
1892.501,-0.244
1892.504,-0.202
1892.507,-0.067
1892.510,-0.091
1892.512,-0.350
1892.515,-0.487
1892.518,-0.449
1892.521,-0.444
1892.523,-0.643
1892.526,-0.532
1892.529,-0.440
1892.531,-0.419
1892.534,-0.263
1892.537,-0.206
1892.540,-0.206
1892.542,-0.403
1892.545,-0.324
1892.548,-0.244
1892.551,-0.339
1892.553,-0.355
1892.556,-0.313
1892.559,-0.322
1892.562,-0.374
1892.564,-0.304
1892.567,-0.354
1892.570,-0.367
1892.572,-0.273
1892.575,-0.353
1892.578,-0.337
1892.581,-0.387
1892.583,-0.203
1892.586,-0.321
1892.589,-0.489
1892.592,-0.354
1892.594,-0.322
1892.597,-0.370
1892.600,-0.370
1892.602,-0.346
1892.605,-0.379
1892.608,-0.375
1892.611,-0.330
1892.613,-0.542
1892.616,-0.681
1892.619,-0.523
1892.622,-0.393
1892.624,-0.304
1892.627,-0.277
1892.630,-0.365
1892.633,-0.323
1892.635,-0.318
1892.638,-0.467
1892.641,-0.349
1892.643,-0.329
1892.646,-0.248
1892.649,-0.194
1892.652,-0.267
1892.654,-0.326
1892.657,-0.460
1892.660,-0.278
1892.663,-0.352
1892.665,-0.332
1892.668,-0.365
1892.671,-0.444
1892.673,-0.454
1892.676,-0.341
1892.679,-0.373
1892.682,-0.453
1892.684,-0.573
1892.687,-0.748
1892.690,-0.655
1892.693,-0.509
1892.695,-0.560
1892.698,-0.623
1892.701,-0.508
1892.703,-0.394
1892.706,-0.429
1892.709,-0.212
1892.712,-0.241
1892.714,-0.178
1892.717,-0.215
1892.720,-0.246
1892.723,-0.147
1892.725,-0.225
1892.728,-0.173
1892.731,-0.200
1892.734,-0.144
1892.736,-0.132
1892.739,-0.095
1892.742,-0.050
1892.745,-0.033
1892.747,-0.025
1892.750,0.065
1892.753,0.127
1892.755,0.115
1892.758,0.058
1892.761,-0.124
1892.764,-0.015
1892.766,0.036
1892.769,-0.125
1892.772,-0.167
1892.775,-0.106
1892.777,-0.093
1892.780,-0.138
1892.783,-0.044
1892.786,-0.018
1892.788,-0.022
1892.791,-0.015
1892.794,0.042
1892.797,-0.014
1892.799,0.041
1892.802,0.199
1892.805,0.125
1892.807,-0.129
1892.810,-0.284
1892.813,-0.349
1892.816,-0.347
1892.818,-0.464
1892.821,-0.613
1892.824,-0.394
1892.827,-0.472
1892.829,-0.378
1892.832,-0.348
1892.835,-0.486
1892.837,-0.471
1892.840,-0.385
1892.843,-0.357
1892.846,-0.361
1892.848,-0.794
1892.851,-0.955
1892.854,-1.008
1892.857,-1.184
1892.859,-1.256
1892.862,-1.288
1892.865,-1.089
1892.867,-0.919
1892.870,-0.694
1892.873,-0.872
1892.876,-0.813
1892.878,-0.914
1892.881,-1.226
1892.884,-1.368
1892.887,-1.510
1892.889,-1.599
1892.892,-1.733
1892.895,-1.576
1892.898,-1.580
1892.900,-1.486
1892.903,-1.490
1892.906,-1.652
1892.908,-1.483
1892.911,-1.315
1892.914,-1.204
1892.917,-1.034
1892.919,-0.826
1892.922,-0.837
1892.925,-0.561
1892.928,-0.486
1892.930,-0.320
1892.933,-0.489
1892.936,-0.747
1892.938,-0.764
1892.941,-0.787
1892.944,-0.725
1892.947,-0.319
1892.949,-0.278
1892.952,-0.511
1892.955,-0.434
1892.958,-0.440
1892.960,-0.351
1892.963,-0.325
1892.966,-0.402
1892.969,-0.901
1892.971,-1.185
1892.974,-1.319
1892.977,-1.337
1892.979,-1.455
1892.982,-1.521
1892.985,-1.734
1892.988,-1.635
1892.990,-1.295
1892.993,-1.214
1892.996,-1.407
1892.999,-1.491
1893.001,-1.632
1893.004,-1.559
1893.007,-1.529
1893.010,-1.634
1893.012,-1.913
1893.015,-1.603
1893.018,-1.853
1893.021,-1.921
1893.023,-1.889
1893.026,-1.924
1893.029,-1.995
1893.031,-2.353
1893.034,-2.638
1893.037,-2.602
1893.040,-2.728
1893.042,-2.395
1893.045,-2.365
1893.048,-2.246
1893.051,-2.181
1893.053,-2.076
1893.056,-1.966
1893.059,-1.879
1893.062,-1.905
1893.064,-1.833
1893.067,-1.693
1893.070,-1.822
1893.073,-1.859
1893.075,-1.848
1893.078,-2.084
1893.081,-2.034
1893.084,-2.036
1893.086,-2.392
1893.089,-2.169
1893.092,-2.172
1893.094,-2.473
1893.097,-2.202
1893.100,-1.945
1893.103,-1.905
1893.105,-1.903
1893.108,-1.663
1893.111,-1.533
1893.114,-1.261
1893.116,-1.099
1893.119,-1.133
1893.122,-1.306
1893.125,-1.314
1893.127,-1.387
1893.130,-1.343
1893.133,-1.029
1893.136,-0.874
1893.138,-1.369
1893.141,-1.177
1893.144,-1.069
1893.147,-0.941
1893.149,-0.749
1893.152,-0.961
1893.155,-0.736
1893.158,-0.586
1893.160,-0.391
1893.163,-0.369
1893.166,-0.448
1893.168,-0.356
1893.171,-0.492
1893.174,-0.799
1893.177,-0.591
1893.179,-0.160
1893.182,-0.103
1893.185,-0.474
1893.188,-0.040
1893.190,0.005
1893.193,0.044
1893.196,-0.098
1893.199,-0.511
1893.201,-0.418
1893.204,-0.351
1893.207,-0.313
1893.210,-0.493
1893.212,-0.461
1893.215,-0.232
1893.218,-0.291
1893.221,-0.250
1893.223,-0.344
1893.226,-0.259
1893.229,-0.194
1893.232,-0.479
1893.234,-0.424
1893.237,-0.248
1893.240,-0.189
1893.242,-0.008
1893.245,-0.184
1893.248,-0.339
1893.251,-0.354
1893.253,-0.236
1893.256,-0.192
1893.259,0.133
1893.262,0.002
1893.264,-0.021
1893.267,0.134
1893.270,0.194
1893.273,0.129
1893.275,0.061
1893.278,0.061
1893.281,-0.106
1893.284,-0.411
1893.286,-0.473
1893.289,-0.337
1893.292,-0.327
1893.295,-0.207
1893.297,-0.382
1893.300,-0.544
1893.303,-0.481
1893.305,-0.386
1893.308,-0.464
1893.311,-0.267
1893.314,-0.363
1893.316,-0.430
1893.319,-0.423
1893.322,-0.481
1893.325,-0.538
1893.327,-0.611
1893.330,-0.677
1893.333,-0.518
1893.336,-0.424
1893.338,-0.470
1893.341,-0.440
1893.344,-0.530
1893.347,-0.356
1893.349,-0.228
1893.352,-0.291
1893.355,-0.294
1893.358,-0.254
1893.360,-0.280
1893.363,-0.195
1893.366,-0.215
1893.369,-0.267
1893.371,-0.357
1893.374,-0.481
1893.377,-0.440
1893.379,-0.578
1893.382,-0.705
1893.385,-0.730
1893.388,-0.686
1893.390,-0.721
1893.393,-0.487
1893.396,-0.402
1893.399,-0.385
1893.401,-0.354
1893.404,-0.270
1893.407,-0.461
1893.410,-0.319
1893.412,-0.297
1893.415,-0.360
1893.418,-0.435
1893.421,-0.237
1893.423,-0.164
1893.426,-0.223
1893.429,-0.313
1893.432,-0.422
1893.434,-0.433
1893.437,-0.257
1893.440,-0.253
1893.443,-0.113
1893.445,-0.193
1893.448,-0.327
1893.451,-0.419
1893.453,-0.412
1893.456,-0.325
1893.459,-0.358
1893.462,-0.332
1893.464,-0.277
1893.467,-0.185
1893.470,-0.232
1893.473,-0.322
1893.475,-0.374
1893.478,-0.228
1893.481,-0.190
1893.484,-0.095
1893.486,-0.190
1893.489,-0.201
1893.492,-0.105
1893.495,-0.145
1893.497,-0.181
1893.500,-0.265
1893.503,-0.215
1893.505,-0.279
1893.508,-0.205
1893.511,-0.471
1893.514,-0.265
1893.516,-0.120
1893.519,-0.042
1893.522,-0.056
1893.525,0.022
1893.527,0.044
1893.530,0.080
1893.533,0.098
1893.536,0.167
1893.538,0.252
1893.541,0.235
1893.544,0.195
1893.547,0.089
1893.549,0.196
1893.552,0.188
1893.555,0.143
1893.557,0.093
1893.560,0.031
1893.563,0.205
1893.566,0.094
1893.568,-0.027
1893.571,0.048
1893.574,0.063
1893.577,0.108
1893.579,-0.022
1893.582,-0.083
1893.585,-0.136
1893.588,-0.187
1893.590,-0.096
1893.593,-0.142
1893.596,-0.266
1893.599,-0.396
1893.601,-0.347
1893.604,-0.287
1893.607,-0.321
1893.610,-0.360
1893.612,-0.311
1893.615,-0.261
1893.618,-0.265
1893.621,-0.211
1893.623,-0.459
1893.626,-0.335
1893.629,-0.240
1893.631,-0.171
1893.634,-0.227
1893.637,-0.330
1893.640,-0.232
1893.642,-0.211
1893.645,-0.144
1893.648,-0.196
1893.651,-0.427
1893.653,-0.479
1893.656,-0.474
1893.659,-0.401
1893.662,-0.422
1893.664,-0.612
1893.667,-0.523
1893.670,-0.541
1893.673,-0.507
1893.675,-0.585
1893.678,-0.469
1893.681,-0.140
1893.684,-0.161
1893.686,-0.299
1893.689,-0.436
1893.692,-0.396
1893.695,-0.148
1893.697,-0.057
1893.700,0.050
1893.703,0.148
1893.705,0.024
1893.708,-0.254
1893.711,-0.563
1893.714,-0.483
1893.716,-0.304
1893.719,-0.237
1893.722,-0.186
1893.725,-0.104
1893.727,-0.129
1893.730,-0.261
1893.733,-0.423
1893.736,-0.485
1893.738,-0.380
1893.741,-0.393
1893.744,-0.431
1893.747,-0.301
1893.749,-0.332
1893.752,-0.488
1893.755,-0.620
1893.758,-0.442
1893.760,-0.203
1893.763,0.055
1893.766,0.245
1893.768,0.286
1893.771,0.328
1893.774,0.047
1893.777,-0.095
1893.779,-0.141
1893.782,-0.239
1893.785,-0.505
1893.788,-0.315
1893.790,-0.135
1893.793,-0.144
1893.796,-0.172
1893.799,-0.173
1893.801,-0.155
1893.804,-0.088
1893.807,-0.057
1893.810,-0.118
1893.812,-0.086
1893.815,-0.182
1893.818,-0.002
1893.821,0.010
1893.823,-0.247
1893.826,-0.316
1893.829,-0.111
1893.832,0.008
1893.834,0.017
1893.837,0.032
1893.840,0.118
1893.842,0.212
1893.845,0.135
1893.848,-0.123
1893.851,-0.077
1893.853,0.104
1893.856,-0.148
1893.859,-0.281
1893.862,-0.345
1893.864,-0.184
1893.867,-0.334
1893.870,-0.383
1893.873,-0.398
1893.875,-0.332
1893.878,-0.380
1893.881,-0.141
1893.884,-0.253
1893.886,-0.336
1893.889,-0.345
1893.892,-0.430
1893.895,-0.581
1893.897,-1.095
1893.900,-1.169
1893.903,-0.922
1893.906,-0.743
1893.908,-0.376
1893.911,-0.469
1893.914,-0.576
1893.916,-0.788
1893.919,-0.676
1893.922,-0.553
1893.925,-0.897
1893.927,-0.855
1893.930,-0.856
1893.933,-0.973
1893.936,-0.990
1893.938,-0.788
1893.941,-0.528
1893.944,-0.726
1893.947,-0.799
1893.949,-0.856
1893.952,-0.701
1893.955,-0.628
1893.958,-0.462
1893.960,-0.527
1893.963,-0.285
1893.966,-0.325
1893.969,-0.253
1893.971,0.148
1893.974,-0.207
1893.977,-0.324
1893.979,-0.130
1893.982,-0.092
1893.985,-0.210
1893.988,-0.199
1893.990,-0.293
1893.993,-0.733
1893.996,-0.738
1893.999,-0.685
1894.001,-0.389
1894.004,-0.471
1894.007,-0.643
1894.010,-0.821
1894.012,-0.942
1894.015,-0.976
1894.018,-0.933
1894.021,-1.038
1894.023,-1.150
1894.026,-1.010
1894.029,-1.071
1894.031,-1.195
1894.034,-1.184
1894.037,-1.000
1894.040,-0.677
1894.042,-0.462
1894.045,-0.511
1894.048,-0.635
1894.051,-0.620
1894.053,-0.811
1894.056,-0.809
1894.059,-0.681
1894.062,-0.914
1894.064,-1.131
1894.067,-1.315
1894.070,-1.015
1894.073,-0.592
1894.075,-0.506
1894.078,-0.559
1894.081,-0.555
1894.084,-0.444
1894.086,-0.185
1894.089,-0.163
1894.092,-0.199
1894.094,-0.452
1894.097,-0.305
1894.100,-0.216
1894.103,0.100
1894.105,-0.011
1894.108,-0.039
1894.111,-0.302
1894.114,-0.532
1894.116,-0.630
1894.119,-0.483
1894.122,-0.550
1894.125,-0.615
1894.127,-0.348
1894.130,-0.135
1894.133,-0.170
1894.136,-0.381
1894.138,-0.094
1894.141,-0.227
1894.144,-0.581
1894.147,-0.981
1894.149,-0.848
1894.152,-0.473
1894.155,-0.240
1894.158,-0.075
1894.160,-0.034
1894.163,0.002
1894.166,0.294
1894.168,0.196
1894.171,0.191
1894.174,0.069
1894.177,-0.264
1894.179,0.038
1894.182,-0.082
1894.185,0.026
1894.188,0.272
1894.190,0.273
1894.193,0.116
1894.196,0.109
1894.199,0.215
1894.201,-0.048
1894.204,0.076
1894.207,-0.139
1894.210,-0.029
1894.212,-0.206
1894.215,-0.135
1894.218,-0.102
1894.221,-0.059
1894.223,-0.126
1894.226,-0.403
1894.229,-0.605
1894.232,-0.758
1894.234,-0.635
1894.237,-0.314
1894.240,-0.451
1894.242,-0.124
1894.245,-0.075
1894.248,-0.297
1894.251,-0.360
1894.253,-0.389
1894.256,-0.311
1894.259,-0.519
1894.262,-0.706
1894.264,-0.519
1894.267,-0.432
1894.270,-0.384
1894.273,-0.411
1894.275,-0.407
1894.278,-0.681
1894.281,-0.823
1894.284,-0.569
1894.286,-0.578
1894.289,-0.624
1894.292,-0.548
1894.295,-0.621
1894.297,-0.777
1894.300,-0.793
1894.303,-0.764
1894.305,-0.686
1894.308,-0.487
1894.311,-0.482
1894.314,-0.275
1894.316,-0.257
1894.319,-0.173
1894.322,-0.234
1894.325,-0.222
1894.327,-0.143
1894.330,-0.174
1894.333,-0.451
1894.336,-0.362
1894.338,-0.214
1894.341,-0.138
1894.344,-0.375
1894.347,-0.366
1894.349,-0.282
1894.352,-0.405
1894.355,-0.265
1894.358,-0.288
1894.360,-0.147
1894.363,-0.061
1894.366,-0.053
1894.369,-0.187
1894.371,-0.234
1894.374,-0.070
1894.377,-0.333
1894.379,-0.607
1894.382,-0.562
1894.385,-0.462
1894.388,-0.257
1894.390,-0.136
1894.393,-0.189
1894.396,-0.368
1894.399,-0.691
1894.401,-0.570
1894.404,-0.244
1894.407,-0.294
1894.410,-0.366
1894.412,-0.433
1894.415,-0.509
1894.418,-0.349
1894.421,-0.179
1894.423,-0.426
1894.426,-0.570
1894.429,-0.755
1894.432,-0.837
1894.434,-0.711
1894.437,-0.694
1894.440,-0.743
1894.443,-0.662
1894.445,-0.583
1894.448,-0.563
1894.451,-0.668
1894.453,-0.396
1894.456,-0.295
1894.459,-0.307
1894.462,-0.469
1894.464,-0.491
1894.467,-0.463
1894.470,-0.444
1894.473,-0.424
1894.475,-0.398
1894.478,-0.406
1894.481,-0.330
1894.484,-0.308
1894.486,-0.467
1894.489,-0.414
1894.492,-0.233
1894.495,-0.235
1894.497,-0.165
1894.500,-0.050
1894.503,-0.131
1894.505,-0.313
1894.508,-0.250
1894.511,-0.375
1894.514,-0.402
1894.516,-0.441
1894.519,-0.478
1894.522,-0.496
1894.525,-0.507
1894.527,-0.327
1894.530,-0.249
1894.533,-0.269
1894.536,-0.238
1894.538,-0.141
1894.541,-0.208
1894.544,-0.206
1894.547,-0.160
1894.549,-0.163
1894.552,-0.120
1894.555,-0.164
1894.557,-0.135
1894.560,-0.152
1894.563,-0.209
1894.566,-0.140
1894.568,-0.137
1894.571,-0.058
1894.574,0.068
1894.577,-0.044
1894.579,-0.103
1894.582,-0.388
1894.585,-0.506
1894.588,-0.419
1894.590,-0.384
1894.593,-0.324
1894.596,-0.275
1894.599,-0.299
1894.601,-0.317
1894.604,-0.309
1894.607,-0.231
1894.610,-0.227
1894.612,-0.211
1894.615,-0.218
1894.618,-0.291
1894.621,-0.233
1894.623,-0.141
1894.626,-0.178
1894.629,-0.302
1894.631,-0.240
1894.634,-0.227
1894.637,-0.249
1894.640,-0.120
1894.642,-0.151
1894.645,-0.143
1894.648,-0.072
1894.651,-0.160
1894.653,-0.251
1894.656,-0.410
1894.659,-0.513
1894.662,-0.402
1894.664,-0.264
1894.667,-0.095
1894.670,-0.137
1894.673,-0.263
1894.675,-0.390
1894.678,-0.411
1894.681,-0.361
1894.684,-0.170
1894.686,-0.111
1894.689,-0.322
1894.692,-0.501
1894.695,-0.619
1894.697,-0.511
1894.700,-0.574
1894.703,-0.598
1894.705,-0.646
1894.708,-0.757
1894.711,-0.519
1894.714,-0.465
1894.716,-0.530
1894.719,-0.501
1894.722,-0.638
1894.725,-0.444
1894.727,-0.530
1894.730,-0.567
1894.733,-0.563
1894.736,-0.452
1894.738,-0.557
1894.741,-0.519
1894.744,-0.530
1894.747,-0.618
1894.749,-0.535
1894.752,-0.407
1894.755,-0.412
1894.758,-0.491
1894.760,-0.409
1894.763,-0.599
1894.766,-0.545
1894.768,-0.422
1894.771,-0.471
1894.774,-0.481
1894.777,-0.511
1894.779,-0.463
1894.782,-0.297
1894.785,-0.302
1894.788,-0.151
1894.790,0.127
1894.793,0.103
1894.796,0.104
1894.799,0.013
1894.801,0.092
1894.804,0.272
1894.807,0.122
1894.810,0.302
1894.812,0.140
1894.815,0.236
1894.818,0.276
1894.821,0.119
1894.823,-0.036
1894.826,-0.113
1894.829,-0.158
1894.832,-0.260
1894.834,-0.406
1894.837,-0.348
1894.840,-0.206
1894.842,-0.136
1894.845,-0.254
1894.848,-0.247
1894.851,-0.416
1894.853,-0.563
1894.856,-0.520
1894.859,-0.706
1894.862,-0.437
1894.864,-0.199
1894.867,-0.445
1894.870,-0.397
1894.873,-0.193
1894.875,-0.200
1894.878,-0.488
1894.881,-0.894
1894.884,-1.257
1894.886,-1.458
1894.889,-1.139
1894.892,-1.094
1894.895,-1.051
1894.897,-0.705
1894.900,-0.676
1894.903,-0.634
1894.906,-0.793
1894.908,-1.090
1894.911,-0.907
1894.914,-0.548
1894.916,-0.455
1894.919,-0.504
1894.922,-0.569
1894.925,-0.460
1894.927,-0.422
1894.930,-0.380
1894.933,-0.581
1894.936,-0.527
1894.938,-0.941
1894.941,-0.878
1894.944,-0.922
1894.947,-1.128
1894.949,-0.849
1894.952,-0.749
1894.955,-0.664
1894.958,-0.557
1894.960,-0.131
1894.963,-0.190
1894.966,-0.201
1894.969,0.094
1894.971,0.128
1894.974,-0.044
1894.977,-0.167
1894.979,-0.316
1894.982,-0.632
1894.985,-1.134
1894.988,-1.072
1894.990,-0.646
1894.993,-0.769
1894.996,-0.372
1894.999,-0.183
1895.001,-0.448
1895.004,-0.738
1895.007,-1.170
1895.010,-1.154
1895.012,-1.356
1895.015,-1.357
1895.018,-1.438
1895.021,-1.760
1895.023,-1.717
1895.026,-1.741
1895.029,-1.621
1895.031,-1.618
1895.034,-1.540
1895.037,-1.375
1895.040,-1.166
1895.042,-1.275
1895.045,-1.233
1895.048,-1.143
1895.051,-0.853
1895.053,-0.563
1895.056,-0.589
1895.059,-0.880
1895.062,-1.046
1895.064,-0.988
1895.067,-0.779
1895.070,-0.916
1895.073,-1.340
1895.075,-1.425
1895.078,-1.297
1895.081,-1.347
1895.084,-1.628
1895.086,-1.715
1895.089,-1.586
1895.092,-1.437
1895.094,-1.544
1895.097,-1.581
1895.100,-1.665
1895.103,-1.753
1895.105,-1.677
1895.108,-1.314
1895.111,-0.918
1895.114,-1.152
1895.116,-1.455
1895.119,-1.403
1895.122,-1.584
1895.125,-1.552
1895.127,-1.050
1895.130,-0.942
1895.133,-1.164
1895.136,-1.028
1895.138,-0.821
1895.141,-0.593
1895.144,-0.673
1895.147,-0.434
1895.149,-0.210
1895.152,-0.208
1895.155,-0.031
1895.158,-0.070
1895.160,-0.124
1895.163,-0.284
1895.166,-0.248
1895.168,-0.450
1895.171,-0.345
1895.174,-0.382
1895.177,-0.215
1895.179,-0.036
1895.182,-0.156
1895.185,-0.438
1895.188,-0.652
1895.190,-0.895
1895.193,-1.005
1895.196,-0.836
1895.199,-1.156
1895.201,-1.206
1895.204,-1.197
1895.207,-1.043
1895.210,-0.809
1895.212,-0.705
1895.215,-0.425
1895.218,-0.543
1895.221,-0.503
1895.223,-0.552
1895.226,-0.431
1895.229,-0.435
1895.232,-0.462
1895.234,-0.333
1895.237,-0.283
1895.240,-0.107
1895.242,-0.032
1895.245,-0.051
1895.248,-0.240
1895.251,-0.376
1895.253,-0.410
1895.256,-0.534
1895.259,-0.636
1895.262,-0.362
1895.264,-0.018
1895.267,0.214
1895.270,0.415
1895.273,0.060
1895.275,-0.246
1895.278,0.082
1895.281,0.302
1895.284,0.073
1895.286,0.113
1895.289,0.010
1895.292,0.316
1895.295,0.227
1895.297,0.163
1895.300,0.103
1895.303,0.152
1895.305,-0.111
1895.308,-0.132
1895.311,-0.039
1895.314,-0.012
1895.316,-0.097
1895.319,0.045
1895.322,0.270
1895.325,0.375
1895.327,0.269
1895.330,-0.038
1895.333,-0.236
1895.336,0.051
1895.338,0.124
1895.341,-0.026
1895.344,-0.325
1895.347,-0.080
1895.349,0.018
1895.352,-0.098
1895.355,-0.122
1895.358,-0.276
1895.360,-0.426
1895.363,-0.504
1895.366,-0.557
1895.369,-0.437
1895.371,-0.402
1895.374,-0.583
1895.377,-0.518
1895.379,-0.534
1895.382,-0.636
1895.385,-0.474
1895.388,-0.273
1895.390,-0.229
1895.393,-0.335
1895.396,-0.181
1895.399,-0.293
1895.401,-0.512
1895.404,-0.452
1895.407,-0.491
1895.410,-0.542
1895.412,-0.411
1895.415,-0.290
1895.418,-0.196
1895.421,-0.453
1895.423,-0.328
1895.426,-0.374
1895.429,-0.333
1895.432,-0.471
1895.434,-0.159
1895.437,-0.128
1895.440,-0.043
1895.443,-0.110
1895.445,-0.114
1895.448,-0.052
1895.451,-0.109
1895.453,-0.239
1895.456,-0.239
1895.459,-0.112
1895.462,-0.352
1895.464,-0.267
1895.467,-0.287
1895.470,-0.281
1895.473,-0.209
1895.475,-0.151
1895.478,-0.149
1895.481,-0.313
1895.484,-0.389
1895.486,-0.377
1895.489,-0.165
1895.492,-0.110
1895.495,-0.215
1895.497,-0.160
1895.500,-0.116
1895.503,0.028
1895.505,-0.007
1895.508,-0.109
1895.511,-0.185
1895.514,-0.269
1895.516,-0.269
1895.519,-0.267
1895.522,-0.277
1895.525,-0.250
1895.527,-0.268
1895.530,-0.059
1895.533,-0.022
1895.536,0.043
1895.538,0.023
1895.541,0.027
1895.544,-0.010
1895.547,-0.025
1895.549,-0.059
1895.552,-0.052
1895.555,-0.146
1895.557,-0.091
1895.560,-0.085
1895.563,-0.159
1895.566,-0.111
1895.568,-0.163
1895.571,0.045
1895.574,0.112
1895.577,-0.023
1895.579,-0.201
1895.582,-0.212
1895.585,-0.001
1895.588,-0.075
1895.590,-0.059
1895.593,0.008
1895.596,-0.080
1895.599,-0.247
1895.601,-0.308
1895.604,-0.340
1895.607,-0.175
1895.610,0.010
1895.612,-0.055
1895.615,-0.122
1895.618,-0.233
1895.621,-0.227
1895.623,-0.309
1895.626,-0.392
1895.629,-0.532
1895.631,-0.521
1895.634,-0.532
1895.637,-0.463
1895.640,-0.400
1895.642,-0.255
1895.645,-0.206
1895.648,-0.265
1895.651,-0.275
1895.653,-0.220
1895.656,-0.161
1895.659,-0.123
1895.662,-0.269
1895.664,-0.178
1895.667,-0.231
1895.670,-0.216
1895.673,-0.144
1895.675,-0.206
1895.678,-0.311
1895.681,-0.350
1895.684,-0.267
1895.686,-0.239
1895.689,-0.278
1895.692,-0.328
1895.695,-0.258
1895.697,-0.263
1895.700,-0.384
1895.703,-0.428
1895.705,-0.473
1895.708,-0.368
1895.711,-0.213
1895.714,-0.278
1895.716,-0.271
1895.719,-0.289
1895.722,-0.365
1895.725,-0.313
1895.727,-0.365
1895.730,-0.214
1895.733,-0.074
1895.736,0.112
1895.738,-0.103
1895.741,-0.218
1895.744,-0.384
1895.747,-0.297
1895.749,-0.149
1895.752,-0.175
1895.755,-0.248
1895.758,-0.085
1895.760,0.102
1895.763,-0.074
1895.766,-0.273
1895.768,-0.219
1895.771,-0.162
1895.774,-0.153
1895.777,0.068
1895.779,-0.092
1895.782,-0.554
1895.785,-0.351
1895.788,-0.240
1895.790,-0.045
1895.793,-0.180
1895.796,-0.250
1895.799,-0.293
1895.801,-0.314
1895.804,-0.253
1895.807,-0.217
1895.810,-0.145
1895.812,0.207
1895.815,0.436
1895.818,0.207
1895.821,0.037
1895.823,-0.174
1895.826,-0.380
1895.829,-0.431
1895.832,-0.228
1895.834,0.068
1895.837,-0.009
1895.840,-0.378
1895.842,-0.498
1895.845,-0.258
1895.848,-0.334
1895.851,-0.275
1895.853,-0.316
1895.856,-0.360
1895.859,-0.368
1895.862,-0.624
1895.864,-0.519
1895.867,-0.593
1895.870,-0.640
1895.873,-0.371
1895.875,-0.256
1895.878,-0.147
1895.881,-0.260
1895.884,-0.342
1895.886,-0.195
1895.889,-0.132
1895.892,-0.217
1895.895,-0.297
1895.897,-0.758
1895.900,-0.479
1895.903,-0.486
1895.906,-0.746
1895.908,-0.715
1895.911,-0.334
1895.914,-0.058
1895.916,-0.156
1895.919,-0.433
1895.922,-0.345
1895.925,-0.470
1895.927,-0.329
1895.930,-0.247
1895.933,-0.061
1895.936,-0.090
1895.938,0.095
1895.941,0.448
1895.944,0.343
1895.947,0.189
1895.949,0.197
1895.952,0.031
1895.955,0.013
1895.958,-0.154
1895.960,-0.217
1895.963,-0.279
1895.966,-0.512
1895.969,-0.628
1895.971,-0.527
1895.974,-0.607
1895.977,-0.547
1895.979,-0.413
1895.982,-0.377
1895.985,-0.581
1895.988,-0.128
1895.990,-0.065
1895.993,-0.363
1895.996,-0.466
1895.999,-0.705
1896.001,-0.322
1896.004,-0.556
1896.007,-0.768
1896.010,-0.763
1896.012,-0.409
1896.015,-0.184
1896.018,-0.067
1896.021,0.015
1896.023,0.155
1896.026,0.242
1896.029,-0.069
1896.031,-0.234
1896.034,-0.398
1896.037,-0.347
1896.040,-0.315
1896.042,-0.517
1896.045,-0.277
1896.048,-0.064
1896.051,0.026
1896.053,0.192
1896.056,-0.004
1896.059,-0.186
1896.062,-0.079
1896.064,-0.121
1896.067,-0.422
1896.070,-0.532
1896.072,-0.505
1896.075,-0.580
1896.078,-0.558
1896.081,-0.533
1896.083,-0.463
1896.086,-0.255
1896.089,-0.123
1896.092,-0.366
1896.094,-0.221
1896.097,-0.184
1896.100,-0.246
1896.102,-0.410
1896.105,-0.445
1896.108,-0.380
1896.111,-0.319
1896.113,-0.522
1896.116,-0.654
1896.119,-0.621
1896.122,-0.492
1896.124,-0.564
1896.127,-0.533
1896.130,-0.634
1896.133,-0.541
1896.135,-0.241
1896.138,-0.278
1896.141,-0.324
1896.143,-0.137
1896.146,-0.177
1896.149,-0.325
1896.152,-0.598
1896.154,-0.520
1896.157,-0.566
1896.160,-0.663
1896.163,-0.776
1896.165,-0.813
1896.168,-0.926
1896.171,-0.930
1896.173,-0.941
1896.176,-0.984
1896.179,-1.030
1896.182,-1.108
1896.184,-1.119
1896.187,-1.085
1896.190,-0.921
1896.193,-0.947
1896.195,-1.046
1896.198,-0.949
1896.201,-0.984
1896.203,-0.837
1896.206,-0.982
1896.209,-0.933
1896.212,-0.938
1896.214,-0.898
1896.217,-1.094
1896.220,-1.029
1896.223,-1.040
1896.225,-0.740
1896.228,-0.601
1896.231,-0.390
1896.234,-0.422
1896.236,-0.453
1896.239,-0.686
1896.242,-0.790
1896.245,-0.932
1896.247,-0.999
1896.250,-0.938
1896.253,-0.942
1896.255,-0.962
1896.258,-0.888
1896.261,-0.793
1896.264,-1.050
1896.266,-1.279
1896.269,-1.289
1896.272,-1.223
1896.275,-1.328
1896.277,-1.357
1896.280,-1.379
1896.283,-1.184
1896.286,-1.161
1896.288,-0.982
1896.291,-0.942
1896.294,-0.935
1896.297,-0.775
1896.299,-0.791
1896.302,-0.544
1896.305,-0.709
1896.307,-0.763
1896.310,-0.801
1896.313,-0.805
1896.316,-0.626
1896.318,-0.643
1896.321,-0.477
1896.324,-0.481
1896.327,-0.496
1896.329,-0.428
1896.332,-0.495
1896.335,-0.415
1896.337,-0.258
1896.340,-0.214
1896.343,-0.332
1896.346,-0.346
1896.348,-0.171
1896.351,-0.173
1896.354,-0.190
1896.357,-0.168
1896.359,-0.328
1896.362,-0.652
1896.365,-0.798
1896.367,-0.526
1896.370,-0.606
1896.373,-0.579
1896.376,-0.623
1896.378,-0.496
1896.381,-0.655
1896.384,-0.519
1896.387,-0.360
1896.389,-0.368
1896.392,-0.350
1896.395,-0.233
1896.398,-0.176
1896.400,-0.250
1896.403,-0.266
1896.406,-0.432
1896.408,-0.477
1896.411,-0.316
1896.414,-0.458
1896.417,-0.425
1896.419,-0.357
1896.422,-0.303
1896.425,-0.333
1896.428,-0.267
1896.430,-0.142
1896.433,-0.153
1896.436,0.078
1896.438,-0.138
1896.441,-0.209
1896.444,-0.213
1896.447,-0.335
1896.449,-0.281
1896.452,-0.115
1896.455,0.078
1896.458,0.141
1896.460,0.039
1896.463,0.080
1896.466,0.043
1896.469,-0.053
1896.471,-0.081
1896.474,-0.166
1896.477,-0.169
1896.479,-0.053
1896.482,-0.038
1896.485,-0.135
1896.488,-0.023
1896.490,-0.003
1896.493,-0.074
1896.496,-0.122
1896.499,-0.072
1896.501,-0.116
1896.504,-0.071
1896.507,-0.014
1896.510,0.067
1896.512,0.056
1896.515,0.093
1896.518,0.073
1896.521,-0.026
1896.523,0.172
1896.526,0.153
1896.529,0.166
1896.531,0.149
1896.534,0.058
1896.537,-0.016
1896.540,-0.072
1896.542,-0.074
1896.545,-0.104
1896.548,-0.036
1896.551,-0.090
1896.553,-0.063
1896.556,-0.156
1896.559,-0.158
1896.562,-0.178
1896.564,-0.184
1896.567,-0.198
1896.570,-0.111
1896.572,-0.272
1896.575,-0.219
1896.578,-0.198
1896.581,-0.120
1896.583,-0.064
1896.586,-0.138
1896.589,-0.135
1896.592,-0.218
1896.594,-0.312
1896.597,-0.169
1896.600,-0.119
1896.602,-0.058
1896.605,-0.116
1896.608,-0.057
1896.611,0.046
1896.613,-0.047
1896.616,-0.161
1896.619,-0.210
1896.622,-0.237
1896.624,-0.219
1896.627,-0.178
1896.630,-0.096
1896.633,-0.066
1896.635,-0.134
1896.638,-0.154
1896.641,-0.161
1896.643,-0.191
1896.646,-0.021
1896.649,-0.135
1896.652,-0.336
1896.654,-0.301
1896.657,-0.322
1896.660,-0.276
1896.663,-0.163
1896.665,-0.196
1896.668,-0.207
1896.671,-0.261
1896.673,-0.245
1896.676,-0.214
1896.679,-0.227
1896.682,-0.170
1896.684,-0.264
1896.687,-0.343
1896.690,-0.303
1896.693,-0.228
1896.695,-0.047
1896.698,-0.105
1896.701,-0.080
1896.703,-0.052
1896.706,-0.096
1896.709,-0.144
1896.712,-0.125
1896.714,-0.231
1896.717,-0.334
1896.720,-0.373
1896.723,-0.288
1896.725,-0.242
1896.728,-0.262
1896.731,-0.225
1896.734,-0.272
1896.736,-0.308
1896.739,-0.140
1896.742,-0.081
1896.745,-0.132
1896.747,-0.186
1896.750,-0.046
1896.753,-0.064
1896.755,0.111
1896.758,0.048
1896.761,-0.014
1896.764,-0.010
1896.766,0.013
1896.769,0.008
1896.772,0.127
1896.775,0.182
1896.777,0.264
1896.780,0.381
1896.783,0.360
1896.786,0.336
1896.788,0.148
1896.791,0.073
1896.794,-0.080
1896.797,-0.166
1896.799,-0.098
1896.802,-0.119
1896.805,0.102
1896.807,0.200
1896.810,0.111
1896.813,0.045
1896.816,0.376
1896.818,0.442
1896.821,0.483
1896.824,0.591
1896.827,0.458
1896.829,0.344
1896.832,0.218
1896.835,0.124
1896.837,-0.107
1896.840,-0.213
1896.843,0.013
1896.846,-0.112
1896.848,-0.383
1896.851,-0.454
1896.854,-0.643
1896.857,-0.645
1896.859,-0.584
1896.862,-0.473
1896.865,-0.465
1896.867,-0.679
1896.870,-0.411
1896.873,-0.432
1896.876,-0.627
1896.878,-0.689
1896.881,-0.907
1896.884,-0.777
1896.887,-0.927
1896.889,-0.816
1896.892,-0.994
1896.895,-0.938
1896.898,-0.912
1896.900,-0.927
1896.903,-0.972
1896.906,-0.961
1896.908,-1.398
1896.911,-1.484
1896.914,-1.050
1896.917,-1.076
1896.919,-1.139
1896.922,-0.681
1896.925,-0.547
1896.928,-0.194
1896.930,-0.486
1896.933,-0.304
1896.936,-0.193
1896.938,-0.019
1896.941,0.156
1896.944,0.291
1896.947,0.085
1896.949,-0.131
1896.952,-0.385
1896.955,-0.756
1896.958,-0.816
1896.960,-0.716
1896.963,-0.645
1896.966,-0.643
1896.969,-0.536
1896.971,-0.480
1896.974,-0.473
1896.977,-0.462
1896.979,-0.239
1896.982,-0.203
1896.985,0.127
1896.988,0.133
1896.990,0.077
1896.993,-0.021
1896.996,0.121
1896.999,0.188
1897.001,-0.033
1897.004,-0.042
1897.007,-0.235
1897.010,-0.448
1897.012,-0.575
1897.015,-0.594
1897.018,-0.642
1897.021,-0.593
1897.023,-0.705
1897.026,-0.881
1897.029,-0.950
1897.031,-0.981
1897.034,-0.826
1897.037,-0.594
1897.040,-0.643
1897.042,-0.862
1897.045,-0.959
1897.048,-1.232
1897.051,-1.305
1897.053,-1.220
1897.056,-0.661
1897.059,-0.454
1897.062,-0.561
1897.064,-0.898
1897.067,-1.230
1897.070,-1.167
1897.073,-1.181
1897.075,-0.738
1897.078,-0.650
1897.081,-0.764
1897.084,-0.656
1897.086,-0.431
1897.089,-0.214
1897.092,-0.129
1897.094,-0.465
1897.097,-0.824
1897.100,-0.927
1897.103,-1.076
1897.105,-1.122
1897.108,-1.089
1897.111,-0.824
1897.114,-0.639
1897.116,-0.673
1897.119,-0.669
1897.122,-0.655
1897.125,-0.460
1897.127,-0.509
1897.130,-0.634
1897.133,-0.900
1897.136,-0.953
1897.138,-0.779
1897.141,-0.613
1897.144,-0.605
1897.147,-0.650
1897.149,-0.889
1897.152,-1.207
1897.155,-1.129
1897.158,-1.032
1897.160,-0.695
1897.163,-0.611
1897.166,-0.420
1897.168,-0.470
1897.171,-0.614
1897.174,-0.795
1897.177,-1.010
1897.179,-0.930
1897.182,-0.782
1897.185,-0.886
1897.188,-1.132
1897.190,-1.389
1897.193,-1.482
1897.196,-1.375
1897.199,-1.441
1897.201,-1.501
1897.204,-1.456
1897.207,-1.104
1897.210,-1.069
1897.212,-0.798
1897.215,-0.737
1897.218,-0.809
1897.221,-0.901
1897.223,-0.893
1897.226,-0.867
1897.229,-0.809
1897.232,-0.734
1897.234,-0.673
1897.237,-0.338
1897.240,-0.110
1897.242,-0.223
1897.245,-0.240
1897.248,-0.144
1897.251,-0.052
1897.253,-0.096
1897.256,0.144
1897.259,0.206
1897.262,0.368
1897.264,0.196
1897.267,-0.052
1897.270,-0.094
1897.273,-0.113
1897.275,-0.215
1897.278,-0.265
1897.281,-0.039
1897.284,-0.230
1897.286,0.026
1897.289,0.031
1897.292,-0.010
1897.295,-0.048
1897.297,-0.219
1897.300,-0.238
1897.303,0.107
1897.305,0.211
1897.308,0.095
1897.311,0.074
1897.314,0.252
1897.316,0.292
1897.319,0.030
1897.322,-0.018
1897.325,-0.023
1897.327,0.023
1897.330,-0.011
1897.333,0.042
1897.336,-0.015
1897.338,0.058
1897.341,0.188
1897.344,0.323
1897.347,0.026
1897.349,-0.178
1897.352,-0.092
1897.355,-0.028
1897.358,0.067
1897.360,0.174
1897.363,0.184
1897.366,0.258
1897.369,0.337
1897.371,0.440
1897.374,0.434
1897.377,0.438
1897.379,0.464
1897.382,0.312
1897.385,0.135
1897.388,-0.151
1897.390,-0.065
1897.393,0.069
1897.396,-0.059
1897.399,-0.020
1897.401,-0.146
1897.404,-0.003
1897.407,0.043
1897.410,0.050
1897.412,-0.179
1897.415,-0.173
1897.418,-0.283
1897.421,-0.089
1897.423,-0.148
1897.426,-0.188
1897.429,-0.082
1897.432,-0.084
1897.434,-0.177
1897.437,-0.030
1897.440,-0.069
1897.443,0.022
1897.445,-0.050
1897.448,0.056
1897.451,0.098
1897.453,0.048
1897.456,-0.001
1897.459,-0.090
1897.462,-0.246
1897.464,-0.146
1897.467,-0.016
1897.470,-0.057
1897.473,-0.086
1897.475,-0.155
1897.478,-0.058
1897.481,-0.083
1897.484,-0.024
1897.486,0.120
1897.489,0.094
1897.492,0.109
1897.495,-0.006
1897.497,0.171
1897.500,0.169
1897.503,0.001
1897.505,-0.013
1897.508,-0.051
1897.511,-0.009
1897.514,0.071
1897.516,0.172
1897.519,0.151
1897.522,0.082
1897.525,-0.113
1897.527,-0.120
1897.530,-0.191
1897.533,-0.124
1897.536,-0.103
1897.538,-0.190
1897.541,0.011
1897.544,-0.017
1897.547,0.034
1897.549,0.100
1897.552,0.119
1897.555,0.056
1897.557,0.028
1897.560,-0.043
1897.563,-0.021
1897.566,-0.172
1897.568,-0.215
1897.571,-0.163
1897.574,-0.082
1897.577,0.121
1897.579,0.231
1897.582,0.177
1897.585,-0.009
1897.588,0.072
1897.590,-0.033
1897.593,0.006
1897.596,-0.174
1897.599,-0.238
1897.601,-0.199
1897.604,-0.144
1897.607,-0.168
1897.610,-0.200
1897.612,-0.188
1897.615,-0.231
1897.618,-0.351
1897.621,-0.235
1897.623,-0.189
1897.626,-0.271
1897.629,-0.261
1897.631,-0.269
1897.634,-0.215
1897.637,-0.230
1897.640,-0.181
1897.642,-0.332
1897.645,-0.197
1897.648,-0.280
1897.651,-0.168
1897.653,-0.099
1897.656,0.112
1897.659,-0.050
1897.662,-0.059
1897.664,-0.184
1897.667,-0.184
1897.670,-0.192
1897.673,-0.241
1897.675,-0.175
1897.678,-0.351
1897.681,-0.275
1897.684,-0.268
1897.686,-0.155
1897.689,-0.126
1897.692,-0.222
1897.695,-0.140
1897.697,0.012
1897.700,0.028
1897.703,-0.056
1897.705,-0.234
1897.708,-0.376
1897.711,-0.497
1897.714,-0.222
1897.716,-0.193
1897.719,-0.160
1897.722,-0.184
1897.725,-0.138
1897.727,-0.123
1897.730,-0.066
1897.733,0.066
1897.736,-0.002
1897.738,0.001
1897.741,-0.090
1897.744,-0.134
1897.747,-0.082
1897.749,0.095
1897.752,0.002
1897.755,-0.313
1897.758,-0.203
1897.760,-0.257
1897.763,-0.261
1897.766,-0.392
1897.768,-0.334
1897.771,-0.455
1897.774,-0.337
1897.777,-0.219
1897.779,-0.110
1897.782,0.077
1897.785,0.270
1897.788,0.368
1897.790,0.393
1897.793,0.295
1897.796,0.145
1897.799,0.084
1897.801,0.201
1897.804,0.330
1897.807,0.352
1897.810,0.222
1897.812,0.150
1897.815,0.141
1897.818,-0.001
1897.821,0.096
1897.823,0.098
1897.826,-0.215
1897.829,-0.187
1897.832,0.047
1897.834,0.007
1897.837,-0.234
1897.840,-0.284
1897.842,-0.309
1897.845,-0.368
1897.848,-0.321
1897.851,-0.284
1897.853,-0.328
1897.856,-0.336
1897.859,-0.401
1897.862,-0.460
1897.864,-0.423
1897.867,-0.473
1897.870,-0.299
1897.873,-0.530
1897.875,-0.629
1897.878,-0.605
1897.881,-0.298
1897.884,-0.038
1897.886,-0.198
1897.889,-0.313
1897.892,-0.202
1897.895,-0.249
1897.897,-0.110
1897.900,-0.239
1897.903,-0.381
1897.906,-0.788
1897.908,-0.867
1897.911,-0.686
1897.914,-0.724
1897.916,-0.488
1897.919,-0.371
1897.922,-0.548
1897.925,-0.504
1897.927,-0.563
1897.930,-0.427
1897.933,-0.244
1897.936,-0.311
1897.938,-0.318
1897.941,-0.449
1897.944,-0.388
1897.947,-0.209
1897.949,-0.131
1897.952,-0.263
1897.955,-0.432
1897.958,-0.636
1897.960,-0.741
1897.963,-0.816
1897.966,-0.627
1897.969,-0.667
1897.971,-0.521
1897.974,-0.417
1897.977,-0.052
1897.979,-0.185
1897.982,-0.167
1897.985,-0.156
1897.988,0.023
1897.990,0.235
1897.993,0.291
1897.996,-0.006
1897.999,-0.395
1898.001,-0.161
1898.004,0.019
1898.007,0.002
1898.010,-0.094
1898.012,0.305
1898.015,0.306
1898.018,0.719
1898.021,0.993
1898.023,0.741
1898.026,0.533
1898.029,0.259
1898.031,-0.012
1898.034,-0.200
1898.037,-0.181
1898.040,-0.205
1898.042,-0.322
1898.045,-0.321
1898.048,-0.147
1898.051,0.133
1898.053,0.129
1898.056,-0.032
1898.059,-0.105
1898.062,-0.215
1898.064,-0.421
1898.067,-0.323
1898.070,-0.611
1898.073,-0.572
1898.075,-0.066
1898.078,-0.180
1898.081,-0.134
1898.084,-0.051
1898.086,-0.264
1898.089,-0.295
1898.092,0.019
1898.094,0.238
1898.097,0.318
1898.100,0.124
1898.103,-0.061
1898.105,-0.048
1898.108,-0.141
1898.111,-0.158
1898.114,-0.219
1898.116,-0.353
1898.119,-0.532
1898.122,-0.867
1898.125,-1.299
1898.127,-1.346
1898.130,-1.416
1898.133,-1.460
1898.136,-1.292
1898.138,-1.506
1898.141,-1.337
1898.144,-1.357
1898.147,-1.140
1898.149,-1.246
1898.152,-1.580
1898.155,-1.593
1898.158,-1.560
1898.160,-1.474
1898.163,-1.341
1898.166,-1.432
1898.168,-1.252
1898.171,-1.087
1898.174,-1.099
1898.177,-1.064
1898.179,-1.254
1898.182,-1.180
1898.185,-1.321
1898.188,-1.386
1898.190,-1.290
1898.193,-1.203
1898.196,-1.280
1898.199,-1.535
1898.201,-1.545
1898.204,-1.449
1898.207,-1.511
1898.210,-1.522
1898.212,-1.306
1898.215,-1.216
1898.218,-1.544
1898.221,-1.685
1898.223,-1.676
1898.226,-1.294
1898.229,-1.085
1898.232,-1.411
1898.234,-1.244
1898.237,-1.142
1898.240,-1.142
1898.242,-1.005
1898.245,-1.109
1898.248,-0.961
1898.251,-0.887
1898.253,-0.817
1898.256,-0.966
1898.259,-1.107
1898.262,-0.823
1898.264,-0.441
1898.267,-0.274
1898.270,-0.184
1898.273,-0.087
1898.275,-0.157
1898.278,0.019
1898.281,-0.066
1898.284,0.103
1898.286,-0.088
1898.289,-0.045
1898.292,-0.253
1898.295,-0.582
1898.297,-0.703
1898.300,-0.481
1898.303,-0.403
1898.305,-0.330
1898.308,-0.518
1898.311,-0.301
1898.314,-0.053
1898.316,-0.139
1898.319,-0.119
1898.322,-0.251
1898.325,-0.519
1898.327,-0.417
1898.330,-0.232
1898.333,-0.258
1898.336,-0.332
1898.338,-0.352
1898.341,-0.467
1898.344,-0.747
1898.347,-0.715
1898.349,-0.636
1898.352,-0.553
1898.355,-0.494
1898.358,-0.426
1898.360,-0.447
1898.363,-0.275
1898.366,-0.321
1898.369,-0.205
1898.371,-0.175
1898.374,-0.097
1898.377,-0.244
1898.379,-0.326
1898.382,-0.312
1898.385,-0.229
1898.388,-0.078
1898.390,-0.060
1898.393,-0.064
1898.396,-0.041
1898.399,0.007
1898.401,-0.291
1898.404,-0.463
1898.407,-0.373
1898.410,-0.289
1898.412,-0.227
1898.415,-0.136
1898.418,-0.285
1898.421,-0.104
1898.423,-0.067
1898.426,0.031
1898.429,0.064
1898.432,-0.137
1898.434,0.029
1898.437,0.121
1898.440,-0.005
1898.443,-0.125
1898.445,-0.117
1898.448,0.081
1898.451,0.008
1898.453,-0.018
1898.456,-0.074
1898.459,-0.079
1898.462,-0.014
1898.464,-0.043
1898.467,-0.158
1898.470,-0.149
1898.473,0.023
1898.475,-0.008
1898.478,-0.021
1898.481,-0.153
1898.484,-0.143
1898.486,0.034
1898.489,0.068
1898.492,0.080
1898.495,-0.003
1898.497,-0.066
1898.500,-0.111
1898.503,0.016
1898.505,-0.005
1898.508,-0.148
1898.511,-0.264
1898.514,-0.070
1898.516,0.092
1898.519,0.128
1898.522,0.038
1898.525,0.048
1898.527,-0.025
1898.530,0.070
1898.533,0.009
1898.536,0.009
1898.538,-0.007
1898.541,-0.118
1898.544,-0.178
1898.547,-0.261
1898.549,-0.403
1898.552,-0.314
1898.555,-0.176
1898.557,-0.080
1898.560,-0.153
1898.563,-0.107
1898.566,0.147
1898.568,0.255
1898.571,0.173
1898.574,0.069
1898.577,0.039
1898.579,-0.016
1898.582,-0.275
1898.585,-0.098
1898.588,-0.083
1898.590,-0.049
1898.593,-0.080
1898.596,-0.113
1898.599,-0.058
1898.601,-0.050
1898.604,-0.073
1898.607,-0.192
1898.610,-0.288
1898.612,-0.338
1898.615,-0.168
1898.618,-0.267
1898.621,-0.257
1898.623,-0.321
1898.626,-0.508
1898.629,-0.385
1898.631,-0.340
1898.634,-0.217
1898.637,-0.078
1898.640,-0.230
1898.642,-0.315
1898.645,-0.260
1898.648,-0.267
1898.651,-0.360
1898.653,-0.375
1898.656,-0.324
1898.659,-0.375
1898.662,-0.429
1898.664,-0.361
1898.667,-0.366
1898.670,-0.366
1898.673,-0.388
1898.675,-0.397
1898.678,-0.476
1898.681,-0.471
1898.684,-0.547
1898.686,-0.704
1898.689,-0.667
1898.692,-0.476
1898.695,-0.569
1898.697,-0.613
1898.700,-0.453
1898.703,-0.397
1898.705,-0.214
1898.708,-0.178
1898.711,-0.218
1898.714,-0.164
1898.716,-0.174
1898.719,-0.305
1898.722,-0.326
1898.725,-0.195
1898.727,-0.108
1898.730,-0.137
1898.733,-0.003
1898.736,-0.051
1898.738,-0.165
1898.741,-0.270
1898.744,-0.401
1898.747,-0.324
1898.749,-0.393
1898.752,-0.409
1898.755,-0.566
1898.758,-0.418
1898.760,-0.304
1898.763,-0.226
1898.766,-0.178
1898.768,-0.047
1898.771,-0.010
1898.774,0.003
1898.777,0.066
1898.779,-0.179
1898.782,-0.293
1898.785,-0.347
1898.788,-0.736
1898.790,-0.740
1898.793,-0.797
1898.796,-0.613
1898.799,-0.613
1898.801,-0.686
1898.804,-0.815
1898.807,-0.874
1898.810,-0.774
1898.812,-0.673
1898.815,-0.600
1898.818,-0.657
1898.821,-0.598
1898.823,-0.514
1898.826,-0.482
1898.829,-0.386
1898.832,-0.368
1898.834,-0.623
1898.837,-0.499
1898.840,-0.337
1898.842,-0.092
1898.845,0.081
1898.848,-0.162
1898.851,-0.248
1898.853,-0.416
1898.856,-0.794
1898.859,-0.996
1898.862,-0.797
1898.864,-0.598
1898.867,-0.576
1898.870,-0.846
1898.873,-1.120
1898.875,-0.982
1898.878,-0.783
1898.881,-0.636
1898.884,-0.626
1898.886,-0.818
1898.889,-0.921
1898.892,-1.068
1898.895,-1.056
1898.897,-1.121
1898.900,-0.954
1898.903,-0.762
1898.906,-0.576
1898.908,-0.261
1898.911,-0.045
1898.914,-0.151
1898.916,0.050
1898.919,-0.107
1898.922,-0.330
1898.925,-0.190
1898.927,-0.105
1898.930,0.073
1898.933,-0.129
1898.936,-0.370
1898.938,-0.537
1898.941,-0.243
1898.944,-0.273
1898.947,-0.277
1898.949,-0.312
1898.952,-0.225
1898.955,0.190
1898.958,0.428
1898.960,0.236
1898.963,0.326
1898.966,-0.150
1898.969,-0.240
1898.971,-0.276
1898.974,-0.208
1898.977,-0.320
1898.979,-0.150
1898.982,-0.503
1898.985,-0.430
1898.988,-0.297
1898.990,-0.288
1898.993,-0.380
1898.996,-0.427
1898.999,-0.538
1899.001,-0.571
1899.004,-0.234
1899.007,0.007
1899.010,0.004
1899.012,-0.163
1899.015,-0.564
1899.018,-0.574
1899.021,-0.456
1899.023,-0.289
1899.026,-0.338
1899.029,-0.372
1899.031,-0.208
1899.034,-0.195
1899.037,0.060
1899.040,0.407
1899.042,0.614
1899.045,0.405
1899.048,0.225
1899.051,0.364
1899.053,0.466
1899.056,0.529
1899.059,0.363
1899.062,0.283
1899.064,0.217
1899.067,0.054
1899.070,-0.137
1899.073,-0.169
1899.075,-0.549
1899.078,-0.799
1899.081,-0.585
1899.084,-0.562
1899.086,-0.407
1899.089,-0.326
1899.092,-0.266
1899.094,-0.222
1899.097,-0.396
1899.100,-0.510
1899.103,-0.916
1899.105,-0.948
1899.108,-1.271
1899.111,-1.236
1899.114,-1.077
1899.116,-0.902
1899.119,-0.709
1899.122,-0.475
1899.125,-0.265
1899.127,0.036
1899.130,-0.327
1899.133,-0.308
1899.136,-0.110
1899.138,-0.379
1899.141,-0.600
1899.144,-0.826
1899.147,-1.474
1899.149,-1.722
1899.152,-1.280
1899.155,-1.284
1899.158,-1.301
1899.160,-0.921
1899.163,-0.638
1899.166,-0.563
1899.168,-0.577
1899.171,-0.798
1899.174,-1.073
1899.177,-0.957
1899.179,-0.994
1899.182,-0.651
1899.185,-0.623
1899.188,-0.629
1899.190,-0.540
1899.193,-0.641
1899.196,-0.632
1899.199,-0.494
1899.201,-0.367
1899.204,-0.352
1899.207,-0.204
1899.210,-0.268
1899.212,-0.671
1899.215,-0.517
1899.218,-0.720
1899.221,-0.384
1899.223,-0.171
1899.226,-0.446
1899.229,-0.556
1899.232,-0.680
1899.234,-0.663
1899.237,-0.540
1899.240,-0.436
1899.242,-0.451
1899.245,-0.648
1899.248,-0.610
1899.251,-0.484
1899.253,-0.528
1899.256,-0.540
1899.259,-0.358
1899.262,-0.379
1899.264,-0.046
1899.267,0.060
1899.270,0.210
1899.273,0.211
1899.275,0.203
1899.278,0.216
1899.281,0.107
1899.284,0.085
1899.286,0.250
1899.289,0.210
1899.292,0.392
1899.295,0.511
1899.297,0.316
1899.300,0.410
1899.303,0.416
1899.305,0.483
1899.308,0.437
1899.311,0.385
1899.314,0.378
1899.316,0.257
1899.319,0.016
1899.322,-0.097
1899.325,0.122
1899.327,-0.052
1899.330,-0.117
1899.333,-0.104
1899.336,-0.261
1899.338,-0.102
1899.341,-0.051
1899.344,-0.081
1899.347,0.078
1899.349,0.012
1899.352,0.147
1899.355,0.130
1899.358,0.064
1899.360,0.046
1899.363,-0.008
1899.366,-0.089
1899.369,-0.081
1899.371,-0.016
1899.374,-0.043
1899.377,-0.262
1899.379,-0.194
1899.382,-0.295
1899.385,-0.241
1899.388,-0.264
1899.390,-0.227
1899.393,-0.312
1899.396,-0.284
1899.399,-0.667
1899.401,-0.699
1899.404,-0.689
1899.407,-0.526
1899.410,-0.386
1899.412,-0.313
1899.415,-0.334
1899.418,-0.441
1899.421,-0.262
1899.423,-0.307
1899.426,-0.442
1899.429,-0.260
1899.432,-0.051
1899.434,-0.220
1899.437,-0.354
1899.440,-0.528
1899.443,-0.401
1899.445,-0.518
1899.448,-0.521
1899.451,-0.407
1899.453,-0.348
1899.456,-0.409
1899.459,-0.360
1899.462,-0.327
1899.464,-0.196
1899.467,-0.130
1899.470,-0.329
1899.473,-0.356
1899.475,-0.315
1899.478,-0.294
1899.481,-0.351
1899.484,-0.367
1899.486,-0.499
1899.489,-0.503
1899.492,-0.482
1899.495,-0.455
1899.497,-0.444
1899.500,-0.382
1899.503,-0.205
1899.505,-0.377
1899.508,-0.327
1899.511,-0.349
1899.514,-0.179
1899.516,-0.139
1899.519,-0.126
1899.522,-0.270
1899.525,-0.260
1899.527,-0.186
1899.530,-0.022
1899.533,0.035
1899.536,-0.105
1899.538,-0.085
1899.541,-0.209
1899.544,-0.100
1899.547,-0.154
1899.549,-0.267
1899.552,-0.218
1899.555,-0.165
1899.557,0.043
1899.560,0.100
1899.563,0.107
1899.566,0.202
1899.568,0.200
1899.571,0.052
1899.574,-0.028
1899.577,-0.080
1899.579,-0.021
1899.582,-0.027
1899.585,-0.033
1899.588,0.023
1899.590,0.079
1899.593,-0.104
1899.596,-0.096
1899.599,-0.176
1899.601,-0.263
1899.604,-0.363
1899.607,-0.216
1899.610,-0.253
1899.612,-0.162
1899.615,-0.168
1899.618,0.022
1899.621,-0.091
1899.623,-0.220
1899.626,-0.144
1899.629,0.019
1899.631,-0.031
1899.634,-0.145
1899.637,-0.104
1899.640,-0.212
1899.642,-0.261
1899.645,-0.256
1899.648,-0.245
1899.651,-0.249
1899.653,-0.181
1899.656,0.087
1899.659,0.110
1899.662,0.037
1899.664,-0.001
1899.667,0.065
1899.670,0.133
1899.673,0.233
1899.675,0.212
1899.678,0.213
1899.681,0.173
1899.684,0.216
1899.686,0.137
1899.689,0.115
1899.692,0.051
1899.695,0.120
1899.697,0.058
1899.700,-0.070
1899.703,-0.190
1899.705,-0.176
1899.708,-0.182
1899.711,-0.127
1899.714,-0.246
1899.716,-0.090
1899.719,-0.068
1899.722,-0.109
1899.725,0.036
1899.727,0.030
1899.730,0.021
1899.733,-0.009
1899.736,0.020
1899.738,0.173
1899.741,0.033
1899.744,-0.001
1899.747,-0.054
1899.749,-0.008
1899.752,-0.162
1899.755,-0.010
1899.758,0.191
1899.760,0.407
1899.763,0.500
1899.766,0.442
1899.768,0.344
1899.771,0.327
1899.774,0.385
1899.777,0.242
1899.779,0.158
1899.782,0.218
1899.785,0.286
1899.788,0.092
1899.790,-0.008
1899.793,-0.196
1899.796,-0.260
1899.799,-0.025
1899.801,0.127
1899.804,0.124
1899.807,0.102
1899.810,0.104
1899.812,0.140
1899.815,-0.152
1899.818,-0.198
1899.821,-0.102
1899.823,-0.030
1899.826,0.214
1899.829,0.281
1899.832,0.261
1899.834,0.007
1899.837,-0.021
1899.840,0.088
1899.842,0.334
1899.845,0.486
1899.848,0.327
1899.851,0.399
1899.853,0.428
1899.856,0.588
1899.859,0.422
1899.862,0.448
1899.864,0.516
1899.867,0.514
1899.870,0.595
1899.873,0.478
1899.875,0.513
1899.878,0.390
1899.881,0.450
1899.884,0.430
1899.886,0.508
1899.889,0.303
1899.892,0.319
1899.895,0.430
1899.897,0.442
1899.900,0.312
1899.903,0.356
1899.906,0.464
1899.908,0.538
1899.911,0.576
1899.914,0.602
1899.916,0.546
1899.919,0.382
1899.922,-0.015
1899.925,-0.129
1899.927,0.226
1899.930,0.193
1899.933,-0.009
1899.936,0.211
1899.938,-0.081
1899.941,-0.216
1899.944,-0.159
1899.947,-0.414
1899.949,-0.551
1899.952,-0.789
1899.955,-1.241
1899.958,-1.214
1899.960,-1.058
1899.963,-1.164
1899.966,-1.108
1899.969,-1.025
1899.971,-0.949
1899.974,-0.852
1899.977,-0.905
1899.979,-1.032
1899.982,-1.143
1899.985,-1.311
1899.988,-1.236
1899.990,-1.350
1899.993,-1.529
1899.996,-1.388
1899.999,-1.196
1900.001,-1.119
1900.004,-0.820
1900.007,-0.743
1900.010,-0.425
1900.012,-0.485
1900.015,-0.261
1900.018,-0.402
1900.021,-0.690
1900.023,-0.875
1900.026,-0.978
1900.029,-1.010
1900.031,-1.300
1900.034,-1.308
1900.037,-1.235
1900.040,-1.264
1900.042,-0.995
1900.045,-0.911
1900.048,-0.872
1900.051,-0.947
1900.053,-1.307
1900.056,-1.674
1900.059,-1.654
1900.062,-1.533
1900.064,-1.391
1900.067,-1.182
1900.070,-0.884
1900.073,-0.976
1900.075,-0.887
1900.078,-0.904
1900.081,-0.863
1900.084,-1.059
1900.086,-0.685
1900.089,-0.387
1900.092,-0.186
1900.094,0.142
1900.097,0.156
1900.100,-0.031
1900.103,-0.177
1900.105,-0.168
1900.108,-0.086
1900.111,0.278
1900.114,0.282
1900.116,0.064
1900.119,-0.018
1900.122,0.006
1900.125,-0.078
1900.127,-0.425
1900.130,-0.555
1900.133,-0.349
1900.136,-0.082
1900.138,0.191
1900.141,0.476
1900.144,0.271
1900.147,-0.086
1900.149,-0.239
1900.152,-0.198
1900.155,0.045
1900.158,0.056
1900.160,0.074
1900.163,0.168
1900.166,0.094
1900.168,0.030
1900.171,0.052
1900.174,-0.056
1900.177,0.062
1900.179,0.108
1900.182,-0.024
1900.185,0.248
1900.188,0.396
1900.190,0.462
1900.193,0.308
1900.196,0.387
1900.199,0.386
1900.201,0.125
1900.204,0.236
1900.207,0.177
1900.210,0.389
1900.212,0.569
1900.215,0.444
1900.218,0.137
1900.221,0.187
1900.223,0.309
1900.226,0.266
1900.229,0.203
1900.232,0.395
1900.234,0.371
1900.237,0.486
1900.240,0.499
1900.242,0.327
1900.245,0.309
1900.248,0.304
1900.251,0.114
1900.253,-0.195
1900.256,-0.258
1900.259,-0.281
1900.262,-0.031
1900.264,-0.081
1900.267,-0.310
1900.270,-0.312
1900.273,-0.290
1900.275,-0.347
1900.278,-0.354
1900.281,-0.200
1900.284,0.010
1900.286,-0.164
1900.289,-0.246
1900.292,-0.073
1900.295,0.280
1900.297,0.227
1900.300,0.229
1900.303,0.542
1900.305,0.496
1900.308,0.344
1900.311,0.474
1900.314,0.412
1900.316,0.590
1900.319,0.510
1900.322,0.451
1900.325,0.491
1900.327,0.512
1900.330,0.460
1900.333,0.540
1900.336,0.351
1900.338,0.378
1900.341,0.317
1900.344,0.346
1900.347,0.491
1900.349,0.546
1900.352,0.582
1900.355,0.484
1900.358,0.444
1900.360,0.511
1900.363,0.388
1900.366,0.300
1900.369,0.151
1900.371,0.045
1900.374,0.235
1900.377,0.299
1900.379,0.226
1900.382,0.087
1900.385,0.169
1900.388,0.055
1900.390,-0.062
1900.393,-0.208
1900.396,-0.025
1900.399,0.155
1900.401,0.282
1900.404,0.269
1900.407,0.073
1900.410,-0.002
1900.412,-0.163
1900.415,-0.276
1900.418,-0.044
1900.421,0.068
1900.423,0.301
1900.426,0.399
1900.429,0.226
1900.432,0.180
1900.434,0.062
1900.437,0.111
1900.440,-0.064
1900.443,-0.083
1900.445,-0.039
1900.448,-0.168
1900.451,-0.087
1900.453,-0.158
1900.456,-0.265
1900.459,-0.001
1900.462,0.158
1900.464,0.199
1900.467,0.372
1900.470,0.397
1900.473,0.412
1900.475,0.316
1900.478,0.203
1900.481,0.139
1900.484,0.174
1900.486,0.169
1900.489,0.092
1900.492,0.010
1900.495,0.014
1900.497,-0.035
1900.500,0.112
1900.503,0.100
1900.505,-0.101
1900.508,-0.119
1900.511,-0.130
1900.514,-0.043
1900.516,0.021
1900.519,-0.254
1900.522,-0.268
1900.525,-0.234
1900.527,-0.262
1900.530,-0.313
1900.533,-0.228
1900.536,-0.058
1900.538,-0.005
1900.541,-0.217
1900.544,-0.171
1900.547,-0.174
1900.549,-0.091
1900.552,0.035
1900.555,0.013
1900.557,-0.119
1900.560,0.010
1900.563,-0.061
1900.566,-0.060
1900.568,0.073
1900.571,0.022
1900.574,0.087
1900.577,0.327
1900.579,0.133
1900.582,0.049
1900.585,-0.040
1900.588,0.070
1900.590,0.001
1900.593,0.018
1900.596,-0.019
1900.599,0.052
1900.601,0.077
1900.604,0.044
1900.607,-0.002
1900.610,-0.019
1900.612,-0.076
1900.615,-0.093
1900.618,-0.075
1900.621,-0.140
1900.623,-0.056
1900.626,-0.074
1900.629,0.047
1900.631,-0.010
1900.634,-0.106
1900.637,-0.048
1900.640,0.003
1900.642,-0.108
1900.645,-0.066
1900.648,-0.201
1900.651,-0.149
1900.653,-0.038
1900.656,-0.073
1900.659,0.036
1900.662,-0.031
1900.664,-0.120
1900.667,-0.191
1900.670,-0.242
1900.673,-0.321
1900.675,-0.376
1900.678,-0.275
1900.681,-0.096
1900.684,-0.178
1900.686,-0.132
1900.689,0.042
1900.692,-0.029
1900.695,-0.088
1900.697,-0.171
1900.700,-0.214
1900.703,-0.242
1900.705,-0.315
1900.708,-0.236
1900.711,-0.225
1900.714,-0.219
1900.716,-0.255
1900.719,-0.056
1900.722,-0.053
1900.725,-0.123
1900.727,0.059
1900.730,-0.064
1900.733,-0.131
1900.736,-0.057
1900.738,-0.077
1900.741,-0.022
1900.744,0.111
1900.747,0.306
1900.749,0.321
1900.752,0.428
1900.755,0.384
1900.758,0.518
1900.760,0.442
1900.763,0.529
1900.766,0.350
1900.768,0.377
1900.771,0.388
1900.774,0.307
1900.777,0.037
1900.779,0.099
1900.782,0.202
1900.785,0.222
1900.788,0.270
1900.790,0.349
1900.793,0.333
1900.796,0.364
1900.799,0.427
1900.801,0.409
1900.804,0.301
1900.807,0.282
1900.810,0.265
1900.812,0.105
1900.815,0.170
1900.818,0.470
1900.821,0.363
1900.823,0.375
1900.826,0.338
1900.829,0.120
1900.832,0.169
1900.834,0.184
1900.837,0.227
1900.840,0.127
1900.842,-0.354
1900.845,-0.452
1900.848,-0.347
1900.851,-0.154
1900.853,-0.278
1900.856,-0.543
1900.859,-0.508
1900.862,-0.585
1900.864,-0.642
1900.867,-0.573
1900.870,-0.481
1900.873,-0.365
1900.875,-0.414
1900.878,-0.366
1900.881,-0.558
1900.884,-0.744
1900.886,-0.750
1900.889,-0.668
1900.892,-0.672
1900.895,-0.583
1900.897,-0.575
1900.900,-0.449
1900.903,-0.185
1900.906,-0.110
1900.908,-0.177
1900.911,-0.245
1900.914,-0.390
1900.916,-0.560
1900.919,-0.416
1900.922,-0.591
1900.925,-0.541
1900.927,-0.482
1900.930,-0.473
1900.933,-0.626
1900.936,-0.707
1900.938,-0.934
1900.941,-0.814
1900.944,-0.412
1900.947,-0.102
1900.949,-0.133
1900.952,0.149
1900.955,0.240
1900.958,0.520
1900.960,0.777
1900.963,0.565
1900.966,0.217
1900.969,0.473
1900.971,0.758
1900.974,0.624
1900.977,0.644
1900.979,0.467
1900.982,0.237
1900.985,0.023
1900.988,0.002
1900.990,0.028
1900.993,-0.280
1900.996,-0.404
1900.999,-0.659
1901.001,-1.156
1901.004,-1.088
1901.007,-0.985
1901.010,-1.164
1901.012,-1.038
1901.015,-0.884
1901.018,-0.401
1901.021,-0.396
1901.023,-0.751
1901.026,-0.721
1901.029,-0.846
1901.031,-0.741
1901.034,-0.703
1901.037,-0.697
1901.040,-0.708
1901.042,-0.731
1901.045,-0.740
1901.048,-0.819
1901.051,-0.437
1901.053,-0.239
1901.056,0.023
1901.059,0.056
1901.062,0.500
1901.064,0.586
1901.067,0.327
1901.070,0.361
1901.073,0.230
1901.075,0.180
1901.078,0.287
1901.081,0.116
1901.084,-0.164
1901.086,-0.144
1901.089,-0.296
1901.092,0.038
1901.094,0.016
1901.097,0.279
1901.100,0.282
1901.103,0.306
1901.105,0.195
1901.108,-0.146
1901.111,-0.095
1901.114,0.045
1901.116,-0.051
1901.119,-0.134
1901.122,-0.035
1901.125,-0.031
1901.127,0.145
1901.130,0.175
1901.133,0.273
1901.136,0.243
1901.138,-0.151
1901.141,-0.310
1901.144,-0.066
1901.147,0.025
1901.149,-0.096
1901.152,0.106
1901.155,0.144
1901.158,0.258
1901.160,0.489
1901.163,0.366
1901.166,0.453
1901.168,0.477
1901.171,0.252
1901.174,-0.047
1901.177,-0.176
1901.179,0.076
1901.182,0.065
1901.185,0.195
1901.188,-0.094
1901.190,0.054
1901.193,0.149
1901.196,0.288
1901.199,0.374
1901.201,0.424
1901.204,0.303
1901.207,0.559
1901.210,0.549
1901.212,0.539
1901.215,0.777
1901.218,0.991
1901.221,1.073
1901.223,0.878
1901.226,0.741
1901.229,0.356
1901.232,0.278
1901.234,0.321
1901.237,0.222
1901.240,0.281
1901.242,0.232
1901.245,0.376
1901.248,0.400
1901.251,0.224
1901.253,0.585
1901.256,0.314
1901.259,0.409
1901.262,0.459
1901.264,0.473
1901.267,0.623
1901.270,0.614
1901.273,0.623
1901.275,0.562
1901.278,0.440
1901.281,0.308
1901.284,0.190
1901.286,0.289
1901.289,0.398
1901.292,0.391
1901.295,0.274
1901.297,0.420
1901.300,0.372
1901.303,0.413
1901.305,0.259
1901.308,0.351
1901.311,0.287
1901.314,0.020
1901.316,0.224
1901.319,0.128
1901.322,0.146
1901.325,0.307
1901.327,0.356
1901.330,0.274
1901.333,0.311
1901.336,0.133
1901.338,0.076
1901.341,0.094
1901.344,0.004
1901.347,-0.088
1901.349,-0.268
1901.352,0.040
1901.355,0.097
1901.358,-0.037
1901.360,-0.006
1901.363,-0.051
1901.366,-0.031
1901.369,-0.199
1901.371,-0.053
1901.374,0.088
1901.377,0.137
1901.379,0.060
1901.382,0.141
1901.385,0.169
1901.388,-0.071
1901.390,-0.119
1901.393,-0.084
1901.396,-0.017
1901.399,0.002
1901.401,-0.114
1901.404,-0.029
1901.407,-0.207
1901.410,-0.103
1901.412,0.045
1901.415,-0.047
1901.418,-0.202
1901.421,-0.013
1901.423,0.036
1901.426,0.046
1901.429,-0.029
1901.432,-0.059
1901.434,-0.056
1901.437,-0.017
1901.440,0.145
1901.443,0.028
1901.445,-0.364
1901.448,-0.206
1901.451,0.072
1901.453,0.100
1901.456,0.015
1901.459,-0.051
1901.462,0.074
1901.464,0.040
1901.467,-0.004
1901.470,-0.142
1901.473,-0.014
1901.475,-0.101
1901.478,-0.171
1901.481,-0.084
1901.484,0.081
1901.486,-0.031
1901.489,-0.226
1901.492,-0.119
1901.495,-0.001
1901.497,0.041
1901.500,0.116
1901.503,0.151
1901.505,0.015
1901.508,0.182
1901.511,0.063
1901.514,0.020
1901.516,0.079
1901.519,0.162
1901.522,0.324
1901.525,0.366
1901.527,0.341
1901.530,0.422
1901.533,0.325
1901.536,0.245
1901.538,0.158
1901.541,0.216
1901.544,0.161
1901.547,0.099
1901.549,0.115
1901.552,0.055
1901.555,0.008
1901.557,-0.039
1901.560,-0.050
1901.563,-0.137
1901.566,-0.048
1901.568,-0.018
1901.571,-0.012
1901.574,0.021
1901.577,-0.077
1901.579,-0.141
1901.582,-0.099
1901.585,-0.129
1901.588,-0.102
1901.590,-0.003
1901.593,0.045
1901.596,0.018
1901.599,-0.074
1901.601,-0.239
1901.604,-0.083
1901.607,-0.033
1901.610,-0.026
1901.612,0.197
1901.615,0.324
1901.618,0.178
1901.621,0.206
1901.623,0.100
1901.626,0.029
1901.629,-0.099
1901.631,-0.099
1901.634,-0.128
1901.637,-0.274
1901.640,-0.064
1901.642,-0.067
1901.645,-0.119
1901.648,-0.020
1901.651,-0.047
1901.653,0.065
1901.656,0.028
1901.659,-0.053
1901.662,-0.056
1901.664,-0.047
1901.667,-0.004
1901.670,-0.042
1901.673,-0.032
1901.675,-0.103
1901.678,-0.080
1901.681,-0.041
1901.684,0.031
1901.686,-0.063
1901.689,-0.143
1901.692,0.095
1901.695,0.181
1901.697,0.151
1901.700,0.072
1901.703,-0.043
1901.705,-0.054
1901.708,-0.037
1901.711,-0.260
1901.714,-0.444
1901.716,-0.448
1901.719,-0.404
1901.722,-0.146
1901.725,-0.225
1901.727,-0.246
1901.730,-0.407
1901.733,-0.332
1901.736,-0.166
1901.738,-0.260
1901.741,-0.246
1901.744,-0.256
1901.747,-0.271
1901.749,-0.305
1901.752,-0.490
1901.755,-0.485
1901.758,-0.392
1901.760,-0.256
1901.763,-0.244
1901.766,-0.179
1901.768,-0.196
1901.771,-0.314
1901.774,-0.296
1901.777,-0.408
1901.779,-0.374
1901.782,-0.481
1901.785,-0.525
1901.788,-0.590
1901.790,-0.516
1901.793,-0.381
1901.796,-0.414
1901.799,-0.335
1901.801,-0.136
1901.804,0.036
1901.807,0.168
1901.810,0.233
1901.812,0.153
1901.815,0.136
1901.818,0.089
1901.821,-0.165
1901.823,-0.328
1901.826,-0.286
1901.829,-0.257
1901.832,-0.344
1901.834,-0.091
1901.837,-0.240
1901.840,-0.327
1901.842,-0.271
1901.845,-0.504
1901.848,-0.408
1901.851,-0.452
1901.853,-0.460
1901.856,-0.345
1901.859,-0.370
1901.862,-0.404
1901.864,-0.130
1901.867,0.004
1901.870,-0.042
1901.873,-0.017
1901.875,-0.107
1901.878,-0.058
1901.881,-0.064
1901.884,0.123
1901.886,-0.079
1901.889,-0.114
1901.892,-0.107
1901.895,-0.127
1901.897,-0.182
1901.900,-0.047
1901.903,-0.140
1901.906,-0.233
1901.908,-0.107
1901.911,-0.079
1901.914,-0.186
1901.916,-0.030
1901.919,-0.133
1901.922,-0.197
1901.925,0.041
1901.927,-0.038
1901.930,-0.310
1901.933,-0.282
1901.936,-0.161
1901.938,-0.202
1901.941,-0.041
1901.944,-0.034
1901.947,-0.012
1901.949,-0.186
1901.952,-0.575
1901.955,-0.785
1901.958,-0.960
1901.960,-0.811
1901.963,-0.624
1901.966,-0.994
1901.969,-0.821
1901.971,-0.734
1901.974,-0.343
1901.977,0.203
1901.979,0.474
1901.982,0.275
1901.985,0.117
1901.988,-0.167
1901.990,-0.201
1901.993,-0.194
1901.996,-0.274
1901.999,-0.241
1902.001,-0.179
1902.004,-0.013
1902.007,0.176
1902.010,0.102
1902.012,0.387
1902.015,0.478
1902.018,0.649
1902.021,0.885
1902.023,0.504
1902.026,0.611
1902.029,0.733
1902.031,0.421
1902.034,0.363
1902.037,0.218
1902.040,0.054
1902.042,0.105
1902.045,0.118
1902.048,0.080
1902.051,0.024
1902.053,-0.228
1902.056,-0.068
1902.059,-0.158
1902.062,-0.172
1902.064,-0.173
1902.067,-0.256
1902.070,-0.514
1902.073,-0.598
1902.075,-0.647
1902.078,-0.493
1902.081,-0.450
1902.084,-0.550
1902.086,-0.282
1902.089,-0.220
1902.092,-0.113
1902.094,-0.276
1902.097,-0.176
1902.100,0.156
1902.103,0.229
1902.105,0.095
1902.108,0.294
1902.111,0.536
1902.114,0.648
1902.116,0.787
1902.119,0.888
1902.122,0.846
1902.125,0.813
1902.127,0.788
1902.130,0.956
1902.133,0.863
1902.136,0.684
1902.138,0.509
1902.141,0.506
1902.144,0.379
1902.147,0.340
1902.149,0.272
1902.152,0.152
1902.155,0.233
1902.158,0.248
1902.160,0.165
1902.163,0.038
1902.166,0.062
1902.168,0.201
1902.171,0.242
1902.174,-0.138
1902.177,-0.291
1902.179,-0.037
1902.182,-0.006
1902.185,0.069
1902.188,0.163
1902.190,0.315
1902.193,0.076
1902.196,-0.265
1902.199,-0.618
1902.201,-0.756
1902.204,-0.860
1902.207,-1.005
1902.210,-1.115
1902.212,-0.780
1902.215,-0.448
1902.218,-0.306
1902.221,-0.162
1902.223,-0.076
1902.226,-0.074
1902.229,0.049
1902.232,0.005
1902.234,-0.291
1902.237,-0.352
1902.240,-0.546
1902.242,-0.312
1902.245,-0.084
1902.248,-0.154
1902.251,0.072
1902.253,0.300
1902.256,0.190
1902.259,-0.023
1902.262,-0.130
1902.264,-0.441
1902.267,-0.463
1902.270,-0.424
1902.273,-0.361
1902.275,-0.329
1902.278,-0.188
1902.281,-0.241
1902.284,0.059
1902.286,0.044
1902.289,-0.086
1902.292,-0.178
1902.295,-0.411
1902.297,-0.303
1902.300,-0.374
1902.303,-0.322
1902.305,-0.556
1902.308,-0.694
1902.311,-0.413
1902.314,-0.384
1902.316,-0.342
1902.319,-0.593
1902.322,-0.736
1902.325,-0.494
1902.327,-0.433
1902.330,-0.355
1902.333,-0.220
1902.336,-0.081
1902.338,-0.184
1902.341,-0.196
1902.344,-0.308
1902.347,-0.229
1902.349,-0.389
1902.352,-0.534
1902.355,-0.610
1902.358,-0.421
1902.360,-0.361
1902.363,-0.294
1902.366,-0.160
1902.369,-0.235
1902.371,-0.146
1902.374,-0.188
1902.377,-0.423
1902.379,-0.365
1902.382,-0.452
1902.385,-0.414
1902.388,-0.431
1902.390,-0.421
1902.393,-0.269
1902.396,-0.202
1902.399,-0.314
1902.401,-0.490
1902.404,-0.216
1902.407,-0.072
1902.410,-0.146
1902.412,-0.022
1902.415,0.210
1902.418,0.141
1902.421,-0.157
1902.423,-0.185
1902.426,-0.231
1902.429,-0.412
1902.432,-0.487
1902.434,-0.363
1902.437,-0.218
1902.440,-0.108
1902.443,-0.250
1902.445,-0.181
1902.448,0.029
1902.451,-0.043
1902.453,-0.097
1902.456,-0.073
1902.459,-0.231
1902.462,-0.253
1902.464,-0.181
1902.467,-0.132
1902.470,-0.032
1902.473,-0.123
1902.475,-0.176
1902.478,-0.172
1902.481,-0.197
1902.484,-0.147
1902.486,-0.129
1902.489,-0.358
1902.492,-0.317
1902.495,-0.215
1902.497,-0.088
1902.500,-0.004
1902.503,-0.115
1902.505,-0.135
1902.508,-0.025
1902.511,-0.067
1902.514,-0.099
1902.516,-0.101
1902.519,-0.221
1902.522,-0.195
1902.525,-0.063
1902.527,-0.063
1902.530,-0.016
1902.533,0.115
1902.536,0.123
1902.538,0.144
1902.541,0.032
1902.544,-0.147
1902.547,-0.174
1902.549,-0.157
1902.552,-0.040
1902.555,-0.179
1902.557,-0.069
1902.560,-0.175
1902.563,-0.087
1902.566,-0.272
1902.568,-0.236
1902.571,-0.125
1902.574,-0.117
1902.577,0.043
1902.579,0.156
1902.582,0.173
1902.585,0.210
1902.588,0.070
1902.590,-0.018
1902.593,-0.140
1902.596,-0.074
1902.599,-0.066
1902.601,-0.083
1902.604,-0.153
1902.607,-0.221
1902.610,-0.452
1902.612,-0.583
1902.615,-0.526
1902.618,-0.517
1902.621,-0.420
1902.623,-0.395
1902.626,-0.355
1902.629,-0.453
1902.631,-0.324
1902.634,-0.179
1902.637,-0.249
1902.640,-0.168
1902.642,-0.216
1902.645,-0.326
1902.648,-0.281
1902.651,-0.149
1902.653,-0.140
1902.656,0.019
1902.659,-0.061
1902.662,-0.103
1902.664,-0.269
1902.667,-0.227
1902.670,-0.159
1902.673,-0.209
1902.675,-0.294
1902.678,-0.340
1902.681,-0.303
1902.684,-0.130
1902.686,-0.129
1902.689,-0.145
1902.692,-0.153
1902.695,-0.285
1902.697,-0.330
1902.700,-0.613
1902.703,-0.708
1902.705,-0.646
1902.708,-0.475
1902.711,-0.454
1902.714,-0.460
1902.716,-0.381
1902.719,-0.313
1902.722,-0.282
1902.725,-0.414
1902.727,-0.345
1902.730,-0.155
1902.733,-0.241
1902.736,-0.296
1902.738,-0.380
1902.741,-0.418
1902.744,-0.624
1902.747,-0.478
1902.749,-0.658
1902.752,-0.463
1902.755,-0.420
1902.758,-0.368
1902.760,-0.451
1902.763,-0.495
1902.766,-0.686
1902.768,-0.615
1902.771,-0.491
1902.774,-0.378
1902.777,-0.443
1902.779,-0.581
1902.782,-0.406
1902.785,-0.557
1902.788,-0.679
1902.790,-0.494
1902.793,-0.352
1902.796,-0.226
1902.799,-0.081
1902.801,-0.119
1902.804,-0.050
1902.807,0.004
1902.810,-0.228
1902.812,-0.349
1902.815,-0.530
1902.818,-0.725
1902.821,-0.641
1902.823,-0.749
1902.826,-0.893
1902.829,-0.646
1902.832,-0.447
1902.834,-0.100
1902.837,0.009
1902.840,0.018
1902.842,-0.104
1902.845,-0.476
1902.848,-0.676
1902.851,-0.575
1902.853,-0.589
1902.856,-1.041
1902.859,-1.137
1902.862,-0.993
1902.864,-0.870
1902.867,-0.898
1902.870,-0.783
1902.873,-0.932
1902.875,-1.153
1902.878,-1.168
1902.881,-1.402
1902.884,-1.245
1902.886,-0.571
1902.889,-0.521
1902.892,-0.604
1902.895,-0.635
1902.897,-0.793
1902.900,-0.825
1902.903,-1.127
1902.906,-1.525
1902.908,-1.526
1902.911,-1.538
1902.914,-1.428
1902.916,-1.480
1902.919,-1.404
1902.922,-1.604
1902.925,-1.433
1902.927,-1.360
1902.930,-1.463
1902.933,-1.277
1902.936,-0.929
1902.938,-0.691
1902.941,-0.751
1902.944,-0.881
1902.947,-1.045
1902.949,-1.016
1902.952,-1.302
1902.955,-1.703
1902.958,-1.620
1902.960,-1.057
1902.963,-0.681
1902.966,-0.565
1902.969,-0.858
1902.971,-0.910
1902.974,-0.667
1902.977,-0.579
1902.979,-0.810
1902.982,-0.472
1902.985,-0.096
1902.988,-0.061
1902.990,-0.052
1902.993,0.003
1902.996,-0.043
1902.999,-0.201
1903.001,0.106
1903.004,0.378
1903.007,0.542
1903.010,0.601
1903.012,0.241
1903.015,0.357
1903.018,0.090
1903.021,-0.041
1903.023,0.033
1903.026,0.188
1903.029,0.347
1903.031,0.379
1903.034,0.458
1903.037,0.348
1903.040,0.324
1903.042,0.193
1903.045,0.267
1903.048,0.077
1903.051,-0.230
1903.053,-0.388
1903.056,-0.738
1903.059,-0.827
1903.062,-1.092
1903.064,-1.198
1903.067,-0.957
1903.070,-0.877
1903.073,-0.901
1903.075,-0.739
1903.078,-0.510
1903.081,-0.363
1903.084,-0.069
1903.086,-0.026
1903.089,0.165
1903.092,0.095
1903.094,-0.077
1903.097,-0.034
1903.100,0.117
1903.103,0.260
1903.105,0.459
1903.108,0.483
1903.111,0.759
1903.114,0.711
1903.116,0.490
1903.119,0.353
1903.122,0.093
1903.125,-0.255
1903.127,-0.438
1903.130,-0.481
1903.133,-0.593
1903.136,-0.352
1903.138,0.068
1903.141,0.459
1903.144,0.774
1903.147,0.840
1903.149,0.854
1903.152,0.893
1903.155,1.040
1903.158,1.114
1903.160,0.981
1903.163,0.622
1903.166,0.191
1903.168,0.449
1903.171,0.827
1903.174,0.742
1903.177,0.318
1903.179,0.056
1903.182,-0.227
1903.185,-0.215
1903.188,-0.102
1903.190,-0.111
1903.193,-0.209
1903.196,-0.184
1903.199,-0.450
1903.201,-0.537
1903.204,-0.439
1903.207,-0.372
1903.210,-0.452
1903.212,-0.473
1903.215,-0.644
1903.218,-0.854
1903.221,-0.757
1903.223,-0.590
1903.226,-0.649
1903.229,-0.721
1903.232,-0.494
1903.234,-0.436
1903.237,-0.386
1903.240,-0.226
1903.242,-0.156
1903.245,0.067
1903.248,0.202
1903.251,0.185
1903.253,-0.055
1903.256,-0.150
1903.259,-0.048
1903.262,0.026
1903.264,-0.068
1903.267,-0.098
1903.270,-0.301
1903.273,-0.391
1903.275,-0.491
1903.278,-0.395
1903.281,-0.624
1903.284,-0.695
1903.286,-0.457
1903.289,-0.315
1903.292,-0.270
1903.295,-0.213
1903.297,-0.299
1903.300,-0.317
1903.303,-0.433
1903.305,-0.200
1903.308,-0.314
1903.311,-0.434
1903.314,-0.553
1903.316,-0.358
1903.319,-0.262
1903.322,-0.383
1903.325,-0.361
1903.327,-0.290
1903.330,-0.439
1903.333,-0.556
1903.336,-0.378
1903.338,-0.242
1903.341,-0.231
1903.344,-0.130
1903.347,-0.198
1903.349,0.037
1903.352,-0.191
1903.355,-0.344
1903.358,-0.324
1903.360,-0.333
1903.363,-0.356
1903.366,-0.313
1903.369,-0.476
1903.371,-0.560
1903.374,-0.652
1903.377,-0.575
1903.379,-0.492
1903.382,-0.425
1903.385,-0.458
1903.388,-0.311
1903.390,-0.422
1903.393,-0.531
1903.396,-0.440
1903.399,-0.563
1903.401,-0.625
1903.404,-0.545
1903.407,-0.556
1903.410,-0.366
1903.412,-0.327
1903.415,-0.309
1903.418,-0.381
1903.421,-0.264
1903.423,-0.254
1903.426,-0.438
1903.429,-0.289
1903.432,-0.209
1903.434,-0.102
1903.437,-0.248
1903.440,-0.314
1903.443,-0.394
1903.445,-0.607
1903.448,-0.675
1903.451,-0.740
1903.453,-0.629
1903.456,-0.484
1903.459,-0.725
1903.462,-0.757
1903.464,-0.638
1903.467,-0.621
1903.470,-0.658
1903.473,-0.456
1903.475,-0.566
1903.478,-0.415
1903.481,-0.262
1903.484,-0.105
1903.486,-0.272
1903.489,-0.193
1903.492,-0.350
1903.495,-0.383
1903.497,-0.250
1903.500,-0.383
1903.503,-0.515
1903.505,-0.551
1903.508,-0.505
1903.511,-0.334
1903.514,-0.108
1903.516,-0.123
1903.519,-0.057
1903.522,-0.164
1903.525,-0.321
1903.527,-0.457
1903.530,-0.537
1903.533,-0.532
1903.536,-0.368
1903.538,-0.266
1903.541,-0.210
1903.544,-0.188
1903.547,-0.153
1903.549,-0.249
1903.552,-0.310
1903.555,-0.335
1903.557,-0.177
1903.560,0.005
1903.563,-0.055
1903.566,-0.029
1903.568,-0.165
1903.571,-0.161
1903.574,-0.322
1903.577,-0.326
1903.579,-0.442
1903.582,-0.504
1903.585,-0.502
1903.588,-0.446
1903.590,-0.367
1903.593,-0.326
1903.596,-0.315
1903.599,-0.373
1903.601,-0.287
1903.604,-0.363
1903.607,-0.319
1903.610,-0.131
1903.612,-0.433
1903.615,-0.477
1903.618,-0.351
1903.621,-0.296
1903.623,-0.219
1903.626,-0.247
1903.629,-0.306
1903.631,-0.256
1903.634,-0.325
1903.637,-0.386
1903.640,-0.448
1903.642,-0.485
1903.645,-0.395
1903.648,-0.397
1903.651,-0.642
1903.653,-0.478
1903.656,-0.551
1903.659,-0.455
1903.662,-0.393
1903.664,-0.479
1903.667,-0.323
1903.670,-0.304
1903.673,-0.475
1903.675,-0.494
1903.678,-0.661
1903.681,-0.648
1903.684,-0.753
1903.686,-0.733
1903.689,-0.650
1903.692,-0.651
1903.695,-0.575
1903.697,-0.435
1903.700,-0.460
1903.703,-0.610
1903.705,-0.676
1903.708,-0.826
1903.711,-0.976
1903.714,-0.796
1903.716,-0.728
1903.719,-0.618
1903.722,-0.613
1903.725,-0.452
1903.727,-0.428
1903.730,-0.658
1903.733,-0.692
1903.736,-0.652
1903.738,-0.809
1903.741,-0.660
1903.744,-0.612
1903.747,-0.586
1903.749,-0.583
1903.752,-0.790
1903.755,-0.722
1903.758,-0.536
1903.760,-0.518
1903.763,-0.414
1903.766,-0.352
1903.768,-0.183
1903.771,-0.317
1903.774,-0.504
1903.777,-0.629
1903.779,-0.473
1903.782,-0.224
1903.785,-0.220
1903.788,-0.440
1903.790,-0.535
1903.793,-0.641
1903.796,-0.628
1903.799,-0.541
1903.801,-0.398
1903.804,-0.406
1903.807,-0.523
1903.810,-0.619
1903.812,-0.719
1903.815,-0.600
1903.818,-0.523
1903.821,-0.430
1903.823,-0.509
1903.826,-0.359
1903.829,-0.164
1903.832,-0.172
1903.834,-0.076
1903.837,0.076
1903.840,-0.107
1903.842,-0.171
1903.845,-0.504
1903.848,-0.725
1903.851,-0.422
1903.853,-0.164
1903.856,-0.143
1903.859,-0.179
1903.862,-0.439
1903.864,-0.704
1903.867,-0.767
1903.870,-0.861
1903.873,-0.832
1903.875,-1.097
1903.878,-1.406
1903.881,-1.528
1903.884,-1.557
1903.886,-1.210
1903.889,-0.759
1903.892,-0.599
1903.895,-0.459
1903.897,-0.413
1903.900,-0.463
1903.903,-0.398
1903.906,-0.487
1903.908,-0.431
1903.911,-0.512
1903.914,-0.446
1903.916,-0.611
1903.919,-0.857
1903.922,-0.762
1903.925,-0.476
1903.927,-0.403
1903.930,-0.403
1903.933,-0.557
1903.936,-0.692
1903.938,-0.481
1903.941,-0.548
1903.944,-0.899
1903.947,-1.489
1903.949,-1.774
1903.952,-1.905
1903.955,-1.542
1903.958,-1.352
1903.960,-1.189
1903.963,-0.934
1903.966,-0.654
1903.969,-0.448
1903.971,-0.288
1903.974,-0.053
1903.977,0.097
1903.979,-0.238
1903.982,-0.480
1903.985,-0.631
1903.988,-0.763
1903.990,-0.700
1903.993,-0.740
1903.996,-0.607
1903.999,-0.767
1904.001,-0.883
1904.004,-1.254
1904.007,-1.484
1904.010,-1.237
1904.012,-0.836
1904.015,-0.488
1904.018,-0.654
1904.021,-0.542
1904.023,-0.955
1904.026,-0.914
1904.029,-0.829
1904.031,-0.880
1904.034,-0.831
1904.037,-0.744
1904.040,-0.747
1904.042,-0.666
1904.045,-0.832
1904.048,-0.965
1904.051,-1.175
1904.053,-1.258
1904.056,-1.287
1904.059,-1.301
1904.062,-1.081
1904.064,-1.115
1904.067,-1.161
1904.070,-0.989
1904.072,-0.896
1904.075,-0.926
1904.078,-0.668
1904.081,-0.502
1904.083,-0.546
1904.086,-0.562
1904.089,-0.680
1904.092,-0.843
1904.094,-0.847
1904.097,-0.564
1904.100,-0.724
1904.102,-0.968
1904.105,-1.056
1904.108,-1.111
1904.111,-0.867
1904.113,-0.723
1904.116,-0.597
1904.119,-0.409
1904.122,-0.600
1904.124,-0.751
1904.127,-0.586
1904.130,-0.634
1904.133,-0.704
1904.135,-0.988
1904.138,-1.155
1904.141,-1.142
1904.143,-0.604
1904.146,-0.585
1904.149,-0.581
1904.152,-0.518
1904.154,-0.713
1904.157,-0.799
1904.160,-0.841
1904.163,-0.835
1904.165,-0.632
1904.168,-0.951
1904.171,-1.343
1904.173,-1.232
1904.176,-0.977
1904.179,-0.799
1904.182,-0.657
1904.184,-0.648
1904.187,-0.562
1904.190,-0.736
1904.193,-0.853
1904.195,-0.898
1904.198,-0.761
1904.201,-0.553
1904.203,-0.595
1904.206,-0.569
1904.209,-0.433
1904.212,-0.367
1904.214,-0.355
1904.217,-0.531
1904.220,-0.414
1904.223,-0.447
1904.225,-0.369
1904.228,-0.497
1904.231,-0.505
1904.234,-0.603
1904.236,-0.721
1904.239,-0.892
1904.242,-0.716
1904.245,-0.799
1904.247,-0.741
1904.250,-0.771
1904.253,-0.869
1904.255,-0.857
1904.258,-0.954
1904.261,-0.838
1904.264,-0.814
1904.266,-0.789
1904.269,-0.921
1904.272,-0.627
1904.275,-0.598
1904.277,-0.491
1904.280,-0.243
1904.283,-0.287
1904.286,-0.416
1904.288,-0.441
1904.291,-0.633
1904.294,-0.582
1904.297,-0.580
1904.299,-0.685
1904.302,-0.813
1904.305,-0.682
1904.307,-0.478
1904.310,-0.384
1904.313,-0.318
1904.316,-0.374
1904.318,-0.365
1904.321,-0.287
1904.324,-0.039
1904.327,-0.116
1904.329,-0.107
1904.332,-0.207
1904.335,-0.123
1904.337,-0.126
1904.340,-0.231
1904.343,-0.072
1904.346,0.020
1904.348,-0.045
1904.351,-0.171
1904.354,-0.261
1904.357,-0.243
1904.359,-0.354
1904.362,-0.376
1904.365,-0.360
1904.367,-0.432
1904.370,-0.406
1904.373,-0.417
1904.376,-0.188
1904.378,-0.236
1904.381,-0.200
1904.384,-0.208
1904.387,-0.293
1904.389,-0.340
1904.392,-0.609
1904.395,-0.784
1904.398,-0.810
1904.400,-0.935
1904.403,-0.761
1904.406,-0.694
1904.408,-0.509
1904.411,-0.657
1904.414,-0.675
1904.417,-0.658
1904.419,-0.706
1904.422,-0.528
1904.425,-0.614
1904.428,-0.390
1904.430,-0.320
1904.433,-0.530
1904.436,-0.546
1904.438,-0.522
1904.441,-0.440
1904.444,-0.389
1904.447,-0.428
1904.449,-0.477
1904.452,-0.492
1904.455,-0.448
1904.458,-0.284
1904.460,-0.277
1904.463,-0.389
1904.466,-0.401
1904.469,-0.366
1904.471,-0.348
1904.474,-0.479
1904.477,-0.592
1904.479,-0.411
1904.482,-0.375
1904.485,-0.302
1904.488,-0.455
1904.490,-0.355
1904.493,-0.499
1904.496,-0.513
1904.499,-0.692
1904.501,-0.574
1904.504,-0.493
1904.507,-0.549
1904.510,-0.465
1904.512,-0.413
1904.515,-0.298
1904.518,-0.198
1904.521,-0.264
1904.523,-0.282
1904.526,-0.340
1904.529,-0.552
1904.531,-0.586
1904.534,-0.464
1904.537,-0.333
1904.540,-0.469
1904.542,-0.495
1904.545,-0.542
1904.548,-0.544
1904.551,-0.462
1904.553,-0.444
1904.556,-0.561
1904.559,-0.382
1904.562,-0.356
1904.564,-0.256
1904.567,-0.312
1904.570,-0.358
1904.572,-0.518
1904.575,-0.540
1904.578,-0.528
1904.581,-0.338
1904.583,-0.459
1904.586,-0.501
1904.589,-0.318
1904.592,-0.223
1904.594,-0.230
1904.597,-0.338
1904.600,-0.474
1904.602,-0.522
1904.605,-0.606
1904.608,-0.573
1904.611,-0.472
1904.613,-0.408
1904.616,-0.319
1904.619,-0.312
1904.622,-0.251
1904.624,-0.350
1904.627,-0.614
1904.630,-0.587
1904.633,-0.579
1904.635,-0.521
1904.638,-0.623
1904.641,-0.503
1904.643,-0.485
1904.646,-0.435
1904.649,-0.381
1904.652,-0.401
1904.654,-0.469
1904.657,-0.454
1904.660,-0.477
1904.663,-0.500
1904.665,-0.459
1904.668,-0.648
1904.671,-0.749
1904.673,-0.835
1904.676,-0.793
1904.679,-0.643
1904.682,-0.704
1904.684,-0.733
1904.687,-0.806
1904.690,-0.694
1904.693,-0.638
1904.695,-0.683
1904.698,-0.549
1904.701,-0.621
1904.703,-0.716
1904.706,-0.890
1904.709,-1.034
1904.712,-1.016
1904.714,-0.985
1904.717,-0.950
1904.720,-1.048
1904.723,-0.998
1904.725,-0.873
1904.728,-0.893
1904.731,-0.626
1904.734,-0.414
1904.736,-0.385
1904.739,-0.457
1904.742,-0.497
1904.745,-0.668
1904.747,-0.764
1904.750,-0.794
1904.753,-0.792
1904.755,-0.869
1904.758,-0.784
1904.761,-0.750
1904.764,-0.886
1904.766,-0.655
1904.769,-0.277
1904.772,-0.196
1904.775,-0.169
1904.777,-0.166
1904.780,-0.086
1904.783,-0.158
1904.786,-0.235
1904.788,-0.500
1904.791,-0.455
1904.794,-0.277
1904.797,-0.310
1904.799,-0.443
1904.802,-0.514
1904.805,-0.537
1904.807,-0.459
1904.810,-0.585
1904.813,-0.378
1904.816,-0.396
1904.818,-0.173
1904.821,-0.233
1904.824,-0.173
1904.827,-0.100
1904.829,-0.152
1904.832,0.005
1904.835,0.071
1904.837,0.059
1904.840,0.043
1904.843,-0.050
1904.846,0.039
1904.848,-0.206
1904.851,-0.254
1904.854,-0.017
1904.857,0.101
1904.859,0.044
1904.862,-0.080
1904.865,-0.257
1904.867,-0.294
1904.870,-0.258
1904.873,-0.288
1904.876,-0.181
1904.878,-0.196
1904.881,0.008
1904.884,0.112
1904.887,0.217
1904.889,0.298
1904.892,0.258
1904.895,0.204
1904.898,-0.018
1904.900,-0.031
1904.903,0.087
1904.906,-0.136
1904.908,-0.101
1904.911,0.152
1904.914,-0.011
1904.917,0.104
1904.919,0.205
1904.922,-0.305
1904.925,-0.327
1904.928,0.136
1904.930,0.064
1904.933,0.008
1904.936,0.114
1904.938,-0.209
1904.941,-0.456
1904.944,-0.526
1904.947,-0.572
1904.949,-0.605
1904.952,-0.461
1904.955,-0.441
1904.958,-0.256
1904.960,-0.322
1904.963,-0.084
1904.966,-0.139
1904.969,-0.386
1904.971,-0.728
1904.974,-0.565
1904.977,-0.250
1904.979,-0.310
1904.982,-0.296
1904.985,-0.499
1904.988,-0.473
1904.990,-0.199
1904.993,-0.011
1904.996,0.274
1904.999,0.096
1905.001,-0.212
1905.004,-0.261
1905.007,-0.317
1905.010,-0.179
1905.012,-0.078
1905.015,0.115
1905.018,0.331
1905.021,0.118
1905.023,-0.008
1905.026,0.041
1905.029,0.194
1905.031,0.078
1905.034,-0.236
1905.037,-0.517
1905.040,-0.491
1905.042,-0.356
1905.045,0.122
1905.048,0.180
1905.051,-0.063
1905.053,-0.745
1905.056,-1.273
1905.059,-1.284
1905.062,-1.167
1905.064,-0.872
1905.067,-0.952
1905.070,-0.938
1905.073,-1.036
1905.075,-0.896
1905.078,-1.204
1905.081,-1.402
1905.084,-1.470
1905.086,-1.499
1905.089,-1.550
1905.092,-1.466
1905.094,-1.523
1905.097,-1.520
1905.100,-1.487
1905.103,-1.317
1905.105,-1.130
1905.108,-0.992
1905.111,-1.149
1905.114,-1.376
1905.116,-1.577
1905.119,-1.512
1905.122,-1.392
1905.125,-1.354
1905.127,-1.102
1905.130,-0.981
1905.133,-1.036
1905.136,-1.004
1905.138,-0.774
1905.141,-0.576
1905.144,-0.662
1905.147,-0.444
1905.149,-0.560
1905.152,-0.481
1905.155,-0.592
1905.158,-0.521
1905.160,-0.319
1905.163,-0.459
1905.166,-0.626
1905.168,-0.890
1905.171,-0.838
1905.174,-0.777
1905.177,-0.802
1905.179,-0.447
1905.182,-0.322
1905.185,-0.623
1905.188,-0.884
1905.190,-0.924
1905.193,-1.116
1905.196,-0.993
1905.199,-0.921
1905.201,-0.785
1905.204,-0.539
1905.207,-0.126
1905.210,-0.217
1905.212,-0.142
1905.215,-0.476
1905.218,-0.505
1905.221,-0.374
1905.223,-0.377
1905.226,-0.334
1905.229,-0.349
1905.232,-0.343
1905.234,-0.559
1905.237,-0.598
1905.240,-0.550
1905.242,-0.467
1905.245,-0.317
1905.248,-0.219
1905.251,-0.112
1905.253,-0.120
1905.256,-0.136
1905.259,-0.070
1905.262,-0.045
1905.264,-0.152
1905.267,-0.099
1905.270,-0.226
1905.273,-0.303
1905.275,-0.408
1905.278,-0.627
1905.281,-0.618
1905.284,-0.484
1905.286,-0.487
1905.289,-0.718
1905.292,-0.738
1905.295,-0.690
1905.297,-0.498
1905.300,-0.401
1905.303,-0.349
1905.305,-0.234
1905.308,-0.188
1905.311,-0.298
1905.314,-0.358
1905.316,-0.423
1905.319,-0.447
1905.322,-0.754
1905.325,-0.684
1905.327,-0.717
1905.330,-0.488
1905.333,-0.530
1905.336,-0.335
1905.338,-0.401
1905.341,-0.281
1905.344,-0.153
1905.347,-0.254
1905.349,-0.352
1905.352,-0.318
1905.355,-0.486
1905.358,-0.395
1905.360,-0.301
1905.363,-0.255
1905.366,-0.378
1905.369,-0.307
1905.371,-0.275
1905.374,-0.414
1905.377,-0.379
1905.379,-0.275
1905.382,-0.053
1905.385,-0.094
1905.388,-0.071
1905.390,-0.048
1905.393,-0.079
1905.396,0.011
1905.399,0.141
1905.401,0.120
1905.404,0.012
1905.407,0.086
1905.410,0.016
1905.412,-0.071
1905.415,-0.221
1905.418,-0.132
1905.421,-0.072
1905.423,-0.069
1905.426,-0.124
1905.429,-0.204
1905.432,-0.168
1905.434,-0.311
1905.437,-0.298
1905.440,-0.188
1905.443,-0.198
1905.445,0.028
1905.448,-0.044
1905.451,-0.142
1905.453,-0.024
1905.456,-0.337
1905.459,-0.594
1905.462,-0.564
1905.464,-0.403
1905.467,-0.326
1905.470,-0.204
1905.473,-0.233
1905.475,-0.386
1905.478,-0.494
1905.481,-0.403
1905.484,-0.320
1905.486,-0.317
1905.489,-0.214
1905.492,-0.176
1905.495,0.043
1905.497,-0.025
1905.500,-0.066
1905.503,-0.099
1905.505,-0.231
1905.508,-0.254
1905.511,-0.176
1905.514,-0.244
1905.516,-0.256
1905.519,-0.341
1905.522,-0.388
1905.525,-0.321
1905.527,-0.313
1905.530,-0.336
1905.533,-0.148
1905.536,-0.107
1905.538,-0.131
1905.541,-0.163
1905.544,-0.044
1905.547,-0.235
1905.549,-0.123
1905.552,-0.064
1905.555,-0.066
1905.557,-0.237
1905.560,-0.255
1905.563,-0.121
1905.566,-0.167
1905.568,-0.179
1905.571,-0.272
1905.574,-0.216
1905.577,-0.266
1905.579,-0.339
1905.582,-0.354
1905.585,-0.253
1905.588,-0.189
1905.590,-0.041
1905.593,0.088
1905.596,-0.087
1905.599,-0.066
1905.601,-0.186
1905.604,-0.114
1905.607,-0.202
1905.610,-0.256
1905.612,-0.167
1905.615,-0.324
1905.618,-0.311
1905.621,-0.291
1905.623,-0.325
1905.626,-0.307
1905.629,-0.253
1905.631,-0.145
1905.634,-0.236
1905.637,-0.252
1905.640,-0.351
1905.642,-0.315
1905.645,-0.404
1905.648,-0.315
1905.651,-0.298
1905.653,-0.361
1905.656,-0.484
1905.659,-0.508
1905.662,-0.493
1905.664,-0.575
1905.667,-0.548
1905.670,-0.473
1905.673,-0.452
1905.675,-0.377
1905.678,-0.405
1905.681,-0.494
1905.684,-0.505
1905.686,-0.620
1905.689,-0.459
1905.692,-0.337
1905.695,-0.175
1905.697,-0.170
1905.700,-0.312
1905.703,-0.475
1905.705,-0.496
1905.708,-0.260
1905.711,-0.215
1905.714,-0.284
1905.716,-0.365
1905.719,-0.372
1905.722,-0.260
1905.725,-0.317
1905.727,-0.497
1905.730,-0.474
1905.733,-0.432
1905.736,-0.515
1905.738,-0.375
1905.741,-0.079
1905.744,-0.026
1905.747,-0.051
1905.749,-0.091
1905.752,0.065
1905.755,0.208
1905.758,0.394
1905.760,0.316
1905.763,0.321
1905.766,0.250
1905.768,0.108
1905.771,0.050
1905.774,-0.390
1905.777,-0.468
1905.779,-0.534
1905.782,-0.263
1905.785,-0.290
1905.788,-0.430
1905.790,-0.470
1905.793,-0.371
1905.796,-0.611
1905.799,-0.523
1905.801,-0.509
1905.804,-0.424
1905.807,-0.484
1905.810,-0.489
1905.812,-0.393
1905.815,-0.400
1905.818,-0.438
1905.821,-0.743
1905.823,-0.928
1905.826,-0.836
1905.829,-0.530
1905.832,-0.611
1905.834,-0.731
1905.837,-0.676
1905.840,-0.537
1905.842,-0.422
1905.845,-0.302
1905.848,-0.291
1905.851,-0.168
1905.853,-0.237
1905.856,-0.289
1905.859,-0.249
1905.862,-0.335
1905.864,-0.377
1905.867,-0.286
1905.870,-0.369
1905.873,0.184
1905.875,0.356
1905.878,0.578
1905.881,0.165
1905.884,0.082
1905.886,0.249
1905.889,0.459
1905.892,0.560
1905.895,0.546
1905.897,0.306
1905.900,0.500
1905.903,0.398
1905.906,0.174
1905.908,-0.061
1905.911,-0.344
1905.914,-0.683
1905.916,-0.379
1905.919,-0.470
1905.922,-0.454
1905.925,-0.396
1905.927,-0.244
1905.930,-0.198
1905.933,-0.286
1905.936,-0.494
1905.938,-0.484
1905.941,-0.544
1905.944,-0.571
1905.947,-0.579
1905.949,-0.573
1905.952,-0.211
1905.955,0.153
1905.958,-0.039
1905.960,-0.098
1905.963,-0.305
1905.966,-0.561
1905.969,-0.335
1905.971,-0.294
1905.974,-0.129
1905.977,-0.288
1905.979,-0.244
1905.982,-0.307
1905.985,-0.056
1905.988,0.072
1905.990,-0.270
1905.993,-0.443
1905.996,-0.528
1905.999,-0.567
1906.001,-0.596
1906.004,-0.477
1906.007,-0.365
1906.010,-0.366
1906.012,-0.571
1906.015,-0.767
1906.018,-0.639
1906.021,-0.705
1906.023,-0.682
1906.026,-0.460
1906.029,-0.586
1906.031,-0.717
1906.034,-0.342
1906.037,-0.109
1906.040,-0.136
1906.042,-0.525
1906.045,-0.576
1906.048,-0.541
1906.051,-0.421
1906.053,-0.658
1906.056,-0.715
1906.059,-0.770
1906.062,-0.994
1906.064,-1.143
1906.067,-0.975
1906.070,-0.790
1906.073,-0.376
1906.075,-0.026
1906.078,-0.097
1906.081,-0.102
1906.084,-0.050
1906.086,-0.342
1906.089,-0.503
1906.092,-0.573
1906.094,-0.432
1906.097,-0.828
1906.100,-0.979
1906.103,-0.944
1906.105,-0.977
1906.108,-0.884
1906.111,-0.517
1906.114,-0.573
1906.116,-0.565
1906.119,-0.564
1906.122,-1.132
1906.125,-1.073
1906.127,-1.029
1906.130,-0.893
1906.133,-0.629
1906.136,-0.647
1906.138,-0.791
1906.141,-0.803
1906.144,-0.957
1906.147,-0.996
1906.149,-1.217
1906.152,-1.184
1906.155,-1.069
1906.158,-0.886
1906.160,-0.761
1906.163,-0.931
1906.166,-0.504
1906.168,-0.496
1906.171,-0.587
1906.174,-0.391
1906.177,-0.092
1906.179,0.080
1906.182,0.134
1906.185,-0.020
1906.188,-0.090
1906.190,-0.338
1906.193,-0.607
1906.196,-0.553
1906.199,-0.543
1906.201,-0.617
1906.204,-0.575
1906.207,-0.528
1906.210,-0.603
1906.212,-0.552
1906.215,-0.554
1906.218,-0.663
1906.221,-0.784
1906.223,-0.769
1906.226,-0.331
1906.229,-0.005
1906.232,0.270
1906.234,0.366
1906.237,0.377
1906.240,0.264
1906.242,0.283
1906.245,0.335
1906.248,0.179
1906.251,-0.007
1906.253,-0.046
1906.256,0.077
1906.259,0.303
1906.262,0.310
1906.264,0.184
1906.267,0.223
1906.270,0.472
1906.273,0.473
1906.275,0.591
1906.278,0.554
1906.281,0.393
1906.284,0.428
1906.286,0.520
1906.289,0.460
1906.292,0.658
1906.295,0.680
1906.297,0.498
1906.300,0.620
1906.303,0.695
1906.305,0.812
1906.308,0.551
1906.311,0.563
1906.314,0.427
1906.316,0.289
1906.319,0.347
1906.322,0.422
1906.325,0.570
1906.327,0.550
1906.330,0.561
1906.333,0.462
1906.336,0.456
1906.338,0.316
1906.341,0.122
1906.344,-0.172
1906.347,-0.272
1906.349,-0.094
1906.352,-0.055
1906.355,0.112
1906.358,0.317
1906.360,0.383
1906.363,0.103
1906.366,0.047
1906.369,-0.078
1906.371,-0.062
1906.374,0.068
1906.377,0.150
1906.379,0.126
1906.382,0.080
1906.385,0.207
1906.388,-0.000
1906.390,-0.021
1906.393,-0.032
1906.396,-0.075
1906.399,-0.163
1906.401,-0.168
1906.404,-0.292
1906.407,-0.406
1906.410,-0.538
1906.412,-0.274
1906.415,-0.005
1906.418,0.189
1906.421,0.193
1906.423,0.324
1906.426,0.371
1906.429,0.216
1906.432,0.107
1906.434,0.181
1906.437,0.064
1906.440,0.025
1906.443,-0.029
1906.445,-0.119
1906.448,-0.137
1906.451,0.006
1906.453,0.093
1906.456,0.020
1906.459,-0.057
1906.462,-0.044
1906.464,-0.072
1906.467,-0.163
1906.470,-0.044
1906.473,-0.050
1906.475,-0.291
1906.478,-0.156
1906.481,0.022
1906.484,0.002
1906.486,0.079
1906.489,-0.039
1906.492,0.025
1906.495,-0.205
1906.497,-0.154
1906.500,-0.206
1906.503,-0.316
1906.505,-0.271
1906.508,-0.165
1906.511,-0.108
1906.514,-0.169
1906.516,-0.093
1906.519,-0.112
1906.522,-0.029
1906.525,-0.015
1906.527,-0.034
1906.530,-0.156
1906.533,-0.188
1906.536,-0.303
1906.538,-0.338
1906.541,-0.193
1906.544,-0.150
1906.547,-0.079
1906.549,-0.066
1906.552,-0.098
1906.555,-0.028
1906.557,-0.094
1906.560,-0.050
1906.563,0.015
1906.566,0.056
1906.568,0.053
1906.571,0.086
1906.574,-0.044
1906.577,0.026
1906.579,-0.137
1906.582,-0.413
1906.585,-0.299
1906.588,-0.144
1906.590,-0.272
1906.593,-0.265
1906.596,-0.271
1906.599,-0.169
1906.601,-0.161
1906.604,-0.087
1906.607,-0.112
1906.610,-0.196
1906.612,-0.168
1906.615,-0.008
1906.618,-0.068
1906.621,0.025
1906.623,0.062
1906.626,0.197
1906.629,0.044
1906.631,-0.150
1906.634,-0.202
1906.637,-0.246
1906.640,-0.167
1906.642,-0.143
1906.645,-0.171
1906.648,-0.214
1906.651,-0.478
1906.653,-0.532
1906.656,-0.652
1906.659,-0.644
1906.662,-0.580
1906.664,-0.601
1906.667,-0.499
1906.670,-0.353
1906.673,-0.321
1906.675,-0.384
1906.678,-0.297
1906.681,-0.177
1906.684,-0.123
1906.686,-0.200
1906.689,-0.249
1906.692,-0.232
1906.695,-0.389
1906.697,-0.411
1906.700,-0.407
1906.703,-0.462
1906.705,-0.414
1906.708,-0.243
1906.711,-0.043
1906.714,-0.045
1906.716,-0.222
1906.719,-0.254
1906.722,-0.267
1906.725,-0.032
1906.727,-0.136
1906.730,-0.358
1906.733,-0.221
1906.736,-0.206
1906.738,-0.288
1906.741,-0.357
1906.744,-0.525
1906.747,-0.570
1906.749,-0.402
1906.752,-0.093
1906.755,-0.127
1906.758,-0.191
1906.760,-0.368
1906.763,-0.354
1906.766,-0.208
1906.768,-0.269
1906.771,-0.254
1906.774,-0.349
1906.777,-0.172
1906.779,0.007
1906.782,0.108
1906.785,0.126
1906.788,0.271
1906.790,0.503
1906.793,0.569
1906.796,0.499
1906.799,0.394
1906.801,0.047
1906.804,0.236
1906.807,0.181
1906.810,0.091
1906.812,-0.084
1906.815,-0.365
1906.818,-0.352
1906.821,-0.416
1906.823,-0.571
1906.826,-0.519
1906.829,-0.459
1906.832,-0.641
1906.834,-0.765
1906.837,-0.641
1906.840,-0.743
1906.842,-0.602
1906.845,-0.287
1906.848,-0.183
1906.851,-0.204
1906.853,-0.138
1906.856,-0.196
1906.859,-0.314
1906.862,-0.569
1906.864,-0.746
1906.867,-0.878
1906.870,-0.765
1906.873,-0.725
1906.875,-0.916
1906.878,-0.914
1906.881,-0.823
1906.884,-0.852
1906.886,-0.797
1906.889,-0.802
1906.892,-0.698
1906.895,-0.644
1906.897,-0.341
1906.900,-0.102
1906.903,-0.076
1906.906,-0.084
1906.908,-0.284
1906.911,-0.171
1906.914,0.038
1906.916,-0.028
1906.919,-0.055
1906.922,-0.021
1906.925,-0.201
1906.927,-0.254
1906.930,-0.323
1906.933,-0.611
1906.936,-0.367
1906.938,-0.203
1906.941,0.012
1906.944,0.346
1906.947,0.300
1906.949,0.176
1906.952,0.091
1906.955,-0.051
1906.958,-0.428
1906.960,-0.735
1906.963,-0.764
1906.966,-0.666
1906.969,-0.449
1906.971,-0.336
1906.974,-0.369
1906.977,-0.315
1906.979,-0.109
1906.982,-0.041
1906.985,0.247
1906.988,0.425
1906.990,0.394
1906.993,0.617
1906.996,0.440
1906.999,0.034
1907.001,-0.060
1907.004,-0.063
1907.007,-0.012
1907.010,0.156
1907.012,-0.123
1907.015,-0.217
1907.018,-0.282
1907.021,-0.389
1907.023,-0.503
1907.026,-0.176
1907.029,-0.163
1907.031,-0.308
1907.034,-0.605
1907.037,-0.585
1907.040,-1.061
1907.042,-1.010
1907.045,-1.063
1907.048,-1.096
1907.051,-1.146
1907.053,-1.330
1907.056,-1.638
1907.059,-1.928
1907.062,-1.612
1907.064,-1.332
1907.067,-1.373
1907.070,-1.485
1907.073,-1.769
1907.075,-1.740
1907.078,-1.205
1907.081,-0.859
1907.084,-1.053
1907.086,-1.001
1907.089,-1.367
1907.092,-1.628
1907.094,-1.582
1907.097,-1.572
1907.100,-1.418
1907.103,-0.947
1907.105,-0.764
1907.108,-0.684
1907.111,-0.912
1907.114,-0.998
1907.116,-1.018
1907.119,-0.785
1907.122,-0.705
1907.125,-0.618
1907.127,-0.582
1907.130,-0.664
1907.133,-0.880
1907.136,-0.950
1907.138,-0.927
1907.141,-0.954
1907.144,-0.800
1907.147,-0.622
1907.149,-0.615
1907.152,-0.737
1907.155,-0.720
1907.158,-0.731
1907.160,-0.539
1907.163,-0.470
1907.166,-0.528
1907.168,-0.483
1907.171,-0.371
1907.174,-0.131
1907.177,-0.154
1907.179,-0.260
1907.182,-0.251
1907.185,-0.429
1907.188,-0.296
1907.190,-0.552
1907.193,-0.580
1907.196,-0.910
1907.199,-0.863
1907.201,-1.116
1907.204,-0.851
1907.207,-0.569
1907.210,-0.460
1907.212,-0.113
1907.215,-0.209
1907.218,-0.392
1907.221,-0.571
1907.223,-0.790
1907.226,-0.926
1907.229,-0.813
1907.232,-0.711
1907.234,-0.655
1907.237,-0.561
1907.240,-0.762
1907.242,-0.687
1907.245,-0.544
1907.248,-0.629
1907.251,-0.704
1907.253,-0.659
1907.256,-0.442
1907.259,-0.354
1907.262,-0.423
1907.264,-0.584
1907.267,-0.520
1907.270,-0.369
1907.273,-0.479
1907.275,-0.439
1907.278,-0.416
1907.281,-0.487
1907.284,-0.428
1907.286,-0.356
1907.289,-0.595
1907.292,-0.749
1907.295,-0.570
1907.297,-0.708
1907.300,-0.843
1907.303,-0.861
1907.305,-0.726
1907.308,-0.624
1907.311,-0.797
1907.314,-0.763
1907.316,-0.751
1907.319,-0.570
1907.322,-0.646
1907.325,-0.580
1907.327,-0.704
1907.330,-0.922
1907.333,-0.909
1907.336,-0.775
1907.338,-0.746
1907.341,-0.705
1907.344,-0.729
1907.347,-0.609
1907.349,-0.639
1907.352,-0.462
1907.355,-0.627
1907.358,-0.774
1907.360,-0.802
1907.363,-0.539
1907.366,-0.722
1907.369,-0.877
1907.371,-0.780
1907.374,-0.748
1907.377,-0.747
1907.379,-0.806
1907.382,-0.898
1907.385,-0.861
1907.388,-0.767
1907.390,-0.859
1907.393,-0.779
1907.396,-0.865
1907.399,-0.828
1907.401,-0.829
1907.404,-0.837
1907.407,-0.993
1907.410,-1.003
1907.412,-0.997
1907.415,-0.763
1907.418,-0.864
1907.421,-0.917
1907.423,-0.704
1907.426,-0.412
1907.429,-0.565
1907.432,-0.618
1907.434,-0.749
1907.437,-0.732
1907.440,-0.622
1907.443,-0.429
1907.445,-0.459
1907.448,-0.527
1907.451,-0.493
1907.453,-0.569
1907.456,-0.701
1907.459,-0.820
1907.462,-0.710
1907.464,-0.773
1907.467,-0.834
1907.470,-0.834
1907.473,-0.694
1907.475,-0.568
1907.478,-0.402
1907.481,-0.617
1907.484,-0.629
1907.486,-0.583
1907.489,-0.560
1907.492,-0.521
1907.495,-0.352
1907.497,-0.523
1907.500,-0.447
1907.503,-0.511
1907.505,-0.397
1907.508,-0.283
1907.511,-0.319
1907.514,-0.387
1907.516,-0.483
1907.519,-0.545
1907.522,-0.469
1907.525,-0.424
1907.527,-0.651
1907.530,-0.546
1907.533,-0.630
1907.536,-0.379
1907.538,-0.445
1907.541,-0.463
1907.544,-0.451
1907.547,-0.601
1907.549,-0.472
1907.552,-0.491
1907.555,-0.334
1907.557,-0.544
1907.560,-0.502
1907.563,-0.300
1907.566,-0.420
1907.568,-0.425
1907.571,-0.340
1907.574,-0.284
1907.577,-0.469
1907.579,-0.505
1907.582,-0.635
1907.585,-0.656
1907.588,-0.616
1907.590,-0.730
1907.593,-0.699
1907.596,-0.421
1907.599,-0.540
1907.601,-0.624
1907.604,-0.563
1907.607,-0.416
1907.610,-0.368
1907.612,-0.324
1907.615,-0.425
1907.618,-0.396
1907.621,-0.359
1907.623,-0.353
1907.626,-0.311
1907.629,-0.320
1907.631,-0.337
1907.634,-0.396
1907.637,-0.581
1907.640,-0.585
1907.642,-0.439
1907.645,-0.427
1907.648,-0.490
1907.651,-0.540
1907.653,-0.481
1907.656,-0.482
1907.659,-0.491
1907.662,-0.550
1907.664,-0.511
1907.667,-0.440
1907.670,-0.447
1907.673,-0.531
1907.675,-0.537
1907.678,-0.493
1907.681,-0.480
1907.684,-0.293
1907.686,-0.353
1907.689,-0.401
1907.692,-0.571
1907.695,-0.593
1907.697,-0.635
1907.700,-0.565
1907.703,-0.561
1907.705,-0.533
1907.708,-0.490
1907.711,-0.554
1907.714,-0.513
1907.716,-0.392
1907.719,-0.376
1907.722,-0.381
1907.725,-0.426
1907.727,-0.424
1907.730,-0.542
1907.733,-0.534
1907.736,-0.645
1907.738,-0.553
1907.741,-0.523
1907.744,-0.459
1907.747,-0.436
1907.749,-0.167
1907.752,-0.170
1907.755,-0.317
1907.758,-0.361
1907.760,-0.260
1907.763,-0.193
1907.766,-0.355
1907.768,-0.299
1907.771,-0.217
1907.774,-0.090
1907.777,-0.060
1907.779,-0.060
1907.782,-0.007
1907.785,0.130
1907.788,0.185
1907.790,0.051
1907.793,-0.123
1907.796,-0.108
1907.799,0.089
1907.801,0.150
1907.804,0.221
1907.807,0.282
1907.810,0.188
1907.812,0.055
1907.815,0.088
1907.818,-0.101
1907.821,-0.217
1907.823,-0.242
1907.826,-0.248
1907.829,-0.290
1907.832,-0.512
1907.834,-0.470
1907.837,-0.511
1907.840,-0.723
1907.842,-0.744
1907.845,-0.852
1907.848,-0.960
1907.851,-0.790
1907.853,-0.708
1907.856,-0.531
1907.859,-0.455
1907.862,-0.951
1907.864,-1.172
1907.867,-1.361
1907.870,-1.426
1907.873,-1.322
1907.875,-1.374
1907.878,-1.418
1907.881,-1.292
1907.884,-1.013
1907.886,-0.972
1907.889,-1.050
1907.892,-1.043
1907.895,-1.077
1907.897,-1.101
1907.900,-0.945
1907.903,-0.813
1907.906,-0.681
1907.908,-0.694
1907.911,-0.748
1907.914,-0.559
1907.916,-0.407
1907.919,-0.297
1907.922,-0.251
1907.925,-0.377
1907.927,-0.473
1907.930,-0.169
1907.933,-0.222
1907.936,-0.220
1907.938,-0.052
1907.941,0.072
1907.944,-0.207
1907.947,-0.260
1907.949,-0.554
1907.952,-0.628
1907.955,-0.732
1907.958,-0.624
1907.960,-0.890
1907.963,-0.732
1907.966,-0.916
1907.969,-0.976
1907.971,-0.549
1907.974,-0.327
1907.977,-0.570
1907.979,-0.640
1907.982,-1.184
1907.985,-1.064
1907.988,-1.275
1907.990,-1.076
1907.993,-1.069
1907.996,-1.081
1907.999,-1.005
1908.001,-0.989
1908.004,-0.898
1908.007,-0.632
1908.010,-0.574
1908.012,-0.379
1908.015,0.092
1908.018,-0.179
1908.021,-0.370
1908.023,-0.449
1908.026,-0.365
1908.029,-0.506
1908.031,-0.552
1908.034,-0.445
1908.037,-0.629
1908.040,-0.819
1908.042,-0.847
1908.045,-0.618
1908.048,-0.252
1908.051,-0.271
1908.053,-0.131
1908.056,-0.075
1908.059,-0.302
1908.062,-0.462
1908.064,-0.294
1908.067,-0.109
1908.070,0.021
1908.072,0.262
1908.075,0.136
1908.078,-0.102
1908.081,-0.473
1908.083,-0.864
1908.086,-0.709
1908.089,-0.821
1908.092,-0.562
1908.094,-0.471
1908.097,-0.611
1908.100,-0.565
1908.102,-0.426
1908.105,-0.656
1908.108,-0.666
1908.111,-0.103
1908.113,0.169
1908.116,0.219
1908.119,0.065
1908.122,0.133
1908.124,0.098
1908.127,0.042
1908.130,-0.007
1908.133,-0.191
1908.135,-0.320
1908.138,-0.540
1908.141,-0.485
1908.143,-0.376
1908.146,-0.414
1908.149,-0.389
1908.152,-0.529
1908.154,-0.580
1908.157,-0.576
1908.160,-0.622
1908.163,-0.701
1908.165,-0.778
1908.168,-0.651
1908.171,-0.723
1908.173,-0.915
1908.176,-0.953
1908.179,-0.804
1908.182,-0.688
1908.184,-0.896
1908.187,-1.038
1908.190,-1.034
1908.193,-0.843
1908.195,-1.134
1908.198,-1.038
1908.201,-0.894
1908.203,-1.101
1908.206,-1.369
1908.209,-1.424
1908.212,-1.293
1908.214,-1.068
1908.217,-1.014
1908.220,-0.890
1908.223,-0.817
1908.225,-0.764
1908.228,-0.963
1908.231,-0.791
1908.234,-0.752
1908.236,-1.070
1908.239,-1.051
1908.242,-0.868
1908.245,-0.864
1908.247,-0.892
1908.250,-0.969
1908.253,-0.901
1908.255,-0.801
1908.258,-0.743
1908.261,-0.647
1908.264,-0.521
1908.266,-0.582
1908.269,-0.655
1908.272,-0.639
1908.275,-0.403
1908.277,-0.593
1908.280,-0.403
1908.283,-0.198
1908.286,-0.158
1908.288,-0.217
1908.291,-0.212
1908.294,-0.178
1908.297,-0.140
1908.299,-0.038
1908.302,-0.056
1908.305,-0.125
1908.307,-0.081
1908.310,-0.208
1908.313,-0.217
1908.316,-0.187
1908.318,-0.251
1908.321,-0.429
1908.324,-0.564
1908.327,-0.647
1908.329,-0.528
1908.332,-0.314
1908.335,-0.027
1908.337,-0.109
1908.340,-0.276
1908.343,-0.017
1908.346,-0.197
1908.348,-0.346
1908.351,-0.360
1908.354,-0.146
1908.357,-0.179
1908.359,-0.101
1908.362,-0.104
1908.365,-0.040
1908.367,-0.286
1908.370,-0.078
1908.373,0.109
1908.376,0.173
1908.378,0.068
1908.381,0.080
1908.384,-0.104
1908.387,-0.075
1908.389,0.035
1908.392,0.155
1908.395,0.116
1908.398,-0.009
1908.400,-0.066
1908.403,-0.198
1908.406,-0.189
1908.408,-0.017
1908.411,0.009
1908.414,-0.115
1908.417,0.040
1908.419,-0.113
1908.422,-0.163
1908.425,-0.155
1908.428,-0.214
1908.430,-0.169
1908.433,-0.161
1908.436,-0.084
1908.438,-0.004
1908.441,-0.044
1908.444,-0.049
1908.447,-0.202
1908.449,-0.144
1908.452,-0.086
1908.455,-0.108
1908.458,-0.150
1908.460,-0.098
1908.463,0.034
1908.466,0.014
1908.469,-0.182
1908.471,-0.173
1908.474,-0.110
1908.477,-0.142
1908.479,-0.241
1908.482,-0.234
1908.485,-0.242
1908.488,-0.105
1908.490,-0.147
1908.493,-0.178
1908.496,-0.167
1908.499,-0.073
1908.501,-0.118
1908.504,-0.153
1908.507,-0.170
1908.510,-0.204
1908.512,0.047
1908.515,-0.035
1908.518,-0.005
1908.521,-0.026
1908.523,0.094
1908.526,0.074
1908.529,-0.035
1908.531,-0.035
1908.534,-0.115
1908.537,-0.064
1908.540,0.186
1908.542,0.251
1908.545,0.186
1908.548,0.098
1908.551,-0.009
1908.553,-0.106
1908.556,-0.222
1908.559,-0.174
1908.562,-0.142
1908.564,-0.188
1908.567,-0.190
1908.570,-0.235
1908.572,-0.286
1908.575,-0.296
1908.578,-0.379
1908.581,-0.292
1908.583,-0.319
1908.586,-0.390
1908.589,-0.506
1908.592,-0.394
1908.594,-0.376
1908.597,-0.372
1908.600,-0.231
1908.602,-0.344
1908.605,-0.254
1908.608,-0.242
1908.611,-0.158
1908.613,-0.271
1908.616,-0.451
1908.619,-0.410
1908.622,-0.440
1908.624,-0.525
1908.627,-0.509
1908.630,-0.390
1908.633,-0.422
1908.635,-0.400
1908.638,-0.303
1908.641,-0.280
1908.643,-0.370
1908.646,-0.507
1908.649,-0.595
1908.652,-0.559
1908.654,-0.593
1908.657,-0.457
1908.660,-0.189
1908.663,-0.105
1908.665,-0.178
1908.668,-0.359
1908.671,-0.441
1908.673,-0.342
1908.676,-0.236
1908.679,-0.297
1908.682,-0.372
1908.684,-0.288
1908.687,-0.271
1908.690,-0.203
1908.693,-0.077
1908.695,0.039
1908.698,0.112
1908.701,0.160
1908.703,0.004
1908.706,-0.010
1908.709,-0.028
1908.712,-0.012
1908.714,0.024
1908.717,0.089
1908.720,0.070
1908.723,0.008
1908.725,0.054
1908.728,-0.087
1908.731,-0.124
1908.734,-0.179
1908.736,-0.237
1908.739,-0.419
1908.742,-0.640
1908.745,-0.582
1908.747,-0.619
1908.750,-0.599
1908.753,-0.386
1908.755,-0.197
1908.758,-0.188
1908.761,-0.048
1908.764,0.076
1908.766,0.182
1908.769,-0.152
1908.772,-0.347
1908.775,-0.503
1908.777,-0.467
1908.780,-0.359
1908.783,-0.288
1908.786,-0.203
1908.788,-0.102
1908.791,-0.284
1908.794,-0.415
1908.797,-0.442
1908.799,-0.647
1908.802,-1.021
1908.805,-1.026
1908.807,-1.057
1908.810,-1.098
1908.813,-1.044
1908.816,-0.830
1908.818,-0.745
1908.821,-0.518
1908.824,-0.493
1908.827,-0.755
1908.829,-0.934
1908.832,-1.070
1908.835,-1.166
1908.837,-0.877
1908.840,-0.765
1908.843,-0.767
1908.846,-0.693
1908.848,-0.604
1908.851,-1.014
1908.854,-1.499
1908.857,-1.405
1908.859,-1.113
1908.862,-1.104
1908.865,-1.278
1908.867,-1.185
1908.870,-1.485
1908.873,-1.447
1908.876,-0.898
1908.878,-0.608
1908.881,-0.766
1908.884,-0.968
1908.887,-1.031
1908.889,-0.914
1908.892,-0.718
1908.895,-0.476
1908.898,-0.658
1908.900,-0.651
1908.903,-0.532
1908.906,-0.368
1908.908,-0.435
1908.911,-0.830
1908.914,-0.854
1908.917,-0.964
1908.919,-1.073
1908.922,-1.148
1908.925,-1.097
1908.928,-1.296
1908.930,-1.277
1908.933,-0.973
1908.936,-0.773
1908.938,-0.771
1908.941,-0.482
1908.944,-0.276
1908.947,-0.068
1908.949,-0.240
1908.952,-0.415
1908.955,-0.738
1908.958,-0.903
1908.960,-0.524
1908.963,-0.112
1908.966,-0.169
1908.969,-0.802
1908.971,-1.112
1908.974,-0.657
1908.977,-0.449
1908.979,-0.645
1908.982,-0.654
1908.985,-0.561
1908.988,-0.984
1908.990,-1.178
1908.993,-1.495
1908.996,-1.391
1908.999,-1.200
1909.001,-1.302
1909.004,-1.496
1909.007,-1.519
1909.010,-1.464
1909.012,-1.590
1909.015,-1.730
1909.018,-1.912
1909.021,-1.800
1909.023,-1.329
1909.026,-1.303
1909.029,-1.312
1909.031,-1.442
1909.034,-1.548
1909.037,-1.398
1909.040,-1.380
1909.042,-1.482
1909.045,-1.455
1909.048,-1.172
1909.051,-1.080
1909.053,-1.043
1909.056,-0.770
1909.059,-0.514
1909.062,-0.858
1909.064,-0.928
1909.067,-0.863
1909.070,-0.691
1909.073,-0.787
1909.075,-0.856
1909.078,-1.173
1909.081,-1.564
1909.084,-1.644
1909.086,-1.204
1909.089,-0.825
1909.092,-0.583
1909.094,-0.523
1909.097,-0.602
1909.100,-0.636
1909.103,-0.824
1909.105,-1.040
1909.108,-1.150
1909.111,-0.909
1909.114,-0.600
1909.116,-0.725
1909.119,-0.673
1909.122,-0.719
1909.125,-0.725
1909.127,-0.405
1909.130,-0.189
1909.133,-0.249
1909.136,-0.175
1909.138,-0.208
1909.141,-0.236
1909.144,-0.654
1909.147,-0.716
1909.149,-1.009
1909.152,-0.818
1909.155,-0.592
1909.158,-0.578
1909.160,-0.491
1909.163,-0.337
1909.166,-0.059
1909.168,-0.264
1909.171,-0.254
1909.174,-0.429
1909.177,-0.463
1909.179,-0.550
1909.182,-0.982
1909.185,-1.243
1909.188,-1.339
1909.190,-1.376
1909.193,-1.282
1909.196,-1.108
1909.199,-1.149
1909.201,-1.130
1909.204,-0.944
1909.207,-0.842
1909.210,-0.859
1909.212,-0.544
1909.215,-0.434
1909.218,-0.736
1909.221,-0.601
1909.223,-0.411
1909.226,-0.342
1909.229,-0.231
1909.232,-0.214
1909.234,-0.423
1909.237,-0.063
1909.240,0.024
1909.242,-0.355
1909.245,-0.471
1909.248,-0.409
1909.251,-0.267
1909.253,-0.143
1909.256,-0.126
1909.259,-0.091
1909.262,-0.070
1909.264,-0.459
1909.267,-0.881
1909.270,-0.952
1909.273,-0.793
1909.275,-0.603
1909.278,-0.797
1909.281,-0.833
1909.284,-0.905
1909.286,-0.750
1909.289,-0.413
1909.292,-0.205
1909.295,-0.261
1909.297,-0.446
1909.300,-0.746
1909.303,-0.744
1909.305,-0.540
1909.308,-0.690
1909.311,-0.817
1909.314,-0.792
1909.316,-0.796
1909.319,-0.787
1909.322,-0.658
1909.325,-0.753
1909.327,-0.760
1909.330,-0.959
1909.333,-0.730
1909.336,-0.517
1909.338,-0.469
1909.341,-0.382
1909.344,-0.619
1909.347,-0.751
1909.349,-0.658
1909.352,-0.852
1909.355,-0.904
1909.358,-0.859
1909.360,-0.741
1909.363,-0.321
1909.366,-0.323
1909.369,-0.431
1909.371,-0.417
1909.374,-0.360
1909.377,-0.352
1909.379,-0.497
1909.382,-0.754
1909.385,-0.855
1909.388,-0.806
1909.390,-0.801
1909.393,-0.805
1909.396,-0.822
1909.399,-0.611
1909.401,-0.476
1909.404,-0.410
1909.407,-0.206
1909.410,-0.105
1909.412,-0.171
1909.415,-0.286
1909.418,-0.374
1909.421,-0.424
1909.423,-0.497
1909.426,-0.677
1909.429,-0.772
1909.432,-0.690
1909.434,-0.589
1909.437,-0.550
1909.440,-0.548
1909.443,-0.477
1909.445,-0.497
1909.448,-0.523
1909.451,-0.276
1909.453,-0.240
1909.456,-0.327
1909.459,-0.223
1909.462,-0.225
1909.464,-0.197
1909.467,-0.299
1909.470,-0.258
1909.473,-0.332
1909.475,-0.452
1909.478,-0.496
1909.481,-0.492
1909.484,-0.499
1909.486,-0.583
1909.489,-0.647
1909.492,-0.329
1909.495,-0.316
1909.497,-0.404
1909.500,-0.262
1909.503,-0.421
1909.505,-0.508
1909.508,-0.450
1909.511,-0.323
1909.514,-0.356
1909.516,-0.315
1909.519,-0.225
1909.522,-0.361
1909.525,-0.249
1909.527,-0.289
1909.530,-0.071
1909.533,-0.067
1909.536,-0.060
1909.538,-0.122
1909.541,-0.137
1909.544,-0.097
1909.547,-0.216
1909.549,-0.346
1909.552,-0.444
1909.555,-0.294
1909.557,-0.346
1909.560,-0.169
1909.563,-0.114
1909.566,-0.179
1909.568,-0.251
1909.571,-0.182
1909.574,-0.263
1909.577,-0.252
1909.579,-0.124
1909.582,-0.032
1909.585,-0.131
1909.588,-0.037
1909.590,-0.001
1909.593,0.016
1909.596,-0.153
1909.599,-0.207
1909.601,-0.103
1909.604,0.018
1909.607,0.091
1909.610,-0.020
1909.612,0.078
1909.615,0.078
1909.618,0.160
1909.621,0.137
1909.623,-0.038
1909.626,-0.044
1909.629,-0.004
1909.631,0.104
1909.634,0.010
1909.637,-0.107
1909.640,-0.260
1909.642,-0.244
1909.645,-0.284
1909.648,-0.294
1909.651,-0.233
1909.653,-0.174
1909.656,-0.289
1909.659,-0.344
1909.662,-0.246
1909.664,-0.247
1909.667,-0.232
1909.670,-0.267
1909.673,-0.129
1909.675,-0.167
1909.678,-0.099
1909.681,-0.278
1909.684,-0.135
1909.686,0.063
1909.689,0.014
1909.692,0.047
1909.695,0.062
1909.697,0.090
1909.700,0.019
1909.703,0.005
1909.705,-0.038
1909.708,-0.016
1909.711,-0.113
1909.714,-0.276
1909.716,-0.226
1909.719,-0.321
1909.722,-0.211
1909.725,-0.249
1909.727,-0.316
1909.730,-0.515
1909.733,-0.421
1909.736,-0.584
1909.738,-0.601
1909.741,-0.495
1909.744,-0.379
1909.747,-0.385
1909.749,-0.352
1909.752,-0.177
1909.755,-0.091
1909.758,-0.157
1909.760,-0.056
1909.763,0.211
1909.766,0.152
1909.768,0.039
1909.771,-0.071
1909.774,-0.288
1909.777,-0.371
1909.779,-0.394
1909.782,-0.526
1909.785,-0.207
1909.788,-0.182
1909.790,-0.255
1909.793,-0.095
1909.796,-0.069
1909.799,-0.128
1909.801,-0.132
1909.804,-0.013
1909.807,0.120
1909.810,-0.211
1909.812,-0.363
1909.815,-0.560
1909.818,-0.482
1909.821,-0.224
1909.823,0.115
1909.826,0.124
1909.829,0.103
1909.832,-0.074
1909.834,-0.327
1909.837,-0.285
1909.840,-0.098
1909.842,0.044
1909.845,0.278
1909.848,0.259
1909.851,0.256
1909.853,0.041
1909.856,-0.165
1909.859,0.180
1909.862,0.230
1909.864,0.403
1909.867,0.501
1909.870,0.463
1909.873,0.279
1909.875,0.287
1909.878,0.157
1909.881,0.111
1909.884,0.051
1909.886,-0.044
1909.889,-0.047
1909.892,-0.316
1909.895,-0.342
1909.897,-0.086
1909.900,0.066
1909.903,0.114
1909.906,0.007
1909.908,-0.272
1909.911,-0.104
1909.914,-0.125
1909.916,-0.289
1909.919,-0.347
1909.922,-0.245
1909.925,-0.318
1909.927,-0.575
1909.930,-0.877
1909.933,-1.162
1909.936,-1.220
1909.938,-1.138
1909.941,-0.869
1909.944,-0.799
1909.947,-0.801
1909.949,-0.582
1909.952,-0.240
1909.955,-0.279
1909.958,-0.262
1909.960,-0.141
1909.963,-0.252
1909.966,-0.015
1909.969,0.065
1909.971,0.037
1909.974,-0.424
1909.977,-0.365
1909.979,-0.265
1909.982,-0.236
1909.985,-0.322
1909.988,-0.327
1909.990,-0.374
1909.993,-0.496
1909.996,-0.471
1909.999,-0.042
1910.001,0.249
1910.004,0.100
1910.007,-0.445
1910.010,-0.473
1910.012,-0.355
1910.015,-0.461
1910.018,-0.544
1910.021,-0.833
1910.023,-1.194
1910.026,-1.025
1910.029,-0.815
1910.031,-0.534
1910.034,-0.533
1910.037,-0.682
1910.040,-0.269
1910.042,-0.301
1910.045,-0.314
1910.048,-0.197
1910.051,-0.159
1910.053,-0.196
1910.056,-0.211
1910.059,-0.081
1910.062,0.251
1910.064,0.379
1910.067,0.245
1910.070,0.309
1910.073,0.384
1910.075,0.322
1910.078,0.075
1910.081,0.000
1910.084,-0.374
1910.086,-0.559
1910.089,-0.437
1910.092,-0.195
1910.094,0.190
1910.097,0.122
1910.100,-0.003
1910.103,0.093
1910.105,-0.139
1910.108,-0.350
1910.111,-0.604
1910.114,-0.509
1910.116,-0.429
1910.119,-0.359
1910.122,-0.294
1910.125,-0.430
1910.127,-0.582
1910.130,-0.836
1910.133,-0.816
1910.136,-0.693
1910.138,-0.568
1910.141,-0.625
1910.144,-1.000
1910.147,-1.144
1910.149,-1.175
1910.152,-0.947
1910.155,-0.645
1910.158,-0.519
1910.160,-0.552
1910.163,-0.413
1910.166,-0.391
1910.168,-0.129
1910.171,-0.232
1910.174,-0.111
1910.177,-0.287
1910.179,-0.630
1910.182,-0.739
1910.185,-0.813
1910.188,-0.668
1910.190,-0.576
1910.193,-0.443
1910.196,-0.655
1910.199,-0.860
1910.201,-0.803
1910.204,-0.867
1910.207,-0.654
1910.210,-0.374
1910.212,0.096
1910.215,0.209
1910.218,0.140
1910.221,0.234
1910.223,-0.022
1910.226,-0.110
1910.229,-0.208
1910.232,-0.493
1910.234,-0.629
1910.237,-0.537
1910.240,-0.586
1910.242,-0.709
1910.245,-0.724
1910.248,-0.526
1910.251,-0.533
1910.253,-0.388
1910.256,-0.371
1910.259,-0.429
1910.262,-0.455
1910.264,-0.403
1910.267,-0.105
1910.270,-0.154
1910.273,-0.175
1910.275,-0.201
1910.278,-0.121
1910.281,-0.030
1910.284,-0.032
1910.286,-0.051
1910.289,0.039
1910.292,0.086
1910.295,0.087
1910.297,0.075
1910.300,-0.011
1910.303,-0.162
1910.305,-0.109
1910.308,-0.120
1910.311,-0.018
1910.314,0.108
1910.316,0.283
1910.319,0.106
1910.322,-0.117
1910.325,-0.197
1910.327,-0.219
1910.330,-0.259
1910.333,-0.247
1910.336,-0.281
1910.338,-0.224
1910.341,-0.154
1910.344,-0.007
1910.347,0.083
1910.349,0.032
1910.352,-0.040
1910.355,-0.126
1910.358,-0.209
1910.360,-0.241
1910.363,-0.275
1910.366,-0.313
1910.369,-0.243
1910.371,-0.116
1910.374,-0.274
1910.377,-0.187
1910.379,-0.088
1910.382,-0.013
1910.385,-0.102
1910.388,-0.181
1910.390,-0.285
1910.393,-0.278
1910.396,-0.208
1910.399,-0.463
1910.401,-0.516
1910.404,-0.365
1910.407,-0.412
1910.410,-0.459
1910.412,-0.365
1910.415,-0.287
1910.418,-0.357
1910.421,-0.630
1910.423,-0.673
1910.426,-0.578
1910.429,-0.442
1910.432,-0.377
1910.434,-0.397
1910.437,-0.378
1910.440,-0.378
1910.443,-0.392
1910.445,-0.390
1910.448,-0.360
1910.451,-0.304
1910.453,-0.282
1910.456,-0.254
1910.459,-0.081
1910.462,-0.056
1910.464,-0.038
1910.467,0.011
1910.470,-0.038
1910.473,-0.116
1910.475,-0.211
1910.478,-0.353
1910.481,-0.607
1910.484,-0.326
1910.486,-0.082
1910.489,-0.034
1910.492,-0.022
1910.495,0.042
1910.497,0.038
1910.500,-0.006
1910.503,-0.015
1910.505,-0.070
1910.508,-0.006
1910.511,0.063
1910.514,0.045
1910.516,0.050
1910.519,-0.202
1910.522,-0.129
1910.525,-0.102
1910.527,-0.118
1910.530,-0.103
1910.533,-0.086
1910.536,-0.085
1910.538,-0.179
1910.541,-0.247
1910.544,-0.326
1910.547,-0.319
1910.549,-0.216
1910.552,-0.066
1910.555,0.147
1910.557,0.114
1910.560,0.020
1910.563,0.011
1910.566,-0.047
1910.568,0.008
1910.571,0.139
1910.574,0.073
1910.577,0.058
1910.579,0.000
1910.582,0.025
1910.585,0.082
1910.588,-0.036
1910.590,-0.261
1910.593,-0.324
1910.596,-0.298
1910.599,-0.218
1910.601,-0.153
1910.604,-0.203
1910.607,-0.136
1910.610,-0.187
1910.612,-0.142
1910.615,-0.270
1910.618,-0.215
1910.621,-0.239
1910.623,-0.222
1910.626,-0.250
1910.629,-0.242
1910.631,-0.143
1910.634,0.012
1910.637,0.072
1910.640,0.151
1910.642,0.028
1910.645,-0.114
1910.648,-0.352
1910.651,-0.365
1910.653,-0.328
1910.656,-0.374
1910.659,-0.302
1910.662,-0.150
1910.664,-0.236
1910.667,-0.231
1910.670,-0.166
1910.673,-0.183
1910.675,-0.337
1910.678,-0.398
1910.681,-0.474
1910.684,-0.415
1910.686,-0.234
1910.689,-0.407
1910.692,-0.564
1910.695,-0.556
1910.697,-0.523
1910.700,-0.422
1910.703,-0.616
1910.705,-0.595
1910.708,-0.415
1910.711,-0.411
1910.714,-0.346
1910.716,-0.274
1910.719,-0.179
1910.722,-0.237
1910.725,-0.239
1910.727,-0.338
1910.730,-0.279
1910.733,-0.190
1910.736,-0.261
1910.738,-0.310
1910.741,-0.272
1910.744,-0.233
1910.747,-0.231
1910.749,-0.042
1910.752,-0.057
1910.755,-0.047
1910.758,-0.171
1910.760,-0.283
1910.763,-0.391
1910.766,-0.493
1910.768,-0.379
1910.771,-0.298
1910.774,-0.359
1910.777,-0.353
1910.779,-0.315
1910.782,-0.212
1910.785,-0.151
1910.788,0.155
1910.790,0.120
1910.793,0.150
1910.796,-0.035
1910.799,-0.155
1910.801,-0.459
1910.804,-0.561
1910.807,-0.353
1910.810,-0.176
1910.812,-0.239
1910.815,-0.535
1910.818,-0.762
1910.821,-0.833
1910.823,-0.899
1910.826,-0.748
1910.829,-0.847
1910.832,-0.771
1910.834,-0.769
1910.837,-0.754
1910.840,-0.583
1910.842,-0.721
1910.845,-0.908
1910.848,-0.761
1910.851,-0.796
1910.853,-0.486
1910.856,-0.363
1910.859,-0.424
1910.862,-0.343
1910.864,-0.505
1910.867,-0.551
1910.870,-0.532
1910.873,-0.688
1910.875,-0.658
1910.878,-0.737
1910.881,-0.711
1910.884,-0.740
1910.886,-0.823
1910.889,-0.784
1910.892,-0.530
1910.895,-0.552
1910.897,-0.818
1910.900,-1.312
1910.903,-1.636
1910.906,-1.786
1910.908,-1.839
1910.911,-1.718
1910.914,-1.618
1910.916,-1.682
1910.919,-1.478
1910.922,-1.527
1910.925,-1.614
1910.927,-1.645
1910.930,-1.596
1910.933,-1.499
1910.936,-1.305
1910.938,-1.104
1910.941,-0.952
1910.944,-1.004
1910.947,-1.141
1910.949,-1.065
1910.952,-1.127
1910.955,-0.999
1910.958,-1.009
1910.960,-0.724
1910.963,-0.620
1910.966,-0.549
1910.969,-0.461
1910.971,-0.286
1910.974,-0.528
1910.977,-0.602
1910.979,-0.701
1910.982,-0.579
1910.985,-0.520
1910.988,-0.517
1910.990,-0.817
1910.993,-0.954
1910.996,-1.206
1910.999,-1.145
1911.001,-1.416
1911.004,-1.408
1911.007,-1.328
1911.010,-1.370
1911.012,-1.279
1911.015,-1.224
1911.018,-1.177
1911.021,-1.226
1911.023,-1.331
1911.026,-1.451
1911.029,-1.552
1911.031,-1.421
1911.034,-1.435
1911.037,-1.424
1911.040,-0.999
1911.042,-1.393
1911.045,-1.174
1911.048,-0.958
1911.051,-0.757
1911.053,-0.630
1911.056,-0.611
1911.059,-0.812
1911.062,-1.046
1911.064,-1.046
1911.067,-0.791
1911.070,-0.645
1911.073,-0.460
1911.075,-0.637
1911.078,-0.778
1911.081,-0.847
1911.084,-1.054
1911.086,-0.901
1911.089,-0.903
1911.092,-1.052
1911.094,-1.182
1911.097,-1.187
1911.100,-1.339
1911.103,-1.228
1911.105,-1.188
1911.108,-1.059
1911.111,-1.168
1911.114,-1.259
1911.116,-1.281
1911.119,-1.359
1911.122,-1.096
1911.125,-1.153
1911.127,-0.801
1911.130,-0.572
1911.133,-0.603
1911.136,-0.609
1911.138,-0.831
1911.141,-0.756
1911.144,-0.379
1911.147,-0.065
1911.149,-0.036
1911.152,0.270
1911.155,0.241
1911.158,0.033
1911.160,0.074
1911.163,0.179
1911.166,0.076
1911.168,-0.197
1911.171,-0.379
1911.174,-0.388
1911.177,-0.374
1911.179,-0.397
1911.182,-0.562
1911.185,-0.679
1911.188,-0.827
1911.190,-0.793
1911.193,-0.908
1911.196,-0.835
1911.199,-0.928
1911.201,-1.092
1911.204,-1.252
1911.207,-0.978
1911.210,-0.524
1911.212,-0.620
1911.215,-0.782
1911.218,-0.837
1911.221,-0.919
1911.223,-0.925
1911.226,-1.087
1911.229,-1.181
1911.232,-1.026
1911.234,-0.807
1911.237,-0.707
1911.240,-0.685
1911.242,-0.679
1911.245,-0.714
1911.248,-0.768
1911.251,-0.845
1911.253,-0.784
1911.256,-0.556
1911.259,-0.308
1911.262,-0.223
1911.264,-0.168
1911.267,-0.130
1911.270,-0.092
1911.273,-0.140
1911.275,-0.048
1911.278,-0.140
1911.281,-0.327
1911.284,-0.506
1911.286,-0.179
1911.289,-0.136
1911.292,-0.219
1911.295,-0.110
1911.297,0.003
1911.300,0.069
1911.303,0.079
1911.305,0.046
1911.308,-0.152
1911.311,-0.117
1911.314,-0.013
1911.316,0.016
1911.319,-0.072
1911.322,-0.029
1911.325,0.040
1911.327,-0.148
1911.330,-0.456
1911.333,-0.345
1911.336,-0.167
1911.338,-0.134
1911.341,0.038
1911.344,0.011
1911.347,-0.156
1911.349,-0.352
1911.352,-0.514
1911.355,-0.514
1911.358,-0.526
1911.360,-0.272
1911.363,-0.288
1911.366,-0.182
1911.369,-0.184
1911.371,0.005
1911.374,0.019
1911.377,-0.315
1911.379,-0.401
1911.382,-0.405
1911.385,-0.746
1911.388,-0.730
1911.390,-0.550
1911.393,-0.510
1911.396,-0.643
1911.399,-0.557
1911.401,-0.575
1911.404,-0.570
1911.407,-0.538
1911.410,-0.386
1911.412,-0.551
1911.415,-0.563
1911.418,-0.562
1911.421,-0.395
1911.423,-0.355
1911.426,-0.264
1911.429,-0.150
1911.432,-0.219
1911.434,-0.265
1911.437,-0.442
1911.440,-0.510
1911.443,-0.554
1911.445,-0.347
1911.448,-0.237
1911.451,-0.204
1911.453,-0.231
1911.456,-0.132
1911.459,-0.193
1911.462,-0.396
1911.464,-0.390
1911.467,-0.447
1911.470,-0.507
1911.473,-0.432
1911.475,-0.403
1911.478,-0.198
1911.481,-0.070
1911.484,0.026
1911.486,-0.160
1911.489,-0.213
1911.492,-0.323
1911.495,-0.430
1911.497,-0.220
1911.500,-0.088
1911.503,0.035
1911.505,-0.030
1911.508,-0.118
1911.511,-0.053
1911.514,0.058
1911.516,-0.082
1911.519,-0.063
1911.522,-0.158
1911.525,-0.072
1911.527,-0.092
1911.530,-0.101
1911.533,-0.158
1911.536,-0.267
1911.538,-0.356
1911.541,-0.403
1911.544,-0.469
1911.547,-0.547
1911.549,-0.368
1911.552,-0.404
1911.555,-0.475
1911.557,-0.589
1911.560,-0.540
1911.563,-0.476
1911.566,-0.450
1911.568,-0.296
1911.571,-0.279
1911.574,-0.186
1911.577,-0.252
1911.579,-0.334
1911.582,-0.401
1911.585,-0.372
1911.588,-0.464
1911.590,-0.420
1911.593,-0.424
1911.596,-0.303
1911.599,-0.376
1911.601,-0.354
1911.604,-0.443
1911.607,-0.408
1911.610,-0.254
1911.612,-0.140
1911.615,-0.080
1911.618,-0.130
1911.621,-0.168
1911.623,-0.216
1911.626,-0.450
1911.629,-0.305
1911.631,-0.380
1911.634,-0.432
1911.637,-0.341
1911.640,-0.314
1911.642,-0.382
1911.645,-0.386
1911.648,-0.384
1911.651,-0.600
1911.653,-0.445
1911.656,-0.396
1911.659,-0.436
1911.662,-0.373
1911.664,-0.293
1911.667,-0.230
1911.670,-0.213
1911.673,-0.321
1911.675,-0.404
1911.678,-0.573
1911.681,-0.696
1911.684,-0.713
1911.686,-0.543
1911.689,-0.371
1911.692,-0.487
1911.695,-0.494
1911.697,-0.360
1911.700,-0.402
1911.703,-0.375
1911.705,-0.577
1911.708,-0.541
1911.711,-0.509
1911.714,-0.508
1911.716,-0.408
1911.719,-0.434
1911.722,-0.405
1911.725,-0.429
1911.727,-0.575
1911.730,-0.490
1911.733,-0.498
1911.736,-0.412
1911.738,-0.532
1911.741,-0.514
1911.744,-0.456
1911.747,-0.571
1911.749,-0.470
1911.752,-0.626
1911.755,-0.457
1911.758,-0.443
1911.760,-0.392
1911.763,-0.190
1911.766,0.057
1911.768,0.060
1911.771,0.012
1911.774,0.120
1911.777,0.340
1911.779,0.403
1911.782,0.242
1911.785,0.309
1911.788,0.394
1911.790,0.035
1911.793,-0.159
1911.796,-0.246
1911.799,-0.248
1911.801,-0.274
1911.804,-0.126
1911.807,0.055
1911.810,0.138
1911.812,0.025
1911.815,-0.210
1911.818,-0.042
1911.821,0.098
1911.823,0.102
1911.826,0.019
1911.829,-0.063
1911.832,-0.209
1911.834,-0.300
1911.837,-0.410
1911.840,-0.340
1911.842,0.101
1911.845,0.144
1911.848,0.093
1911.851,-0.020
1911.853,-0.093
1911.856,-0.073
1911.859,-0.235
1911.862,-0.704
1911.864,-1.000
1911.867,-0.922
1911.870,-0.795
1911.873,-0.828
1911.875,-0.537
1911.878,-0.330
1911.881,-0.067
1911.884,-0.087
1911.886,0.146
1911.889,0.187
1911.892,0.058
1911.895,0.040
1911.897,0.108
1911.900,0.096
1911.903,-0.078
1911.906,-0.360
1911.908,-0.605
1911.911,-0.446
1911.914,-0.371
1911.916,-0.308
1911.919,-0.246
1911.922,-0.523
1911.925,-0.721
1911.927,-0.542
1911.930,-0.116
1911.933,-0.231
1911.936,-0.045
1911.938,-0.028
1911.941,-0.017
1911.944,-0.120
1911.947,-0.361
1911.949,-0.498
1911.952,-0.496
1911.955,-0.379
1911.958,-0.541
1911.960,-0.563
1911.963,-0.481
1911.966,-0.631
1911.969,-0.613
1911.971,-0.288
1911.974,0.186
1911.977,0.333
1911.979,0.324
1911.982,-0.132
1911.985,-0.390
1911.988,-0.480
1911.990,-0.441
1911.993,-0.444
1911.996,-0.397
1911.999,-0.588
1912.001,-0.574
1912.004,-0.884
1912.007,-0.749
1912.010,-0.455
1912.012,-0.626
1912.015,-0.917
1912.018,-1.193
1912.021,-0.925
1912.023,-0.841
1912.026,-0.914
1912.029,-1.098
1912.031,-1.318
1912.034,-1.182
1912.037,-0.912
1912.040,-0.554
1912.042,-0.291
1912.045,-0.200
1912.048,0.134
1912.051,-0.010
1912.053,0.048
1912.056,0.048
1912.059,0.049
1912.062,0.335
1912.064,0.485
1912.067,0.524
1912.070,0.393
1912.072,0.214
1912.075,0.295
1912.078,0.314
1912.081,0.496
1912.083,0.526
1912.086,0.305
1912.089,0.169
1912.092,0.173
1912.094,-0.118
1912.097,0.376
1912.100,0.348
1912.102,0.456
1912.105,0.345
1912.108,0.352
1912.111,0.342
1912.113,0.309
1912.116,0.239
1912.119,0.183
1912.122,0.297
1912.124,0.217
1912.127,0.199
1912.130,0.324
1912.133,0.454
1912.135,0.390
1912.138,0.009
1912.141,-0.388
1912.143,-0.435
1912.146,-0.336
1912.149,-0.398
1912.152,-0.429
1912.154,-0.758
1912.157,-0.968
1912.160,-0.874
1912.163,-0.895
1912.165,-1.027
1912.168,-0.993
1912.171,-1.025
1912.173,-0.897
1912.176,-0.724
1912.179,-0.587
1912.182,-0.440
1912.184,-0.650
1912.187,-0.866
1912.190,-0.887
1912.193,-0.834
1912.195,-0.968
1912.198,-1.297
1912.201,-1.229
1912.203,-1.144
1912.206,-1.113
1912.209,-0.781
1912.212,-0.460
1912.214,-0.599
1912.217,-0.668
1912.220,-0.790
1912.223,-0.652
1912.225,-0.535
1912.228,-0.289
1912.231,-0.251
1912.234,-0.333
1912.236,-0.309
1912.239,-0.297
1912.242,-0.386
1912.245,-0.513
1912.247,-0.548
1912.250,-0.353
1912.253,-0.275
1912.255,-0.333
1912.258,-0.197
1912.261,0.055
1912.264,-0.029
1912.266,-0.194
1912.269,-0.421
1912.272,-0.326
1912.275,-0.269
1912.277,0.027
1912.280,0.154
1912.283,0.068
1912.286,-0.158
1912.288,-0.150
1912.291,0.036
1912.294,0.111
1912.297,0.235
1912.299,0.261
1912.302,0.179
1912.305,0.194
1912.307,-0.032
1912.310,-0.288
1912.313,-0.331
1912.316,-0.383
1912.318,-0.333
1912.321,-0.257
1912.324,-0.178
1912.327,-0.010
1912.329,0.025
1912.332,-0.070
1912.335,0.106
1912.337,0.199
1912.340,0.154
1912.343,0.076
1912.346,0.067
1912.348,0.143
1912.351,-0.146
1912.354,-0.047
1912.357,0.070
1912.359,-0.122
1912.362,-0.001
1912.365,-0.127
1912.367,-0.133
1912.370,0.047
1912.373,0.066
1912.376,0.008
1912.378,-0.033
1912.381,0.035
1912.384,0.077
1912.387,0.089
1912.389,0.014
1912.392,0.034
1912.395,0.079
1912.398,0.044
1912.400,0.101
1912.403,0.144
1912.406,0.064
1912.408,-0.095
1912.411,-0.265
1912.414,-0.090
1912.417,0.024
1912.419,0.041
1912.422,0.186
1912.425,0.078
1912.428,0.211
1912.430,0.318
1912.433,0.185
1912.436,0.114
1912.438,0.159
1912.441,0.052
1912.444,-0.013
1912.447,0.161
1912.449,0.095
1912.452,0.152
1912.455,-0.014
1912.458,-0.187
1912.460,-0.199
1912.463,-0.215
1912.466,-0.067
1912.469,-0.294
1912.471,-0.265
1912.474,-0.086
1912.477,-0.016
1912.479,0.013
1912.482,-0.055
1912.485,-0.175
1912.488,-0.132
1912.490,-0.119
1912.493,-0.120
1912.496,-0.325
1912.499,-0.240
1912.501,-0.314
1912.504,-0.306
1912.507,-0.580
1912.510,-0.334
1912.512,-0.292
1912.515,-0.202
1912.518,-0.116
1912.521,-0.033
1912.523,-0.117
1912.526,-0.059
1912.529,-0.417
1912.531,-0.575
1912.534,-0.658
1912.537,-0.758
1912.540,-0.723
1912.542,-0.748
1912.545,-0.896
1912.548,-0.978
1912.551,-0.885
1912.553,-0.703
1912.556,-0.665
1912.559,-0.519
1912.562,-0.411
1912.564,-0.468
1912.567,-0.695
1912.570,-0.871
1912.572,-0.659
1912.575,-0.551
1912.578,-0.767
1912.581,-0.733
1912.583,-0.612
1912.586,-0.550
1912.589,-0.607
1912.592,-0.737
1912.594,-0.727
1912.597,-0.673
1912.600,-0.684
1912.602,-0.717
1912.605,-0.537
1912.608,-0.411
1912.611,-0.553
1912.613,-0.738
1912.616,-0.803
1912.619,-0.862
1912.622,-0.918
1912.624,-0.979
1912.627,-0.914
1912.630,-0.844
1912.633,-0.674
1912.635,-0.779
1912.638,-0.828
1912.641,-0.845
1912.643,-0.776
1912.646,-0.760
1912.649,-0.669
1912.652,-0.624
1912.654,-0.658
1912.657,-0.766
1912.660,-0.833
1912.663,-0.959
1912.665,-0.901
1912.668,-0.945
1912.671,-0.959
1912.673,-0.881
1912.676,-0.805
1912.679,-0.621
1912.682,-0.716
1912.684,-0.856
1912.687,-0.857
1912.690,-0.842
1912.693,-0.650
1912.695,-0.799
1912.698,-0.778
1912.701,-0.770
1912.703,-0.704
1912.706,-0.714
1912.709,-0.668
1912.712,-0.708
1912.714,-0.815
1912.717,-1.006
1912.720,-1.095
1912.723,-1.142
1912.725,-1.004
1912.728,-1.022
1912.731,-0.913
1912.734,-0.914
1912.736,-1.118
1912.739,-1.090
1912.742,-0.960
1912.745,-0.764
1912.747,-0.768
1912.750,-0.795
1912.753,-0.732
1912.755,-0.620
1912.758,-0.650
1912.761,-0.907
1912.764,-0.943
1912.766,-0.988
1912.769,-1.061
1912.772,-0.995
1912.775,-0.854
1912.777,-0.751
1912.780,-0.724
1912.783,-0.639
1912.786,-0.675
1912.788,-0.652
1912.791,-0.891
1912.794,-0.835
1912.797,-0.823
1912.799,-1.110
1912.802,-1.271
1912.805,-1.354
1912.807,-1.302
1912.810,-1.195
1912.813,-1.249
1912.816,-1.164
1912.818,-1.248
1912.821,-1.167
1912.824,-1.152
1912.827,-0.915
1912.829,-0.794
1912.832,-0.921
1912.835,-1.063
1912.837,-1.209
1912.840,-1.332
1912.843,-1.067
1912.846,-1.198
1912.848,-1.224
1912.851,-1.033
1912.854,-0.911
1912.857,-0.781
1912.859,-0.490
1912.862,-0.442
1912.865,-0.481
1912.867,-0.556
1912.870,-0.591
1912.873,-0.791
1912.876,-0.843
1912.878,-0.628
1912.881,-0.497
1912.884,-0.253
1912.887,-0.212
1912.889,-0.198
1912.892,-0.252
1912.895,-0.203
1912.898,-0.174
1912.900,-0.506
1912.903,-0.683
1912.906,-0.444
1912.908,-0.600
1912.911,-0.598
1912.914,-0.453
1912.917,-0.567
1912.919,-0.565
1912.922,-0.562
1912.925,-0.651
1912.928,-0.762
1912.930,-1.115
1912.933,-1.150
1912.936,-0.955
1912.938,-0.959
1912.941,-1.102
1912.944,-1.114
1912.947,-1.341
1912.949,-1.058
1912.952,-0.773
1912.955,-0.342
1912.958,-0.143
1912.960,-0.379
1912.963,-0.625
1912.966,-0.930
1912.969,-1.320
1912.971,-1.314
1912.974,-1.078
1912.977,-0.815
1912.979,-0.656
1912.982,-0.599
1912.985,-0.321
1912.988,-0.309
1912.990,-0.203
1912.993,0.009
1912.996,0.201
1912.999,-0.039
1913.001,-0.287
1913.004,-0.193
1913.007,-0.077
1913.010,-0.360
1913.012,-0.612
1913.015,-1.001
1913.018,-1.228
1913.021,-1.242
1913.023,-1.081
1913.026,-0.762
1913.029,-0.665
1913.031,-0.887
1913.034,-0.921
1913.037,-0.847
1913.040,-0.620
1913.042,-0.506
1913.045,-0.538
1913.048,-0.787
1913.051,-1.097
1913.053,-1.368
1913.056,-1.378
1913.059,-1.145
1913.062,-0.831
1913.064,-0.486
1913.067,-0.357
1913.070,-0.198
1913.073,-0.213
1913.075,-0.097
1913.078,-0.287
1913.081,-0.677
1913.084,-0.700
1913.086,-0.934
1913.089,-0.963
1913.092,-1.189
1913.094,-1.119
1913.097,-0.865
1913.100,-0.835
1913.103,-0.740
1913.105,-0.695
1913.108,-0.601
1913.111,-0.616
1913.114,-0.702
1913.116,-0.879
1913.119,-0.933
1913.122,-0.826
1913.125,-1.031
1913.127,-0.855
1913.130,-0.594
1913.133,-0.483
1913.136,-0.499
1913.138,-0.565
1913.141,-0.585
1913.144,-0.763
1913.147,-1.145
1913.149,-1.170
1913.152,-1.183
1913.155,-1.020
1913.158,-0.928
1913.160,-1.138
1913.163,-1.014
1913.166,-1.034
1913.168,-1.000
1913.171,-0.729
1913.174,-0.685
1913.177,-0.832
1913.179,-0.776
1913.182,-0.523
1913.185,-0.374
1913.188,-0.208
1913.190,-0.000
1913.193,-0.229
1913.196,-0.427
1913.199,-0.450
1913.201,-0.759
1913.204,-0.949
1913.207,-0.978
1913.210,-0.692
1913.212,-0.582
1913.215,-0.568
1913.218,-0.431
1913.221,-0.269
1913.223,-0.358
1913.226,-0.326
1913.229,-0.672
1913.232,-0.725
1913.234,-0.812
1913.237,-0.571
1913.240,-0.126
1913.242,-0.159
1913.245,-0.237
1913.248,-0.550
1913.251,-0.600
1913.253,-0.580
1913.256,-0.592
1913.259,-0.587
1913.262,-0.481
1913.264,-0.673
1913.267,-0.587
1913.270,-0.459
1913.273,-0.359
1913.275,-0.001
1913.278,-0.037
1913.281,0.049
1913.284,0.150
1913.286,0.278
1913.289,0.058
1913.292,0.144
1913.295,0.150
1913.297,0.160
1913.300,0.147
1913.303,-0.015
1913.305,0.028
1913.308,-0.289
1913.311,-0.288
1913.314,-0.351
1913.316,-0.175
1913.319,-0.170
1913.322,-0.178
1913.325,-0.177
1913.327,-0.165
1913.330,-0.220
1913.333,-0.412
1913.336,-0.297
1913.338,-0.376
1913.341,-0.402
1913.344,-0.386
1913.347,-0.470
1913.349,-0.477
1913.352,-0.750
1913.355,-0.630
1913.358,-0.476
1913.360,-0.618
1913.363,-0.513
1913.366,-0.690
1913.369,-0.680
1913.371,-0.721
1913.374,-0.501
1913.377,-0.481
1913.379,-0.473
1913.382,-0.650
1913.385,-0.605
1913.388,-0.533
1913.390,-0.370
1913.393,-0.233
1913.396,-0.134
1913.399,-0.358
1913.401,-0.366
1913.404,-0.540
1913.407,-0.519
1913.410,-0.494
1913.412,-0.332
1913.415,-0.471
1913.418,-0.408
1913.421,-0.479
1913.423,-0.433
1913.426,-0.529
1913.429,-0.557
1913.432,-0.540
1913.434,-0.598
1913.437,-0.669
1913.440,-0.783
1913.443,-0.591
1913.445,-0.419
1913.448,-0.472
1913.451,-0.427
1913.453,-0.376
1913.456,-0.443
1913.459,-0.512
1913.462,-0.540
1913.464,-0.302
1913.467,-0.297
1913.470,-0.410
1913.473,-0.378
1913.475,-0.230
1913.478,-0.143
1913.481,-0.209
1913.484,-0.313
1913.486,-0.456
1913.489,-0.319
1913.492,-0.250
1913.495,-0.366
1913.497,-0.540
1913.500,-0.508
1913.503,-0.409
1913.505,-0.135
1913.508,-0.165
1913.511,-0.111
1913.514,-0.081
1913.516,0.038
1913.519,-0.059
1913.522,-0.167
1913.525,-0.258
1913.527,-0.317
1913.530,-0.029
1913.533,0.023
1913.536,-0.076
1913.538,0.029
1913.541,0.094
1913.544,0.154
1913.547,-0.080
1913.549,-0.314
1913.552,-0.247
1913.555,-0.254
1913.557,-0.260
1913.560,-0.270
1913.563,-0.322
1913.566,-0.305
1913.568,-0.308
1913.571,-0.306
1913.574,-0.319
1913.577,-0.396
1913.579,-0.202
1913.582,-0.143
1913.585,0.045
1913.588,-0.052
1913.590,0.081
1913.593,0.040
1913.596,-0.040
1913.599,-0.138
1913.601,-0.078
1913.604,-0.249
1913.607,-0.376
1913.610,-0.247
1913.612,-0.104
1913.615,-0.153
1913.618,-0.151
1913.621,-0.078
1913.623,0.011
1913.626,0.012
1913.629,-0.115
1913.631,-0.156
1913.634,-0.273
1913.637,-0.284
1913.640,-0.481
1913.642,-0.392
1913.645,-0.332
1913.648,-0.284
1913.651,-0.325
1913.653,-0.229
1913.656,-0.170
1913.659,-0.052
1913.662,-0.241
1913.664,-0.402
1913.667,-0.370
1913.670,-0.377
1913.673,-0.357
1913.675,-0.295
1913.678,-0.309
1913.681,-0.217
1913.684,-0.308
1913.686,-0.349
1913.689,-0.444
1913.692,-0.497
1913.695,-0.416
1913.697,-0.310
1913.700,-0.286
1913.703,-0.381
1913.705,-0.205
1913.708,-0.131
1913.711,-0.049
1913.714,-0.027
1913.716,-0.097
1913.719,-0.152
1913.722,-0.228
1913.725,-0.576
1913.727,-0.623
1913.730,-0.586
1913.733,-0.568
1913.736,-0.352
1913.738,-0.477
1913.741,-0.385
1913.744,-0.206
1913.747,-0.268
1913.749,-0.277
1913.752,-0.056
1913.755,-0.106
1913.758,-0.181
1913.760,-0.218
1913.763,-0.232
1913.766,-0.104
1913.768,0.011
1913.771,0.094
1913.774,0.094
1913.777,0.117
1913.779,-0.032
1913.782,-0.145
1913.785,-0.121
1913.788,-0.613
1913.790,-0.768
1913.793,-0.529
1913.796,-0.491
1913.799,-0.577
1913.801,-0.534
1913.804,-0.500
1913.807,-0.309
1913.810,-0.283
1913.812,-0.045
1913.815,-0.268
1913.818,-0.253
1913.821,-0.310
1913.823,-0.569
1913.826,-0.590
1913.829,-0.455
1913.832,-0.564
1913.834,-0.352
1913.837,-0.332
1913.840,-0.166
1913.842,-0.098
1913.845,-0.058
1913.848,-0.004
1913.851,0.141
1913.853,0.080
1913.856,-0.141
1913.859,-0.380
1913.862,-0.305
1913.864,-0.098
1913.867,-0.087
1913.870,0.018
1913.873,-0.145
1913.875,-0.204
1913.878,-0.111
1913.881,-0.137
1913.884,0.118
1913.886,0.302
1913.889,0.029
1913.892,-0.045
1913.895,-0.149
1913.897,-0.340
1913.900,0.113
1913.903,0.076
1913.906,-0.073
1913.908,0.092
1913.911,0.215
1913.914,0.384
1913.916,0.555
1913.919,0.774
1913.922,0.793
1913.925,0.938
1913.927,0.781
1913.930,0.686
1913.933,0.676
1913.936,0.577
1913.938,0.639
1913.941,0.507
1913.944,0.466
1913.947,0.279
1913.949,0.413
1913.952,0.438
1913.955,0.412
1913.958,0.416
1913.960,0.395
1913.963,0.331
1913.966,0.244
1913.969,0.120
1913.971,0.135
1913.974,0.179
1913.977,0.085
1913.979,0.285
1913.982,0.056
1913.985,-0.320
1913.988,-0.117
1913.990,0.170
1913.993,0.334
1913.996,0.500
1913.999,0.669
1914.001,0.524
1914.004,0.526
1914.007,0.485
1914.010,0.721
1914.012,0.862
1914.015,1.081
1914.018,0.957
1914.021,0.854
1914.023,0.615
1914.026,0.338
1914.029,0.069
1914.031,0.024
1914.034,0.176
1914.037,0.638
1914.040,0.763
1914.042,0.794
1914.045,0.814
1914.048,0.845
1914.051,0.748
1914.053,0.648
1914.056,0.331
1914.059,0.355
1914.062,0.741
1914.064,0.771
1914.067,0.387
1914.070,0.337
1914.073,0.497
1914.075,0.525
1914.078,0.368
1914.081,0.173
1914.084,0.110
1914.086,0.256
1914.089,0.311
1914.092,0.374
1914.094,0.169
1914.097,-0.095
1914.100,-0.224
1914.103,-0.422
1914.105,-0.530
1914.108,-0.394
1914.111,-0.114
1914.114,-0.004
1914.116,-0.204
1914.119,-0.428
1914.122,-0.494
1914.125,0.034
1914.127,0.243
1914.130,0.282
1914.133,0.299
1914.136,0.323
1914.138,0.267
1914.141,0.173
1914.144,0.011
1914.147,-0.239
1914.149,-0.172
1914.152,0.094
1914.155,0.005
1914.158,0.028
1914.160,0.102
1914.163,0.073
1914.166,0.014
1914.168,0.157
1914.171,0.031
1914.174,0.116
1914.177,0.126
1914.179,-0.045
1914.182,0.016
1914.185,0.177
1914.188,0.053
1914.190,-0.314
1914.193,-0.445
1914.196,-0.103
1914.199,-0.109
1914.201,-0.163
1914.204,-0.251
1914.207,-0.237
1914.210,-0.502
1914.212,-0.731
1914.215,-0.587
1914.218,-0.436
1914.221,-0.319
1914.223,-0.348
1914.226,-0.566
1914.229,-0.764
1914.232,-0.542
1914.234,-0.188
1914.237,0.082
1914.240,0.086
1914.242,-0.051
1914.245,-0.053
1914.248,-0.292
1914.251,-0.131
1914.253,0.043
1914.256,0.047
1914.259,0.028
1914.262,0.118
1914.264,-0.029
1914.267,-0.173
1914.270,-0.002
1914.273,-0.032
1914.275,-0.185
1914.278,-0.327
1914.281,-0.411
1914.284,-0.100
1914.286,-0.145
1914.289,-0.145
1914.292,-0.005
1914.295,0.052
1914.297,0.065
1914.300,-0.197
1914.303,-0.125
1914.305,-0.069
1914.308,0.011
1914.311,-0.096
1914.314,-0.215
1914.316,-0.289
1914.319,-0.253
1914.322,-0.143
1914.325,-0.177
1914.327,0.109
1914.330,0.048
1914.333,0.150
1914.336,0.370
1914.338,0.372
1914.341,0.400
1914.344,0.228
1914.347,0.230
1914.349,0.324
1914.352,0.241
1914.355,0.001
1914.358,-0.124
1914.360,-0.152
1914.363,-0.113
1914.366,-0.229
1914.369,-0.147
1914.371,0.069
1914.374,0.042
1914.377,0.058
1914.379,0.227
1914.382,0.259
1914.385,0.313
1914.388,0.228
1914.390,0.061
1914.393,0.065
1914.396,-0.186
1914.399,-0.185
1914.401,-0.030
1914.404,-0.173
1914.407,-0.201
1914.410,0.233
1914.412,0.212
1914.415,0.273
1914.418,0.124
1914.421,0.072
1914.423,0.046
1914.426,-0.067
1914.429,-0.112
1914.432,0.203
1914.434,0.201
1914.437,0.187
1914.440,0.054
1914.443,0.022
1914.445,0.090
1914.448,0.112
1914.451,0.136
1914.453,0.224
1914.456,0.057
1914.459,0.056
1914.462,0.053
1914.464,-0.090
1914.467,-0.016
1914.470,0.165
1914.473,0.084
1914.475,0.303
1914.478,0.304
1914.481,0.169
1914.484,-0.035
1914.486,0.157
1914.489,0.230
1914.492,0.239
1914.495,0.183
1914.497,0.215
1914.500,0.352
1914.503,0.227
1914.505,0.144
1914.508,0.157
1914.511,0.334
1914.514,0.382
1914.516,0.090
1914.519,0.092
1914.522,0.203
1914.525,0.196
1914.527,0.170
1914.530,0.128
1914.533,-0.010
1914.536,0.005
1914.538,-0.137
1914.541,-0.207
1914.544,-0.411
1914.547,-0.356
1914.549,-0.234
1914.552,-0.179
1914.555,-0.139
1914.557,-0.097
1914.560,0.017
1914.563,0.048
1914.566,0.096
1914.568,-0.032
1914.571,-0.161
1914.574,-0.077
1914.577,-0.117
1914.579,0.068
1914.582,0.130
1914.585,0.006
1914.588,-0.113
1914.590,0.057
1914.593,0.131
1914.596,0.109
1914.599,0.206
1914.601,0.264
1914.604,0.184
1914.607,-0.033
1914.610,-0.161
1914.612,-0.099
1914.615,-0.075
1914.618,-0.191
1914.621,-0.227
1914.623,-0.190
1914.626,-0.137
1914.629,-0.083
1914.631,0.004
1914.634,-0.112
1914.637,-0.087
1914.640,-0.181
1914.642,-0.288
1914.645,-0.405
1914.648,-0.453
1914.651,-0.431
1914.653,-0.228
1914.656,-0.155
1914.659,-0.109
1914.662,-0.218
1914.664,-0.204
1914.667,-0.256
1914.670,-0.279
1914.673,-0.201
1914.675,-0.223
1914.678,-0.219
1914.681,-0.407
1914.684,-0.391
1914.686,-0.469
1914.689,-0.420
1914.692,-0.430
1914.695,-0.438
1914.697,-0.358
1914.700,-0.315
1914.703,-0.340
1914.705,-0.099
1914.708,-0.152
1914.711,-0.034
1914.714,-0.089
1914.716,0.123
1914.719,0.065
1914.722,0.214
1914.725,0.097
1914.727,-0.047
1914.730,-0.261
1914.733,-0.347
1914.736,-0.343
1914.738,-0.359
1914.741,-0.268
1914.744,0.023
1914.747,0.179
1914.749,0.212
1914.752,0.189
1914.755,0.054
1914.758,0.019
1914.760,0.129
1914.763,0.062
1914.766,0.171
1914.768,0.281
1914.771,0.345
1914.774,0.242
1914.777,0.062
1914.779,-0.103
1914.782,-0.203
1914.785,-0.037
1914.788,0.310
1914.790,0.221
1914.793,0.108
1914.796,0.181
1914.799,0.266
1914.801,0.244
1914.804,0.345
1914.807,0.179
1914.810,0.217
1914.812,0.175
1914.815,-0.029
1914.818,-0.008
1914.821,-0.140
1914.823,-0.149
1914.826,-0.036
1914.829,-0.087
1914.832,-0.046
1914.834,-0.110
1914.837,-0.487
1914.840,-0.697
1914.842,-0.589
1914.845,-0.596
1914.848,-0.590
1914.851,-0.633
1914.853,-0.654
1914.856,-0.654
1914.859,-0.838
1914.862,-0.565
1914.864,-0.227
1914.867,-0.201
1914.870,-0.184
1914.873,-0.304
1914.875,-0.497
1914.878,-0.702
1914.881,-0.658
1914.884,-0.481
1914.886,-0.235
1914.889,-0.184
1914.892,-0.102
1914.895,-0.149
1914.897,-0.008
1914.900,0.015
1914.903,-0.047
1914.906,-0.129
1914.908,0.024
1914.911,0.214
1914.914,0.200
1914.916,0.090
1914.919,-0.086
1914.922,0.068
1914.925,0.265
1914.927,0.245
1914.930,0.341
1914.933,0.136
1914.936,-0.078
1914.938,-0.074
1914.941,0.085
1914.944,0.044
1914.947,-0.119
1914.949,-0.307
1914.952,-0.230
1914.955,-0.363
1914.958,-0.343
1914.960,0.031
1914.963,0.379
1914.966,0.180
1914.969,0.013
1914.971,-0.296
1914.974,-0.556
1914.977,-0.556
1914.979,-0.540
1914.982,-0.456
1914.985,-0.590
1914.988,-0.457
1914.990,-0.663
1914.993,-0.442
1914.996,-0.485
1914.999,-0.877
1915.001,-0.686
1915.004,-0.628
1915.007,-0.559
1915.010,-0.532
1915.012,-0.446
1915.015,-0.412
1915.018,-0.538
1915.021,-0.470
1915.023,-0.381
1915.026,-0.341
1915.029,-0.618
1915.031,-0.475
1915.034,-0.356
1915.037,-0.120
1915.040,0.079
1915.042,0.059
1915.045,0.138
1915.048,0.211
1915.051,-0.151
1915.053,-0.556
1915.056,-0.809
1915.059,-0.795
1915.062,-0.586
1915.064,-0.507
1915.067,-0.374
1915.070,-0.210
1915.073,-0.457
1915.075,-0.316
1915.078,0.071
1915.081,0.159
1915.084,-0.061
1915.086,0.390
1915.089,0.243
1915.092,-0.224
1915.094,-0.393
1915.097,-0.367
1915.100,-0.189
1915.103,-0.040
1915.105,-0.088
1915.108,-0.310
1915.111,-0.187
1915.114,0.104
1915.116,0.086
1915.119,0.093
1915.122,0.031
1915.125,0.160
1915.127,0.066
1915.130,0.236
1915.133,0.284
1915.136,0.503
1915.138,0.419
1915.141,0.488
1915.144,0.311
1915.147,0.395
1915.149,0.454
1915.152,0.342
1915.155,-0.135
1915.158,-0.172
1915.160,-0.103
1915.163,-0.120
1915.166,-0.423
1915.168,-0.585
1915.171,-0.717
1915.174,-0.597
1915.177,-0.616
1915.179,-0.810
1915.182,-0.893
1915.185,-0.755
1915.188,-0.483
1915.190,-0.667
1915.193,-0.336
1915.196,-0.084
1915.199,0.146
1915.201,0.215
1915.204,0.221
1915.207,0.357
1915.210,0.475
1915.212,0.258
1915.215,0.190
1915.218,0.249
1915.221,0.429
1915.223,0.451
1915.226,0.334
1915.229,0.079
1915.232,0.173
1915.234,-0.046
1915.237,0.153
1915.240,0.160
1915.242,0.288
1915.245,0.316
1915.248,0.266
1915.251,0.329
1915.253,0.240
1915.256,0.195
1915.259,0.479
1915.262,0.540
1915.264,0.563
1915.267,0.527
1915.270,0.566
1915.273,0.535
1915.275,0.593
1915.278,0.401
1915.281,0.562
1915.284,0.519
1915.286,0.458
1915.289,0.433
1915.292,0.300
1915.295,0.484
1915.297,0.612
1915.300,0.651
1915.303,0.733
1915.305,0.783
1915.308,0.943
1915.311,0.965
1915.314,0.976
1915.316,0.927
1915.319,0.752
1915.322,0.800
1915.325,0.705
1915.327,0.598
1915.330,0.538
1915.333,0.568
1915.336,0.593
1915.338,0.492
1915.341,0.391
1915.344,0.352
1915.347,0.299
1915.349,0.385
1915.352,0.458
1915.355,0.401
1915.358,0.387
1915.360,0.422
1915.363,0.636
1915.366,0.711
1915.369,0.373
1915.371,0.234
1915.374,0.007
1915.377,-0.084
1915.379,-0.038
1915.382,-0.140
1915.385,0.105
1915.388,0.116
1915.390,0.126
1915.393,0.209
1915.396,0.350
1915.399,0.410
1915.401,0.170
1915.404,0.013
1915.407,-0.065
1915.410,0.080
1915.412,0.186
1915.415,0.199
1915.418,0.234
1915.421,0.209
1915.423,0.200
1915.426,0.069
1915.429,-0.099
1915.432,-0.063
1915.434,-0.149
1915.437,-0.141
1915.440,-0.094
1915.443,0.011
1915.445,-0.170
1915.448,-0.274
1915.451,-0.362
1915.453,-0.173
1915.456,-0.162
1915.459,-0.109
1915.462,0.006
1915.464,-0.005
1915.467,0.019
1915.470,-0.095
1915.473,0.041
1915.475,0.046
1915.478,0.304
1915.481,0.268
1915.484,0.029
1915.486,-0.054
1915.489,-0.023
1915.492,-0.070
1915.495,-0.041
1915.497,-0.144
1915.500,-0.323
1915.503,-0.301
1915.505,-0.200
1915.508,-0.048
1915.511,0.007
1915.514,0.080
1915.516,0.015
1915.519,0.178
1915.522,0.100
1915.525,0.216
1915.527,0.179
1915.530,0.101
1915.533,0.158
1915.536,0.259
1915.538,0.280
1915.541,0.333
1915.544,0.401
1915.547,0.288
1915.549,0.319
1915.552,0.279
1915.555,0.308
1915.557,0.346
1915.560,0.303
1915.563,0.224
1915.566,0.216
1915.568,0.267
1915.571,0.342
1915.574,0.290
1915.577,0.249
1915.579,0.216
1915.582,0.167
1915.585,0.161
1915.588,0.121
1915.590,0.042
1915.593,0.132
1915.596,0.227
1915.599,0.238
1915.601,0.211
1915.604,0.194
1915.607,0.069
1915.610,0.055
1915.612,0.108
1915.615,0.062
1915.618,-0.020
1915.621,-0.119
1915.623,0.019
1915.626,-0.008
1915.629,-0.036
1915.631,-0.104
1915.634,-0.086
1915.637,-0.076
1915.640,-0.232
1915.642,-0.255
1915.645,-0.231
1915.648,-0.353
1915.651,-0.329
1915.653,-0.299
1915.656,-0.279
1915.659,-0.279
1915.662,-0.342
1915.664,-0.361
1915.667,-0.318
1915.670,-0.047
1915.673,0.037
1915.675,0.107
1915.678,-0.058
1915.681,0.043
1915.684,-0.152
1915.686,-0.173
1915.689,-0.211
1915.692,-0.351
1915.695,-0.628
1915.697,-0.696
1915.700,-0.657
1915.703,-0.578
1915.705,-0.420
1915.708,-0.330
1915.711,-0.211
1915.714,-0.116
1915.716,-0.139
1915.719,-0.341
1915.722,-0.408
1915.725,-0.519
1915.727,-0.405
1915.730,-0.273
1915.733,-0.174
1915.736,-0.289
1915.738,-0.286
1915.741,-0.164
1915.744,0.017
1915.747,0.105
1915.749,0.190
1915.752,0.207
1915.755,0.083
1915.758,-0.032
1915.760,-0.392
1915.763,-0.556
1915.766,-0.740
1915.768,-0.733
1915.771,-0.556
1915.774,-0.389
1915.777,-0.315
1915.779,-0.294
1915.782,-0.241
1915.785,-0.282
1915.788,-0.418
1915.790,-0.457
1915.793,-0.431
1915.796,-0.406
1915.799,-0.568
1915.801,-0.479
1915.804,-0.334
1915.807,-0.351
1915.810,-0.481
1915.812,-0.632
1915.815,-0.397
1915.818,-0.201
1915.821,-0.228
1915.823,-0.130
1915.826,0.037
1915.829,-0.043
1915.832,-0.079
1915.834,-0.041
1915.837,-0.041
1915.840,0.128
1915.842,0.152
1915.845,-0.088
1915.848,-0.295
1915.851,-0.154
1915.853,-0.132
1915.856,-0.313
1915.859,-0.255
1915.862,-0.042
1915.864,-0.006
1915.867,-0.031
1915.870,0.144
1915.873,-0.010
1915.875,-0.248
1915.878,-0.133
1915.881,-0.023
1915.884,0.222
1915.886,0.323
1915.889,0.365
1915.892,0.077
1915.895,0.253
1915.897,0.269
1915.900,0.245
1915.903,0.335
1915.906,0.114
1915.908,-0.124
1915.911,-0.288
1915.914,-0.241
1915.916,-0.384
1915.919,-0.184
1915.922,-0.001
1915.925,0.059
1915.927,0.143
1915.930,-0.084
1915.933,-0.078
1915.936,0.087
1915.938,0.215
1915.941,0.159
1915.944,0.176
1915.947,0.381
1915.949,0.070
1915.952,-0.001
1915.955,-0.180
1915.958,-0.462
1915.960,-0.439
1915.963,-0.458
1915.966,-0.304
1915.969,-0.264
1915.971,-0.118
1915.974,-0.158
1915.977,-0.107
1915.979,0.056
1915.982,0.059
1915.985,0.156
1915.988,-0.049
1915.990,-0.351
1915.993,-0.770
1915.996,-0.824
1915.999,-0.656
1916.001,-0.426
1916.004,-0.710
1916.007,-0.847
1916.010,-0.786
1916.012,-0.479
1916.015,-0.400
1916.018,-0.316
1916.021,-0.208
1916.023,-0.061
1916.026,0.057
1916.029,-0.136
1916.031,-0.217
1916.034,-0.203
1916.037,-0.300
1916.040,-0.135
1916.042,-0.231
1916.045,-0.281
1916.048,-0.241
1916.051,-0.409
1916.053,-0.298
1916.056,-0.097
1916.059,0.011
1916.062,0.078
1916.064,0.147
1916.067,0.158
1916.070,0.239
1916.072,0.243
1916.075,0.171
1916.078,0.142
1916.081,0.187
1916.083,-0.056
1916.086,-0.274
1916.089,-0.263
1916.092,-0.314
1916.094,-0.344
1916.097,-0.148
1916.100,-0.215
1916.102,-0.426
1916.105,-0.298
1916.108,-0.131
1916.111,-0.528
1916.113,-0.560
1916.116,-0.395
1916.119,-0.491
1916.122,-0.163
1916.124,-0.085
1916.127,0.298
1916.130,0.318
1916.133,0.207
1916.135,0.055
1916.138,0.040
1916.141,-0.255
1916.143,-0.280
1916.146,-0.321
1916.149,-0.102
1916.152,-0.023
1916.154,-0.179
1916.157,-0.570
1916.160,-0.667
1916.163,-1.009
1916.165,-1.022
1916.168,-0.849
1916.171,-0.776
1916.173,-0.500
1916.176,-0.353
1916.179,-0.644
1916.182,-0.686
1916.184,-0.532
1916.187,-0.506
1916.190,-0.350
1916.193,-0.286
1916.195,-0.274
1916.198,-0.250
1916.201,-0.470
1916.203,-0.824
1916.206,-0.617
1916.209,-0.632
1916.212,-0.569
1916.214,-0.411
1916.217,-0.374
1916.220,-0.315
1916.223,-0.541
1916.225,-0.485
1916.228,-0.256
1916.231,-0.076
1916.234,-0.028
1916.236,0.025
1916.239,-0.060
1916.242,-0.032
1916.245,0.091
1916.247,-0.092
1916.250,0.061
1916.253,0.116
1916.255,-0.122
1916.258,-0.268
1916.261,-0.351
1916.264,-0.523
1916.266,-0.470
1916.269,-0.361
1916.272,-0.122
1916.275,0.131
1916.277,0.346
1916.280,0.435
1916.283,0.492
1916.286,0.235
1916.288,-0.035
1916.291,-0.172
1916.294,-0.293
1916.297,-0.374
1916.299,-0.262
1916.302,-0.050
1916.305,-0.271
1916.307,-0.338
1916.310,-0.190
1916.313,-0.133
1916.316,-0.209
1916.318,-0.150
1916.321,-0.152
1916.324,-0.354
1916.327,-0.333
1916.329,-0.266
1916.332,-0.291
1916.335,-0.106
1916.337,-0.026
1916.340,0.059
1916.343,-0.058
1916.346,0.005
1916.348,-0.061
1916.351,-0.037
1916.354,-0.191
1916.357,-0.309
1916.359,-0.418
1916.362,-0.493
1916.365,-0.182
1916.367,-0.319
1916.370,-0.448
1916.373,-0.241
1916.376,-0.182
1916.378,-0.250
1916.381,-0.213
1916.384,-0.179
1916.387,-0.254
1916.389,-0.278
1916.392,-0.173
1916.395,-0.160
1916.398,-0.307
1916.400,-0.339
1916.403,-0.345
1916.406,-0.485
1916.408,-0.347
1916.411,-0.511
1916.414,-0.742
1916.417,-0.583
1916.419,-0.435
1916.422,-0.506
1916.425,-0.826
1916.428,-0.774
1916.430,-0.648
1916.433,-0.729
1916.436,-0.492
1916.438,-0.295
1916.441,-0.321
1916.444,-0.429
1916.447,-0.477
1916.449,-0.438
1916.452,-0.176
1916.455,-0.344
1916.458,-0.448
1916.460,-0.435
1916.463,-0.389
1916.466,-0.365
1916.469,-0.554
1916.471,-0.682
1916.474,-0.689
1916.477,-0.508
1916.479,-0.271
1916.482,-0.285
1916.485,-0.159
1916.488,-0.220
1916.490,-0.272
1916.493,-0.198
1916.496,-0.327
1916.499,-0.194
1916.501,-0.301
1916.504,-0.183
1916.507,-0.278
1916.510,-0.250
1916.512,-0.311
1916.515,-0.214
1916.518,-0.331
1916.521,-0.263
1916.523,-0.221
1916.526,-0.198
1916.529,-0.228
1916.531,-0.233
1916.534,-0.339
1916.537,-0.289
1916.540,-0.305
1916.542,-0.195
1916.545,-0.304
1916.548,-0.193
1916.551,-0.256
1916.553,-0.273
1916.556,-0.228
1916.559,-0.207
1916.562,-0.217
1916.564,-0.127
1916.567,-0.127
1916.570,-0.186
1916.572,-0.207
1916.575,-0.130
1916.578,-0.229
1916.581,-0.194
1916.583,-0.246
1916.586,-0.393
1916.589,-0.365
1916.592,-0.374
1916.594,-0.404
1916.597,-0.255
1916.600,-0.305
1916.602,-0.263
1916.605,-0.237
1916.608,-0.374
1916.611,-0.423
1916.613,-0.271
1916.616,-0.138
1916.619,-0.060
1916.622,-0.014
1916.624,-0.053
1916.627,-0.073
1916.630,-0.054
1916.633,-0.045
1916.635,-0.146
1916.638,-0.226
1916.641,-0.226
1916.643,-0.120
1916.646,-0.282
1916.649,-0.308
1916.652,-0.186
1916.654,-0.044
1916.657,-0.143
1916.660,-0.250
1916.663,-0.495
1916.665,-0.424
1916.668,-0.448
1916.671,-0.529
1916.673,-0.494
1916.676,-0.471
1916.679,-0.365
1916.682,-0.228
1916.684,-0.261
1916.687,-0.370
1916.690,-0.391
1916.693,-0.451
1916.695,-0.425
1916.698,-0.347
1916.701,-0.416
1916.703,-0.322
1916.706,-0.251
1916.709,-0.082
1916.712,-0.101
1916.714,-0.169
1916.717,-0.157
1916.720,-0.249
1916.723,-0.291
1916.725,-0.404
1916.728,-0.486
1916.731,-0.354
1916.734,-0.261
1916.736,-0.255
1916.739,-0.324
1916.742,-0.348
1916.745,-0.667
1916.747,-0.622
1916.750,-0.507
1916.753,-0.506
1916.755,-0.532
1916.758,-0.333
1916.761,-0.143
1916.764,-0.257
1916.766,0.056
1916.769,0.088
1916.772,0.017
1916.775,0.127
1916.777,0.124
1916.780,0.141
1916.783,0.192
1916.786,0.157
1916.788,0.083
1916.791,0.081
1916.794,-0.035
1916.797,-0.264
1916.799,-0.292
1916.802,-0.410
1916.805,-0.385
1916.807,-0.369
1916.810,-0.493
1916.813,-0.379
1916.816,-0.334
1916.818,-0.444
1916.821,-0.512
1916.824,-0.322
1916.827,-0.359
1916.829,-0.267
1916.832,-0.374
1916.835,-0.742
1916.837,-0.875
1916.840,-0.768
1916.843,-0.662
1916.846,-0.581
1916.848,-0.659
1916.851,-0.918
1916.854,-0.876
1916.857,-0.744
1916.859,-0.784
1916.862,-0.975
1916.865,-1.254
1916.867,-1.145
1916.870,-1.129
1916.873,-0.801
1916.876,-0.607
1916.878,-0.340
1916.881,-0.267
1916.884,-0.128
1916.887,-0.149
1916.889,-0.245
1916.892,-0.529
1916.895,-0.836
1916.898,-0.867
1916.900,-0.957
1916.903,-0.936
1916.906,-0.597
1916.908,-0.405
1916.911,-0.276
1916.914,-0.250
1916.917,-0.283
1916.919,-0.256
1916.922,-0.447
1916.925,-0.452
1916.928,-0.692
1916.930,-1.115
1916.933,-0.978
1916.936,-1.233
1916.938,-1.448
1916.941,-1.446
1916.944,-1.523
1916.947,-1.895
1916.949,-2.087
1916.952,-2.178
1916.955,-1.886
1916.958,-1.594
1916.960,-1.650
1916.963,-1.798
1916.966,-1.647
1916.969,-1.636
1916.971,-1.587
1916.974,-1.606
1916.977,-1.414
1916.979,-1.322
1916.982,-1.502
1916.985,-1.523
1916.988,-1.312
1916.990,-1.553
1916.993,-1.494
1916.996,-1.080
1916.999,-0.672
1917.001,-0.608
1917.004,-0.636
1917.007,-0.837
1917.010,-1.072
1917.012,-0.938
1917.015,-0.906
1917.018,-0.360
1917.021,-0.075
1917.023,-0.174
1917.026,-0.292
1917.029,-0.527
1917.031,-0.445
1917.034,-0.505
1917.037,-0.298
1917.040,-0.317
1917.042,-0.164
1917.045,0.192
1917.048,0.019
1917.051,-0.496
1917.053,-0.880
1917.056,-0.865
1917.059,-0.987
1917.062,-1.108
1917.064,-1.201
1917.067,-1.159
1917.070,-1.211
1917.073,-0.993
1917.075,-0.533
1917.078,-0.354
1917.081,-0.590
1917.084,-1.148
1917.086,-1.756
1917.089,-2.052
1917.092,-1.814
1917.094,-1.400
1917.097,-1.259
1917.100,-0.752
1917.103,-0.459
1917.105,-0.671
1917.108,-0.561
1917.111,-0.694
1917.114,-0.472
1917.116,-0.249
1917.119,-0.270
1917.122,-0.042
1917.125,0.066
1917.127,-0.038
1917.130,-0.249
1917.133,-0.603
1917.136,-0.959
1917.138,-1.195
1917.141,-0.939
1917.144,-0.982
1917.147,-0.849
1917.149,-0.946
1917.152,-1.027
1917.155,-0.939
1917.158,-1.029
1917.160,-0.939
1917.163,-1.088
1917.166,-1.426
1917.168,-1.468
1917.171,-1.367
1917.174,-1.062
1917.177,-0.828
1917.179,-0.682
1917.182,-0.506
1917.185,-0.349
1917.188,-0.587
1917.190,-0.677
1917.193,-0.608
1917.196,-0.753
1917.199,-0.863
1917.201,-1.043
1917.204,-0.986
1917.207,-0.997
1917.210,-1.247
1917.212,-1.322
1917.215,-1.164
1917.218,-0.856
1917.221,-0.684
1917.223,-0.605
1917.226,-0.591
1917.229,-0.704
1917.232,-0.498
1917.234,-0.222
1917.237,-0.098
1917.240,-0.059
1917.242,0.155
1917.245,0.139
1917.248,0.158
1917.251,-0.109
1917.253,-0.449
1917.256,-0.580
1917.259,-0.453
1917.262,-0.462
1917.264,-0.619
1917.267,-0.624
1917.270,-0.737
1917.273,-0.570
1917.275,-0.357
1917.278,-0.284
1917.281,-0.136
1917.284,-0.147
1917.286,-0.158
1917.289,-0.060
1917.292,0.027
1917.295,-0.013
1917.297,-0.235
1917.300,-0.267
1917.303,-0.457
1917.305,-0.476
1917.308,-0.344
1917.311,-0.214
1917.314,-0.275
1917.316,-0.613
1917.319,-0.849
1917.322,-0.804
1917.325,-0.605
1917.327,-0.404
1917.330,-0.328
1917.333,-0.432
1917.336,-0.418
1917.338,-0.436
1917.341,-0.464
1917.344,-0.629
1917.347,-0.717
1917.349,-0.746
1917.352,-0.602
1917.355,-0.571
1917.358,-0.491
1917.360,-0.495
1917.363,-0.525
1917.366,-0.707
1917.369,-0.658
1917.371,-0.660
1917.374,-0.556
1917.377,-0.607
1917.379,-0.641
1917.382,-0.764
1917.385,-1.040
1917.388,-0.915
1917.390,-0.793
1917.393,-0.927
1917.396,-1.012
1917.399,-1.032
1917.401,-1.000
1917.404,-0.887
1917.407,-0.964
1917.410,-0.931
1917.412,-0.843
1917.415,-0.685
1917.418,-0.652
1917.421,-0.680
1917.423,-0.661
1917.426,-0.612
1917.429,-0.740
1917.432,-0.743
1917.434,-0.647
1917.437,-0.418
1917.440,-0.497
1917.443,-0.597
1917.445,-0.539
1917.448,-0.581
1917.451,-0.653
1917.453,-0.671
1917.456,-0.484
1917.459,-0.495
1917.462,-0.673
1917.464,-0.677
1917.467,-0.634
1917.470,-0.665
1917.473,-0.443
1917.475,-0.326
1917.478,-0.308
1917.481,-0.221
1917.484,-0.209
1917.486,-0.143
1917.489,-0.137
1917.492,-0.146
1917.495,-0.161
1917.497,-0.207
1917.500,-0.267
1917.503,-0.318
1917.505,-0.228
1917.508,-0.274
1917.511,-0.265
1917.514,-0.184
1917.516,-0.138
1917.519,-0.179
1917.522,-0.136
1917.525,-0.136
1917.527,-0.019
1917.530,0.014
1917.533,0.082
1917.536,0.211
1917.538,0.168
1917.541,0.105
1917.544,0.006
1917.547,-0.276
1917.549,-0.199
1917.552,-0.151
1917.555,-0.144
1917.557,-0.077
1917.560,-0.011
1917.563,-0.048
1917.566,0.117
1917.568,0.109
1917.571,-0.035
1917.574,-0.112
1917.577,-0.122
1917.579,-0.130
1917.582,-0.230
1917.585,-0.288
1917.588,-0.507
1917.590,-0.437
1917.593,-0.486
1917.596,-0.480
1917.599,-0.406
1917.601,-0.417
1917.604,-0.444
1917.607,-0.395
1917.610,-0.531
1917.612,-0.515
1917.615,-0.442
1917.618,-0.308
1917.621,-0.264
1917.623,-0.288
1917.626,-0.242
1917.629,-0.235
1917.631,-0.260
1917.634,-0.381
1917.637,-0.494
1917.640,-0.460
1917.642,-0.344
1917.645,-0.157
1917.648,-0.253
1917.651,-0.304
1917.653,-0.285
1917.656,-0.188
1917.659,-0.252
1917.662,-0.357
1917.664,-0.572
1917.667,-0.613
1917.670,-0.590
1917.673,-0.613
1917.675,-0.487
1917.678,-0.484
1917.681,-0.433
1917.684,-0.515
1917.686,-0.691
1917.689,-0.677
1917.692,-0.633
1917.695,-0.607
1917.697,-0.697
1917.700,-0.620
1917.703,-0.608
1917.705,-0.450
1917.708,-0.334
1917.711,-0.352
1917.714,-0.286
1917.716,-0.143
1917.719,-0.134
1917.722,-0.247
1917.725,-0.388
1917.727,-0.493
1917.730,-0.424
1917.733,-0.387
1917.736,-0.179
1917.738,-0.106
1917.741,0.034
1917.744,0.002
1917.747,-0.113
1917.749,-0.139
1917.752,-0.100
1917.755,0.019
1917.758,-0.318
1917.760,-0.516
1917.763,-0.620
1917.766,-0.602
1917.768,-0.546
1917.771,-0.448
1917.774,-0.379
1917.777,-0.360
1917.779,-0.447
1917.782,-0.278
1917.785,-0.077
1917.788,-0.184
1917.790,-0.238
1917.793,-0.459
1917.796,-0.539
1917.799,-1.007
1917.801,-1.135
1917.804,-1.269
1917.807,-1.536
1917.810,-1.156
1917.812,-1.339
1917.815,-1.115
1917.818,-0.934
1917.821,-0.991
1917.823,-1.027
1917.826,-1.183
1917.829,-1.304
1917.832,-1.074
1917.834,-0.980
1917.837,-0.952
1917.840,-0.848
1917.842,-0.955
1917.845,-1.000
1917.848,-0.800
1917.851,-0.405
1917.853,-0.252
1917.856,-0.240
1917.859,0.021
1917.862,0.150
1917.864,-0.050
1917.867,-0.385
1917.870,-0.494
1917.873,-0.302
1917.875,-0.157
1917.878,-0.380
1917.881,-0.389
1917.884,-0.391
1917.886,-0.522
1917.889,-0.571
1917.892,-0.230
1917.895,-0.515
1917.897,-0.685
1917.900,-0.661
1917.903,-0.526
1917.906,-0.325
1917.908,-0.098
1917.911,0.030
1917.914,0.261
1917.916,-0.164
1917.919,-0.373
1917.922,-0.620
1917.925,-0.849
1917.927,-1.013
1917.930,-1.028
1917.933,-1.288
1917.936,-1.668
1917.938,-1.989
1917.941,-2.014
1917.944,-1.815
1917.947,-1.865
1917.949,-1.737
1917.952,-1.658
1917.955,-1.326
1917.958,-1.182
1917.960,-1.019
1917.963,-1.144
1917.966,-1.124
1917.969,-1.220
1917.971,-1.348
1917.974,-1.168
1917.977,-1.478
1917.979,-1.769
1917.982,-2.043
1917.985,-2.124
1917.988,-2.170
1917.990,-1.886
1917.993,-1.777
1917.996,-1.658
1917.999,-1.341
1918.001,-1.087
1918.004,-0.876
1918.007,-0.844
1918.010,-0.526
1918.012,-0.202
1918.015,-0.394
1918.018,-0.362
1918.021,-0.407
1918.023,-0.801
1918.026,-1.186
1918.029,-1.513
1918.031,-1.242
1918.034,-1.075
1918.037,-0.774
1918.040,-0.825
1918.042,-0.770
1918.045,-0.600
1918.048,-0.474
1918.051,-0.372
1918.053,-0.761
1918.056,-0.888
1918.059,-0.720
1918.062,-0.376
1918.064,-0.439
1918.067,-0.673
1918.070,-0.941
1918.073,-0.940
1918.075,-1.001
1918.078,-0.940
1918.081,-0.936
1918.084,-1.074
1918.086,-1.355
1918.089,-1.384
1918.092,-1.236
1918.094,-1.151
1918.097,-1.087
1918.100,-0.985
1918.103,-0.864
1918.105,-0.702
1918.108,-0.572
1918.111,-0.281
1918.114,-0.179
1918.116,-0.389
1918.119,-0.541
1918.122,-0.676
1918.125,-1.032
1918.127,-1.199
1918.130,-1.249
1918.133,-1.070
1918.136,-0.838
1918.138,-0.769
1918.141,-0.673
1918.144,-0.061
1918.147,0.025
1918.149,-0.194
1918.152,-0.499
1918.155,-0.641
1918.158,-0.717
1918.160,-0.553
1918.163,-0.513
1918.166,-0.486
1918.168,-0.213
1918.171,-0.165
1918.174,-0.288
1918.177,-0.518
1918.179,-0.637
1918.182,-0.482
1918.185,-0.474
1918.188,-0.447
1918.190,-0.367
1918.193,-0.299
1918.196,-0.381
1918.199,-0.648
1918.201,-0.690
1918.204,-0.488
1918.207,-0.415
1918.210,-0.534
1918.212,-0.376
1918.215,-0.112
1918.218,-0.131
1918.221,-0.325
1918.223,-0.283
1918.226,-0.310
1918.229,-0.343
1918.232,-0.465
1918.234,-0.554
1918.237,-0.488
1918.240,-0.193
1918.242,0.015
1918.245,-0.041
1918.248,-0.085
1918.251,-0.271
1918.253,-0.540
1918.256,-0.474
1918.259,-0.709
1918.262,-0.724
1918.264,-0.873
1918.267,-0.882
1918.270,-0.621
1918.273,-0.406
1918.275,-0.398
1918.278,-0.236
1918.281,0.081
1918.284,-0.129
1918.286,-0.241
1918.289,-0.242
1918.292,-0.620
1918.295,-0.838
1918.297,-0.582
1918.300,-0.411
1918.303,-0.307
1918.305,-0.511
1918.308,-0.470
1918.311,-0.296
1918.314,-0.343
1918.316,-0.361
1918.319,-0.252
1918.322,-0.516
1918.325,-0.478
1918.327,-0.534
1918.330,-0.607
1918.333,-0.676
1918.336,-0.692
1918.338,-0.689
1918.341,-0.575
1918.344,-0.345
1918.347,-0.402
1918.349,-0.600
1918.352,-0.779
1918.355,-1.019
1918.358,-1.147
1918.360,-1.037
1918.363,-1.137
1918.366,-0.972
1918.369,-0.624
1918.371,-0.674
1918.374,-0.725
1918.377,-0.825
1918.379,-0.644
1918.382,-0.724
1918.385,-0.795
1918.388,-0.822
1918.390,-0.821
1918.393,-0.831
1918.396,-0.906
1918.399,-0.967
1918.401,-1.047
1918.404,-0.838
1918.407,-0.628
1918.410,-0.351
1918.412,-0.367
1918.415,-0.502
1918.418,-0.756
1918.421,-0.796
1918.423,-0.605
1918.426,-0.498
1918.429,-0.531
1918.432,-0.641
1918.434,-0.552
1918.437,-0.512
1918.440,-0.509
1918.443,-0.527
1918.445,-0.560
1918.448,-0.431
1918.451,-0.422
1918.453,-0.424
1918.456,-0.290
1918.459,-0.007
1918.462,-0.193
1918.464,-0.377
1918.467,-0.383
1918.470,-0.302
1918.473,-0.403
1918.475,-0.520
1918.478,-0.461
1918.481,-0.600
1918.484,-0.448
1918.486,-0.585
1918.489,-0.674
1918.492,-0.636
1918.495,-0.598
1918.497,-0.468
1918.500,-0.333
1918.503,-0.374
1918.505,-0.187
1918.508,-0.350
1918.511,-0.429
1918.514,-0.352
1918.516,-0.417
1918.519,-0.295
1918.522,-0.392
1918.525,-0.497
1918.527,-0.373
1918.530,-0.523
1918.533,-0.487
1918.536,-0.389
1918.538,-0.325
1918.541,-0.362
1918.544,-0.488
1918.547,-0.626
1918.549,-0.407
1918.552,-0.391
1918.555,-0.327
1918.557,-0.134
1918.560,-0.214
1918.563,-0.236
1918.566,-0.347
1918.568,-0.318
1918.571,-0.339
1918.574,-0.288
1918.577,-0.172
1918.579,-0.222
1918.582,-0.397
1918.585,-0.462
1918.588,-0.415
1918.590,-0.347
1918.593,-0.488
1918.596,-0.380
1918.599,-0.422
1918.601,-0.415
1918.604,-0.502
1918.607,-0.568
1918.610,-0.735
1918.612,-0.531
1918.615,-0.526
1918.618,-0.649
1918.621,-0.644
1918.623,-0.673
1918.626,-0.610
1918.629,-0.619
1918.631,-0.549
1918.634,-0.501
1918.637,-0.425
1918.640,-0.254
1918.642,-0.158
1918.645,-0.258
1918.648,-0.332
1918.651,-0.514
1918.653,-0.367
1918.656,-0.267
1918.659,-0.142
1918.662,-0.207
1918.664,-0.174
1918.667,-0.336
1918.670,-0.312
1918.673,-0.375
1918.675,-0.629
1918.678,-0.692
1918.681,-0.618
1918.684,-0.674
1918.686,-0.525
1918.689,-0.483
1918.692,-0.551
1918.695,-0.310
1918.697,-0.367
1918.700,-0.314
1918.703,-0.320
1918.705,-0.285
1918.708,-0.393
1918.711,-0.105
1918.714,0.043
1918.716,0.013
1918.719,-0.167
1918.722,-0.344
1918.725,-0.243
1918.727,-0.169
1918.730,-0.011
1918.733,0.102
1918.736,0.208
1918.738,0.289
1918.741,0.273
1918.744,0.094
1918.747,0.006
1918.749,-0.061
1918.752,-0.164
1918.755,-0.072
1918.758,0.171
1918.760,0.249
1918.763,0.182
1918.766,0.026
1918.768,0.173
1918.771,0.479
1918.774,0.456
1918.777,0.568
1918.779,0.796
1918.782,0.736
1918.785,0.521
1918.788,0.581
1918.790,0.375
1918.793,0.277
1918.796,0.327
1918.799,0.263
1918.801,0.215
1918.804,0.072
1918.807,-0.298
1918.810,-0.390
1918.812,-0.541
1918.815,-0.466
1918.818,-0.421
1918.821,-0.356
1918.823,-0.330
1918.826,-0.072
1918.829,-0.231
1918.832,-0.295
1918.834,-0.496
1918.837,-0.716
1918.840,-0.576
1918.842,-0.353
1918.845,-0.290
1918.848,-0.462
1918.851,-0.433
1918.853,-0.550
1918.856,-0.508
1918.859,-0.192
1918.862,-0.209
1918.864,-0.300
1918.867,-0.236
1918.870,-0.265
1918.873,-0.251
1918.875,-0.315
1918.878,-0.441
1918.881,-0.292
1918.884,-0.155
1918.886,-0.147
1918.889,-0.209
1918.892,-0.398
1918.895,-0.575
1918.897,-0.757
1918.900,-0.952
1918.903,-0.738
1918.906,-0.822
1918.908,-0.941
1918.911,-1.087
1918.914,-1.006
1918.916,-1.251
1918.919,-1.029
1918.922,-0.912
1918.925,-0.871
1918.927,-0.872
1918.930,-0.617
1918.933,-0.511
1918.936,-0.630
1918.938,-0.559
1918.941,-0.832
1918.944,-0.750
1918.947,-0.710
1918.949,-0.759
1918.952,-0.725
1918.955,-0.709
1918.958,-0.898
1918.960,-0.950
1918.963,-1.231
1918.966,-1.160
1918.969,-1.166
1918.971,-0.999
1918.974,-0.698
1918.977,-0.865
1918.979,-1.229
1918.982,-1.358
1918.985,-1.264
1918.988,-1.136
1918.990,-0.830
1918.993,-0.604
1918.996,-0.482
1918.999,-0.662
1919.001,-0.783
1919.004,-0.660
1919.007,-0.558
1919.010,-0.317
1919.012,-0.313
1919.015,-0.387
1919.018,-0.194
1919.021,-0.197
1919.023,-0.150
1919.026,-0.361
1919.029,-0.512
1919.031,-0.521
1919.034,-0.640
1919.037,-0.774
1919.040,-1.131
1919.042,-0.846
1919.045,-0.536
1919.048,-0.471
1919.051,-0.686
1919.053,-0.682
1919.056,-0.434
1919.059,-0.371
1919.062,-0.234
1919.064,-0.232
1919.067,-0.519
1919.070,-0.824
1919.073,-0.976
1919.075,-0.937
1919.078,-1.045
1919.081,-1.346
1919.084,-1.308
1919.086,-0.999
1919.089,-0.899
1919.092,-0.887
1919.094,-0.788
1919.097,-0.512
1919.100,-0.527
1919.103,-0.382
1919.105,-0.395
1919.108,-0.312
1919.111,0.083
1919.114,0.113
1919.116,0.056
1919.119,-0.091
1919.122,-0.074
1919.125,-0.018
1919.127,0.078
1919.130,0.173
1919.133,-0.050
1919.136,0.082
1919.138,0.089
1919.141,-0.134
1919.144,-0.500
1919.147,-0.349
1919.149,-0.352
1919.152,-0.669
1919.155,-0.943
1919.158,-0.994
1919.160,-1.100
1919.163,-1.253
1919.166,-1.247
1919.168,-0.951
1919.171,-0.953
1919.174,-0.943
1919.177,-0.982
1919.179,-0.810
1919.182,-0.451
1919.185,-0.332
1919.188,-0.382
1919.190,-0.381
1919.193,-0.170
1919.196,-0.330
1919.199,-0.291
1919.201,-0.095
1919.204,-0.142
1919.207,-0.384
1919.210,-0.300
1919.212,-0.262
1919.215,-0.476
1919.218,-0.577
1919.221,-0.377
1919.223,-0.282
1919.226,-0.168
1919.229,-0.285
1919.232,-0.515
1919.234,-0.475
1919.237,-0.253
1919.240,0.028
1919.242,0.192
1919.245,0.129
1919.248,0.097
1919.251,0.250
1919.253,0.497
1919.256,0.574
1919.259,0.669
1919.262,0.520
1919.264,0.450
1919.267,0.369
1919.270,0.206
1919.273,-0.105
1919.275,-0.254
1919.278,-0.027
1919.281,0.205
1919.284,-0.014
1919.286,0.294
1919.289,0.169
1919.292,0.284
1919.295,0.353
1919.297,0.288
1919.300,0.219
1919.303,0.199
1919.305,0.214
1919.308,0.309
1919.311,0.124
1919.314,0.136
1919.316,0.207
1919.319,0.341
1919.322,0.454
1919.325,0.349
1919.327,0.188
1919.330,0.054
1919.333,0.169
1919.336,-0.027
1919.338,-0.345
1919.341,-0.308
1919.344,-0.246
1919.347,-0.368
1919.349,-0.501
1919.352,-0.340
1919.355,-0.360
1919.358,-0.311
1919.360,-0.232
1919.363,-0.271
1919.366,-0.308
1919.369,-0.335
1919.371,-0.427
1919.374,-0.423
1919.377,-0.480
1919.379,-0.384
1919.382,-0.311
1919.385,-0.106
1919.388,-0.062
1919.390,-0.139
1919.393,-0.235
1919.396,-0.033
1919.399,0.204
1919.401,0.151
1919.404,-0.106
1919.407,-0.276
1919.410,-0.190
1919.412,-0.014
1919.415,-0.274
1919.418,-0.319
1919.421,-0.348
1919.423,-0.280
1919.426,-0.186
1919.429,-0.086
1919.432,-0.269
1919.434,0.005
1919.437,-0.176
1919.440,-0.463
1919.443,-0.291
1919.445,-0.090
1919.448,-0.124
1919.451,-0.085
1919.453,-0.043
1919.456,0.044
1919.459,-0.072
1919.462,-0.079
1919.464,-0.001
1919.467,0.024
1919.470,0.025
1919.473,0.129
1919.475,0.120
1919.478,0.102
1919.481,-0.089
1919.484,-0.193
1919.486,-0.207
1919.489,-0.240
1919.492,-0.261
1919.495,-0.298
1919.497,-0.198
1919.500,-0.062
1919.503,-0.023
1919.505,-0.120
1919.508,-0.317
1919.511,-0.360
1919.514,-0.330
1919.516,-0.103
1919.519,0.039
1919.522,0.096
1919.525,0.140
1919.527,0.172
1919.530,0.297
1919.533,0.261
1919.536,0.250
1919.538,0.100
1919.541,0.099
1919.544,0.052
1919.547,-0.032
1919.549,0.166
1919.552,-0.077
1919.555,0.027
1919.557,-0.109
1919.560,-0.013
1919.563,0.027
1919.566,0.032
1919.568,-0.128
1919.571,-0.140
1919.574,-0.199
1919.577,-0.152
1919.579,-0.239
1919.582,-0.068
1919.585,-0.044
1919.588,-0.131
1919.590,-0.074
1919.593,0.065
1919.596,0.253
1919.599,0.111
1919.601,-0.081
1919.604,-0.057
1919.607,-0.083
1919.610,-0.020
1919.612,0.023
1919.615,0.046
1919.618,0.048
1919.621,-0.059
1919.623,-0.030
1919.626,0.070
1919.629,0.133
1919.631,0.047
1919.634,0.115
1919.637,0.116
1919.640,-0.043
1919.642,-0.082
1919.645,-0.117
1919.648,-0.173
1919.651,-0.257
1919.653,-0.200
1919.656,-0.068
1919.659,-0.060
1919.662,-0.184
1919.664,-0.288
1919.667,-0.333
1919.670,-0.281
1919.673,-0.094
1919.675,-0.100
1919.678,-0.167
1919.681,-0.245
1919.684,-0.250
1919.686,-0.165
1919.689,-0.304
1919.692,-0.293
1919.695,-0.202
1919.697,-0.049
1919.700,-0.209
1919.703,-0.214
1919.705,-0.373
1919.708,-0.363
1919.711,-0.306
1919.714,-0.057
1919.716,0.066
1919.719,0.005
1919.722,-0.014
1919.725,-0.002
1919.727,0.011
1919.730,0.001
1919.733,0.001
1919.736,0.145
1919.738,-0.019
1919.741,0.067
1919.744,0.113
1919.747,0.028
1919.749,0.013
1919.752,0.070
1919.755,0.057
1919.758,0.115
1919.760,0.026
1919.763,-0.024
1919.766,-0.076
1919.768,-0.156
1919.771,-0.210
1919.774,-0.068
1919.777,-0.053
1919.779,0.082
1919.782,0.070
1919.785,0.193
1919.788,0.180
1919.790,0.123
1919.793,-0.001
1919.796,0.057
1919.799,0.078
1919.801,0.053
1919.804,-0.029
1919.807,-0.258
1919.810,-0.074
1919.812,-0.102
1919.815,-0.091
1919.818,-0.235
1919.821,-0.242
1919.823,-0.154
1919.826,-0.130
1919.829,-0.101
1919.832,-0.035
1919.834,-0.285
1919.837,-0.981
1919.840,-1.087
1919.842,-1.075
1919.845,-0.935
1919.848,-0.829
1919.851,-0.727
1919.853,-0.549
1919.856,-0.547
1919.859,-0.725
1919.862,-0.896
1919.864,-1.112
1919.867,-1.248
1919.870,-1.073
1919.873,-0.825
1919.875,-0.508
1919.878,-0.549
1919.881,-0.562
1919.884,-0.465
1919.886,-0.375
1919.889,-0.412
1919.892,-0.216
1919.895,-0.397
1919.897,-0.649
1919.900,-0.862
1919.903,-0.883
1919.906,-0.810
1919.908,-0.654
1919.911,-0.432
1919.914,-0.321
1919.916,-0.504
1919.919,-0.529
1919.922,-0.446
1919.925,-0.402
1919.927,-0.317
1919.930,-0.206
1919.933,-0.521
1919.936,-0.765
1919.938,-1.129
1919.941,-1.269
1919.944,-0.963
1919.947,-1.095
1919.949,-1.247
1919.952,-1.513
1919.955,-1.442
1919.958,-1.429
1919.960,-1.444
1919.963,-1.257
1919.966,-0.907
1919.969,-0.631
1919.971,-0.156
1919.974,0.019
1919.977,-0.049
1919.979,-0.013
1919.982,0.208
1919.985,0.222
1919.988,0.324
1919.990,0.235
1919.993,0.291
1919.996,0.340
1919.999,0.125
1920.001,0.062
1920.004,0.042
1920.007,0.296
1920.010,0.737
1920.012,0.724
1920.015,0.790
1920.018,0.934
1920.021,0.859
1920.023,0.855
1920.026,0.581
1920.029,0.218
1920.031,0.057
1920.034,0.033
1920.037,0.064
1920.040,0.214
1920.042,0.473
1920.045,0.571
1920.048,0.485
1920.051,0.481
1920.053,0.253
1920.056,0.072
1920.059,0.030
1920.062,-0.289
1920.064,-0.391
1920.067,-0.477
1920.070,-0.639
1920.072,-1.040
1920.075,-1.061
1920.078,-1.127
1920.081,-1.240
1920.083,-1.114
1920.086,-0.948
1920.089,-0.679
1920.092,-0.536
1920.094,-0.271
1920.097,-0.291
1920.100,-0.411
1920.102,-0.475
1920.105,-0.547
1920.108,-0.688
1920.111,-0.430
1920.113,-0.448
1920.116,-0.699
1920.119,-0.678
1920.122,-0.883
1920.124,-0.991
1920.127,-0.785
1920.130,-0.472
1920.133,-0.375
1920.135,-0.503
1920.138,-0.448
1920.141,-0.522
1920.143,-0.343
1920.146,-0.008
1920.149,-0.068
1920.152,-0.069
1920.154,-0.367
1920.157,-0.459
1920.160,-0.173
1920.163,-0.244
1920.165,-0.233
1920.168,-0.120
1920.171,-0.149
1920.173,-0.442
1920.176,-0.264
1920.179,-0.220
1920.182,-0.289
1920.184,-0.041
1920.187,0.162
1920.190,0.203
1920.193,0.510
1920.195,0.518
1920.198,0.276
1920.201,-0.024
1920.203,-0.193
1920.206,-0.071
1920.209,-0.050
1920.212,0.014
1920.214,0.004
1920.217,-0.295
1920.220,-0.356
1920.223,-0.329
1920.225,-0.383
1920.228,-0.050
1920.231,0.000
1920.234,0.384
1920.236,0.211
1920.239,0.210
1920.242,-0.107
1920.245,-0.081
1920.247,-0.139
1920.250,0.036
1920.253,0.048
1920.255,-0.252
1920.258,-0.333
1920.261,-0.185
1920.264,0.027
1920.266,0.199
1920.269,0.237
1920.272,0.373
1920.275,0.508
1920.277,0.432
1920.280,0.320
1920.283,0.244
1920.286,0.342
1920.288,0.460
1920.291,0.441
1920.294,0.447
1920.297,0.445
1920.299,0.258
1920.302,0.301
1920.305,0.116
1920.307,-0.027
1920.310,-0.073
1920.313,0.033
1920.316,-0.157
1920.318,-0.335
1920.321,-0.410
1920.324,-0.379
1920.327,-0.107
1920.329,-0.049
1920.332,-0.104
1920.335,0.005
1920.337,0.104
1920.340,0.073
1920.343,-0.182
1920.346,-0.159
1920.348,0.043
1920.351,0.108
1920.354,-0.029
1920.357,0.179
1920.359,0.134
1920.362,0.027
1920.365,0.071
1920.367,-0.127
1920.370,-0.187
1920.373,-0.132
1920.376,-0.082
1920.378,-0.090
1920.381,-0.113
1920.384,-0.243
1920.387,-0.281
1920.389,-0.360
1920.392,-0.224
1920.395,-0.264
1920.398,-0.193
1920.400,-0.229
1920.403,-0.286
1920.406,-0.429
1920.408,-0.033
1920.411,-0.051
1920.414,0.049
1920.417,-0.226
1920.419,-0.662
1920.422,-0.916
1920.425,-0.828
1920.428,-0.816
1920.430,-0.584
1920.433,-0.486
1920.436,-0.477
1920.438,-0.357
1920.441,-0.353
1920.444,-0.237
1920.447,-0.160
1920.449,-0.224
1920.452,-0.211
1920.455,-0.031
1920.458,-0.107
1920.460,-0.299
1920.463,-0.488
1920.466,-0.343
1920.469,-0.241
1920.471,-0.152
1920.474,-0.064
1920.477,-0.222
1920.479,-0.345
1920.482,-0.138
1920.485,-0.058
1920.488,0.041
1920.490,0.061
1920.493,0.174
1920.496,0.131
1920.499,-0.039
1920.501,-0.128
1920.504,-0.091
1920.507,-0.001
1920.510,-0.125
1920.512,-0.341
1920.515,-0.279
1920.518,-0.304
1920.521,-0.261
1920.523,-0.221
1920.526,-0.169
1920.529,-0.118
1920.531,-0.094
1920.534,-0.100
1920.537,-0.134
1920.540,-0.194
1920.542,-0.099
1920.545,0.085
1920.548,0.301
1920.551,0.098
1920.553,0.039
1920.556,-0.076
1920.559,-0.129
1920.562,-0.007
1920.564,-0.055
1920.567,-0.160
1920.570,-0.123
1920.572,-0.075
1920.575,-0.086
1920.578,-0.010
1920.581,-0.030
1920.583,-0.158
1920.586,-0.159
1920.589,-0.157
1920.592,-0.099
1920.594,-0.050
1920.597,0.080
1920.600,0.074
1920.602,-0.017
1920.605,-0.132
1920.608,-0.171
1920.611,-0.148
1920.613,-0.069
1920.616,-0.148
1920.619,-0.189
1920.622,-0.229
1920.624,-0.272
1920.627,-0.186
1920.630,-0.153
1920.633,-0.145
1920.635,-0.145
1920.638,-0.220
1920.641,-0.214
1920.643,-0.352
1920.646,-0.232
1920.649,-0.258
1920.652,-0.197
1920.654,-0.023
1920.657,0.012
1920.660,-0.156
1920.663,-0.255
1920.665,-0.463
1920.668,-0.614
1920.671,-0.702
1920.673,-0.560
1920.676,-0.369
1920.679,-0.336
1920.682,-0.388
1920.684,-0.312
1920.687,-0.290
1920.690,-0.116
1920.693,-0.170
1920.695,-0.078
1920.698,-0.275
1920.701,-0.356
1920.703,-0.241
1920.706,-0.275
1920.709,-0.242
1920.712,-0.197
1920.714,-0.362
1920.717,-0.445
1920.720,-0.287
1920.723,-0.095
1920.725,-0.084
1920.728,-0.293
1920.731,-0.306
1920.734,-0.268
1920.736,-0.192
1920.739,-0.082
1920.742,-0.148
1920.745,-0.148
1920.747,-0.285
1920.750,-0.430
1920.753,-0.416
1920.755,-0.268
1920.758,-0.246
1920.761,-0.382
1920.764,-0.404
1920.766,-0.419
1920.769,-0.299
1920.772,0.011
1920.775,0.135
1920.777,-0.002
1920.780,-0.052
1920.783,-0.099
1920.786,-0.317
1920.788,-0.411
1920.791,-0.273
1920.794,-0.032
1920.797,0.150
1920.799,-0.026
1920.802,-0.031
1920.805,-0.106
1920.807,-0.346
1920.810,-0.422
1920.813,-0.476
1920.816,-0.425
1920.818,-0.562
1920.821,-0.637
1920.824,-0.744
1920.827,-0.676
1920.829,-0.699
1920.832,-0.719
1920.835,-0.920
1920.837,-1.039
1920.840,-0.959
1920.843,-0.965
1920.846,-0.852
1920.848,-0.825
1920.851,-0.820
1920.854,-0.885
1920.857,-1.054
1920.859,-1.310
1920.862,-1.221
1920.865,-0.949
1920.867,-0.835
1920.870,-0.794
1920.873,-0.449
1920.876,-0.317
1920.878,-0.164
1920.881,-0.244
1920.884,-0.293
1920.887,-0.262
1920.889,-0.270
1920.892,-0.353
1920.895,-0.376
1920.898,-0.419
1920.900,-0.448
1920.903,-0.570
1920.906,-0.649
1920.908,-0.897
1920.911,-0.899
1920.914,-0.946
1920.917,-1.152
1920.919,-1.088
1920.922,-1.076
1920.925,-1.214
1920.928,-1.333
1920.930,-1.634
1920.933,-1.379
1920.936,-1.411
1920.938,-1.263
1920.941,-0.992
1920.944,-1.021
1920.947,-1.116
1920.949,-1.050
1920.952,-0.964
1920.955,-0.980
1920.958,-1.110
1920.960,-1.108
1920.963,-1.186
1920.966,-1.105
1920.969,-0.971
1920.971,-0.915
1920.974,-0.978
1920.977,-1.184
1920.979,-1.111
1920.982,-1.153
1920.985,-1.425
1920.988,-1.403
1920.990,-1.139
1920.993,-0.950
1920.996,-0.732
1920.999,-0.570
1921.001,-0.179
1921.004,-0.376
1921.007,-0.374
1921.010,-0.271
1921.012,-0.346
1921.015,-0.336
1921.018,-0.114
1921.021,0.072
1921.023,-0.106
1921.026,-0.000
1921.029,-0.106
1921.031,-0.167
1921.034,0.268
1921.037,0.205
1921.040,0.262
1921.042,-0.044
1921.045,-0.026
1921.048,0.288
1921.051,0.704
1921.053,0.986
1921.056,1.267
1921.059,1.269
1921.062,0.668
1921.064,0.342
1921.067,0.115
1921.070,0.205
1921.073,0.114
1921.075,0.095
1921.078,0.155
1921.081,0.094
1921.084,0.129
1921.086,0.092
1921.089,-0.036
1921.092,0.061
1921.094,-0.132
1921.097,-0.219
1921.100,-0.289
1921.103,-0.204
1921.105,0.053
1921.108,0.200
1921.111,0.512
1921.114,0.575
1921.116,0.300
1921.119,0.066
1921.122,-0.079
1921.125,-0.131
1921.127,-0.054
1921.130,-0.063
1921.133,-0.068
1921.136,-0.255
1921.138,-0.347
1921.141,-0.177
1921.144,-0.181
1921.147,0.099
1921.149,0.145
1921.152,0.057
1921.155,-0.018
1921.158,0.083
1921.160,0.096
1921.163,0.165
1921.166,0.073
1921.168,0.070
1921.171,-0.169
1921.174,0.090
1921.177,0.222
1921.179,0.138
1921.182,-0.085
1921.185,-0.297
1921.188,-0.413
1921.190,-0.506
1921.193,-0.654
1921.196,-0.637
1921.199,-0.453
1921.201,-0.128
1921.204,-0.272
1921.207,-0.298
1921.210,-0.219
1921.212,-0.331
1921.215,-0.405
1921.218,-0.404
1921.221,-0.324
1921.223,-0.151
1921.226,-0.056
1921.229,0.012
1921.232,-0.072
1921.234,-0.132
1921.237,-0.189
1921.240,-0.150
1921.242,0.026
1921.245,0.018
1921.248,0.124
1921.251,0.072
1921.253,0.074
1921.256,0.023
1921.259,0.044
1921.262,-0.019
1921.264,0.059
1921.267,0.066
1921.270,0.025
1921.273,0.052
1921.275,-0.028
1921.278,0.022
1921.281,0.029
1921.284,0.226
1921.286,0.173
1921.289,0.232
1921.292,0.195
1921.295,0.227
1921.297,0.242
1921.300,0.235
1921.303,0.180
1921.305,0.140
1921.308,0.033
1921.311,0.058
1921.314,0.044
1921.316,-0.101
1921.319,-0.069
1921.322,-0.025
1921.325,0.037
1921.327,-0.179
1921.330,-0.120
1921.333,-0.137
1921.336,-0.121
1921.338,0.183
1921.341,0.075
1921.344,-0.016
1921.347,-0.125
1921.349,-0.080
1921.352,0.019
1921.355,0.040
1921.358,-0.047
1921.360,-0.014
1921.363,-0.138
1921.366,-0.174
1921.369,-0.229
1921.371,-0.069
1921.374,-0.105
1921.377,-0.064
1921.379,-0.229
1921.382,-0.001
1921.385,0.320
1921.388,0.156
1921.390,0.041
1921.393,0.161
1921.396,0.178
1921.399,0.013
1921.401,-0.110
1921.404,0.104
1921.407,0.120
1921.410,0.099
1921.412,0.129
1921.415,0.265
1921.418,0.105
1921.421,0.079
1921.423,0.157
1921.426,0.127
1921.429,0.197
1921.432,0.219
1921.434,0.297
1921.437,0.322
1921.440,0.467
1921.443,0.303
1921.445,0.179
1921.448,0.087
1921.451,-0.034
1921.453,-0.082
1921.456,-0.066
1921.459,-0.077
1921.462,-0.317
1921.464,-0.253
1921.467,-0.066
1921.470,0.061
1921.473,0.221
1921.475,0.155
1921.478,0.053
1921.481,0.083
1921.484,0.037
1921.486,0.049
1921.489,0.319
1921.492,0.268
1921.495,0.228
1921.497,0.063
1921.500,0.013
1921.503,-0.133
1921.505,-0.171
1921.508,-0.131
1921.511,0.029
1921.514,0.292
1921.516,0.309
1921.519,0.233
1921.522,0.175
1921.525,0.149
1921.527,0.343
1921.530,0.262
1921.533,0.197
1921.536,0.134
1921.538,0.149
1921.541,0.267
1921.544,0.267
1921.547,0.317
1921.549,0.393
1921.552,0.275
1921.555,0.205
1921.557,0.232
1921.560,0.213
1921.563,0.292
1921.566,0.143
1921.568,0.086
1921.571,-0.037
1921.574,0.034
1921.577,-0.072
1921.579,-0.232
1921.582,-0.411
1921.585,-0.395
1921.588,-0.355
1921.590,-0.263
1921.593,-0.403
1921.596,-0.446
1921.599,-0.489
1921.601,-0.441
1921.604,-0.318
1921.607,-0.202
1921.610,-0.165
1921.612,-0.131
1921.615,-0.205
1921.618,-0.275
1921.621,-0.404
1921.623,-0.383
1921.626,-0.354
1921.629,-0.531
1921.631,-0.423
1921.634,-0.345
1921.637,-0.351
1921.640,-0.281
1921.642,-0.143
1921.645,-0.059
1921.648,-0.243
1921.651,-0.348
1921.653,-0.248
1921.656,-0.183
1921.659,-0.136
1921.662,-0.060
1921.664,-0.383
1921.667,-0.229
1921.670,-0.260
1921.673,-0.352
1921.675,-0.315
1921.678,-0.462
1921.681,-0.563
1921.684,-0.388
1921.686,-0.333
1921.689,-0.447
1921.692,-0.257
1921.695,-0.202
1921.697,-0.359
1921.700,-0.247
1921.703,-0.163
1921.705,-0.173
1921.708,0.019
1921.711,0.094
1921.714,-0.213
1921.716,-0.432
1921.719,-0.583
1921.722,-0.417
1921.725,-0.295
1921.727,-0.412
1921.730,-0.237
1921.733,-0.145
1921.736,-0.243
1921.738,-0.088
1921.741,-0.060
1921.744,-0.192
1921.747,-0.254
1921.749,-0.318
1921.752,-0.336
1921.755,-0.174
1921.758,-0.173
1921.760,-0.133
1921.763,-0.225
1921.766,-0.250
1921.768,-0.073
1921.771,-0.094
1921.774,-0.146
1921.777,0.040
1921.779,0.091
1921.782,0.120
1921.785,-0.073
1921.788,-0.172
1921.790,-0.238
1921.793,-0.176
1921.796,-0.059
1921.799,0.023
1921.801,-0.038
1921.804,-0.027
1921.807,0.087
1921.810,0.025
1921.812,0.031
1921.815,0.067
1921.818,0.074
1921.821,0.015
1921.823,0.328
1921.826,0.515
1921.829,0.326
1921.832,0.199
1921.834,0.257
1921.837,0.219
1921.840,0.207
1921.842,0.151
1921.845,0.115
1921.848,-0.028
1921.851,-0.100
1921.853,-0.170
1921.856,-0.041
1921.859,-0.005
1921.862,-0.060
1921.864,-0.098
1921.867,-0.054
1921.870,-0.176
1921.873,-0.392
1921.875,-0.477
1921.878,-0.564
1921.881,-0.830
1921.884,-1.282
1921.886,-1.419
1921.889,-1.293
1921.892,-1.156
1921.895,-0.992
1921.897,-0.782
1921.900,-0.557
1921.903,-0.643
1921.906,-0.484
1921.908,-0.404
1921.911,-0.417
1921.914,-0.553
1921.916,-0.329
1921.919,-0.379
1921.922,-0.328
1921.925,-0.389
1921.927,-0.454
1921.930,-0.496
1921.933,-0.364
1921.936,-0.204
1921.938,-0.043
1921.941,-0.122
1921.944,0.064
1921.947,0.133
1921.949,0.160
1921.952,-0.117
1921.955,-0.326
1921.958,-0.581
1921.960,-0.425
1921.963,-0.285
1921.966,-0.011
1921.969,-0.093
1921.971,-0.122
1921.974,-0.170
1921.977,0.070
1921.979,-0.051
1921.982,-0.103
1921.985,0.024
1921.988,0.241
1921.990,0.184
1921.993,0.122
1921.996,-0.031
1921.999,-0.046
1922.001,-0.140
1922.004,-0.052
1922.007,0.010
1922.010,0.210
1922.012,0.084
1922.015,-0.251
1922.018,-0.237
1922.021,0.020
1922.023,0.043
1922.026,-0.028
1922.029,-0.504
1922.031,-0.712
1922.034,-0.864
1922.037,-1.055
1922.040,-1.041
1922.042,-0.895
1922.045,-1.002
1922.048,-0.885
1922.051,-0.780
1922.053,-0.741
1922.056,-0.927
1922.059,-1.321
1922.062,-1.677
1922.064,-1.456
1922.067,-1.097
1922.070,-1.053
1922.073,-0.781
1922.075,-0.729
1922.078,-0.736
1922.081,-0.732
1922.084,-0.546
1922.086,-0.210
1922.089,-0.152
1922.092,-0.309
1922.094,-0.526
1922.097,-0.773
1922.100,-0.887
1922.103,-1.184
1922.105,-1.293
1922.108,-1.091
1922.111,-1.047
1922.114,-0.791
1922.116,-1.020
1922.119,-1.050
1922.122,-1.232
1922.125,-1.393
1922.127,-1.364
1922.130,-1.041
1922.133,-0.795
1922.136,-0.666
1922.138,-0.492
1922.141,-0.678
1922.144,-0.940
1922.147,-1.008
1922.149,-1.020
1922.152,-0.839
1922.155,-0.923
1922.158,-0.948
1922.160,-0.976
1922.163,-0.830
1922.166,-0.682
1922.168,-0.380
1922.171,-0.269
1922.174,-0.014
1922.177,-0.158
1922.179,-0.141
1922.182,0.034
1922.185,0.138
1922.188,0.212
1922.190,0.266
1922.193,0.275
1922.196,0.433
1922.199,0.325
1922.201,0.309
1922.204,0.068
1922.207,0.000
1922.210,-0.017
1922.212,0.024
1922.215,-0.143
1922.218,-0.256
1922.221,-0.432
1922.223,-0.231
1922.226,-0.095
1922.229,-0.149
1922.232,0.006
1922.234,0.091
1922.237,0.145
1922.240,0.016
1922.242,0.021
1922.245,-0.045
1922.248,0.077
1922.251,0.342
1922.253,0.568
1922.256,0.476
1922.259,0.677
1922.262,0.784
1922.264,0.756
1922.267,0.519
1922.270,0.372
1922.273,0.404
1922.275,0.308
1922.278,0.261
1922.281,0.265
1922.284,0.224
1922.286,0.206
1922.289,0.052
1922.292,-0.006
1922.295,-0.193
1922.297,-0.226
1922.300,-0.200
1922.303,0.047
1922.305,0.142
1922.308,0.296
1922.311,0.158
1922.314,0.108
1922.316,-0.174
1922.319,-0.038
1922.322,-0.010
1922.325,-0.092
1922.327,-0.077
1922.330,-0.012
1922.333,0.011
1922.336,0.069
1922.338,0.032
1922.341,-0.080
1922.344,-0.135
1922.347,-0.304
1922.349,-0.272
1922.352,-0.363
1922.355,-0.377
1922.358,-0.205
1922.360,-0.231
1922.363,-0.209
1922.366,-0.186
1922.369,-0.196
1922.371,-0.375
1922.374,-0.156
1922.377,-0.064
1922.379,-0.026
1922.382,0.122
1922.385,0.172
1922.388,0.154
1922.390,0.027
1922.393,0.208
1922.396,0.198
1922.399,0.083
1922.401,-0.006
1922.404,-0.046
1922.407,-0.079
1922.410,0.124
1922.412,-0.219
1922.415,-0.274
1922.418,-0.110
1922.421,-0.130
1922.423,-0.258
1922.426,-0.169
1922.429,-0.104
1922.432,-0.225
1922.434,-0.195
1922.437,-0.135
1922.440,-0.055
1922.443,0.027
1922.445,-0.123
1922.448,-0.159
1922.451,-0.205
1922.453,-0.141
1922.456,0.062
1922.459,0.097
1922.462,0.066
1922.464,0.067
1922.467,0.016
1922.470,0.057
1922.473,-0.015
1922.475,0.061
1922.478,0.279
1922.481,0.161
1922.484,0.074
1922.486,0.026
1922.489,-0.155
1922.492,-0.259
1922.495,-0.251
1922.497,-0.267
1922.500,-0.238
1922.503,-0.119
1922.505,-0.101
1922.508,-0.118
1922.511,-0.040
1922.514,-0.184
1922.516,-0.404
1922.519,-0.482
1922.522,-0.410
1922.525,-0.192
1922.527,-0.029
1922.530,0.141
1922.533,0.133
1922.536,0.073
1922.538,0.113
1922.541,0.069
1922.544,-0.095
1922.547,-0.009
1922.549,0.018
1922.552,0.131
1922.555,0.217
1922.557,-0.002
1922.560,-0.012
1922.563,-0.040
1922.566,-0.148
1922.568,-0.179
1922.571,-0.080
1922.574,-0.021
1922.577,-0.045
1922.579,0.049
1922.582,-0.147
1922.585,-0.128
1922.588,-0.214
1922.590,-0.357
1922.593,-0.417
1922.596,-0.428
1922.599,-0.426
1922.601,-0.359
1922.604,-0.336
1922.607,-0.205
1922.610,-0.129
1922.612,-0.277
1922.615,-0.344
1922.618,-0.204
1922.621,-0.101
1922.623,-0.254
1922.626,-0.171
1922.629,-0.353
1922.631,-0.585
1922.634,-0.554
1922.637,-0.596
1922.640,-0.461
1922.642,-0.417
1922.645,-0.389
1922.648,-0.319
1922.651,-0.436
1922.653,-0.521
1922.656,-0.576
1922.659,-0.502
1922.662,-0.529
1922.664,-0.654
1922.667,-0.558
1922.670,-0.545
1922.673,-0.410
1922.675,-0.589
1922.678,-0.534
1922.681,-0.584
1922.684,-0.695
1922.686,-0.693
1922.689,-0.540
1922.692,-0.479
1922.695,-0.700
1922.697,-0.570
1922.700,-0.500
1922.703,-0.338
1922.705,-0.286
1922.708,-0.244
1922.711,-0.218
1922.714,-0.233
1922.716,-0.295
1922.719,-0.367
1922.722,-0.378
1922.725,-0.314
1922.727,-0.268
1922.730,-0.326
1922.733,-0.373
1922.736,-0.439
1922.738,-0.423
1922.741,-0.335
1922.744,-0.186
1922.747,-0.017
1922.749,-0.012
1922.752,-0.048
1922.755,-0.102
1922.758,-0.163
1922.760,-0.310
1922.763,-0.292
1922.766,-0.243
1922.768,-0.208
1922.771,-0.248
1922.774,-0.216
1922.777,-0.112
1922.779,-0.240
1922.782,-0.453
1922.785,-0.417
1922.788,-0.458
1922.790,-0.410
1922.793,-0.358
1922.796,-0.557
1922.799,-0.582
1922.801,-0.518
1922.804,-0.466
1922.807,-0.431
1922.810,-0.332
1922.812,-0.298
1922.815,-0.214
1922.818,-0.046
1922.821,0.051
1922.823,-0.357
1922.826,-0.485
1922.829,-0.560
1922.832,-0.348
1922.834,-0.570
1922.837,-0.444
1922.840,-0.395
1922.842,-0.088
1922.845,0.060
1922.848,-0.144
1922.851,-0.244
1922.853,-0.056
1922.856,0.042
1922.859,-0.243
1922.862,-0.388
1922.864,-0.500
1922.867,-0.581
1922.870,-0.846
1922.873,-0.911
1922.875,-0.880
1922.878,-0.601
1922.881,-0.471
1922.884,-0.239
1922.886,-0.095
1922.889,-0.081
1922.892,-0.182
1922.895,-0.034
1922.897,0.061
1922.900,0.172
1922.903,0.133
1922.906,0.262
1922.908,0.149
1922.911,0.028
1922.914,-0.093
1922.916,-0.161
1922.919,-0.025
1922.922,-0.083
1922.925,-0.246
1922.927,-0.287
1922.930,-0.387
1922.933,-0.339
1922.936,-0.160
1922.938,-0.446
1922.941,-0.393
1922.944,-0.541
1922.947,-0.442
1922.949,-0.651
1922.952,-0.770
1922.955,-0.820
1922.958,-0.898
1922.960,-0.913
1922.963,-0.683
1922.966,-0.494
1922.969,-0.230
1922.971,-0.016
1922.974,0.057
1922.977,0.129
1922.979,0.340
1922.982,0.340
1922.985,0.345
1922.988,0.133
1922.990,0.065
1922.993,0.073
1922.996,-0.038
1922.999,-0.196
1923.001,0.014
1923.004,0.044
1923.007,0.128
1923.010,-0.157
1923.012,-0.237
1923.015,-0.090
1923.018,-0.161
1923.021,0.006
1923.023,-0.149
1923.026,-0.238
1923.029,-0.091
1923.031,-0.093
1923.034,-0.176
1923.037,0.052
1923.040,-0.040
1923.042,-0.268
1923.045,-0.361
1923.048,-0.623
1923.051,-0.694
1923.053,-0.572
1923.056,-0.545
1923.059,-0.540
1923.062,-0.472
1923.064,-0.515
1923.067,-0.302
1923.070,-0.263
1923.073,-0.264
1923.075,-0.051
1923.078,-0.006
1923.081,0.109
1923.084,0.118
1923.086,-0.213
1923.089,-0.312
1923.092,-0.640
1923.094,-0.726
1923.097,-0.486
1923.100,-0.425
1923.103,-0.136
1923.105,-0.172
1923.108,-0.567
1923.111,-0.661
1923.114,-0.898
1923.116,-1.271
1923.119,-1.342
1923.122,-1.316
1923.125,-1.574
1923.127,-1.586
1923.130,-1.124
1923.133,-0.888
1923.136,-0.755
1923.138,-0.718
1923.141,-0.624
1923.144,-0.594
1923.147,-0.519
1923.149,-0.303
1923.152,-0.078
1923.155,0.043
1923.158,0.176
1923.160,0.100
1923.163,0.224
1923.166,0.047
1923.168,-0.112
1923.171,-0.198
1923.174,-0.389
1923.177,-0.572
1923.179,-0.526
1923.182,-0.285
1923.185,-0.274
1923.188,-0.325
1923.190,-0.321
1923.193,-0.394
1923.196,-0.714
1923.199,-0.864
1923.201,-0.690
1923.204,-0.329
1923.207,-0.146
1923.210,-0.069
1923.212,-0.089
1923.215,-0.074
1923.218,-0.222
1923.221,-0.077
1923.223,-0.431
1923.226,-0.436
1923.229,-0.280
1923.232,-0.261
1923.234,-0.492
1923.237,-0.573
1923.240,-0.724
1923.242,-0.875
1923.245,-0.956
1923.248,-0.932
1923.251,-0.794
1923.253,-0.541
1923.256,-0.539
1923.259,-0.737
1923.262,-0.657
1923.264,-0.693
1923.267,-0.508
1923.270,-0.796
1923.273,-0.821
1923.275,-0.688
1923.278,-0.577
1923.281,-0.585
1923.284,-0.562
1923.286,-0.375
1923.289,-0.343
1923.292,-0.537
1923.295,-0.375
1923.297,-0.347
1923.300,-0.231
1923.303,-0.245
1923.305,-0.031
1923.308,0.009
1923.311,-0.127
1923.314,-0.170
1923.316,-0.024
1923.319,0.029
1923.322,-0.029
1923.325,-0.214
1923.327,-0.390
1923.330,-0.344
1923.333,-0.046
1923.336,0.012
1923.338,0.102
1923.341,0.052
1923.344,-0.016
1923.347,-0.338
1923.349,-0.553
1923.352,-0.666
1923.355,-0.740
1923.358,-0.662
1923.360,-0.595
1923.363,-0.806
1923.366,-0.632
1923.369,-0.458
1923.371,-0.423
1923.374,-0.307
1923.377,-0.163
1923.379,-0.215
1923.382,-0.213
1923.385,-0.326
1923.388,-0.247
1923.390,-0.314
1923.393,-0.269
1923.396,-0.090
1923.399,-0.071
1923.401,-0.200
1923.404,-0.193
1923.407,-0.205
1923.410,-0.162
1923.412,-0.220
1923.415,0.051
1923.418,0.099
1923.421,0.026
1923.423,-0.172
1923.426,-0.307
1923.429,-0.210
1923.432,-0.122
1923.434,-0.146
1923.437,-0.072
1923.440,-0.078
1923.443,-0.069
1923.445,-0.229
1923.448,-0.193
1923.451,-0.019
1923.453,0.138
1923.456,0.040
1923.459,-0.019
1923.462,-0.233
1923.464,-0.345
1923.467,-0.374
1923.470,-0.275
1923.473,-0.251
1923.475,-0.168
1923.478,-0.155
1923.481,-0.252
1923.484,-0.361
1923.486,-0.224
1923.489,-0.170
1923.492,-0.255
1923.495,-0.365
1923.497,-0.356
1923.500,-0.359
1923.503,-0.287
1923.505,-0.231
1923.508,-0.099
1923.511,-0.044
1923.514,-0.162
1923.516,-0.215
1923.519,-0.171
1923.522,-0.273
1923.525,-0.324
1923.527,-0.160
1923.530,-0.154
1923.533,-0.064
1923.536,-0.164
1923.538,-0.395
1923.541,-0.432
1923.544,-0.465
1923.547,-0.376
1923.549,-0.187
1923.552,-0.180
1923.555,-0.251
1923.557,-0.247
1923.560,-0.420
1923.563,-0.330
1923.566,-0.288
1923.568,-0.325
1923.571,-0.403
1923.574,-0.366
1923.577,-0.373
1923.579,-0.303
1923.582,-0.345
1923.585,-0.439
1923.588,-0.407
1923.590,-0.432
1923.593,-0.535
1923.596,-0.417
1923.599,-0.355
1923.601,-0.350
1923.604,-0.306
1923.607,-0.169
1923.610,-0.136
1923.612,-0.163
1923.615,-0.290
1923.618,-0.376
1923.621,-0.322
1923.623,-0.429
1923.626,-0.324
1923.629,-0.208
1923.631,-0.417
1923.634,-0.287
1923.637,-0.253
1923.640,-0.363
1923.642,-0.372
1923.645,-0.166
1923.648,-0.254
1923.651,-0.304
1923.653,-0.301
1923.656,-0.168
1923.659,-0.159
1923.662,-0.159
1923.664,-0.256
1923.667,-0.151
1923.670,-0.227
1923.673,-0.245
1923.675,-0.346
1923.678,-0.305
1923.681,-0.424
1923.684,-0.293
1923.686,-0.316
1923.689,-0.376
1923.692,-0.416
1923.695,-0.365
1923.697,-0.187
1923.700,-0.346
1923.703,-0.425
1923.705,-0.421
1923.708,-0.486
1923.711,-0.583
1923.714,-0.386
1923.716,-0.408
1923.719,-0.417
1923.722,-0.345
1923.725,-0.263
1923.727,-0.210
1923.730,-0.182
1923.733,-0.026
1923.736,0.083
1923.738,0.011
1923.741,-0.041
1923.744,-0.037
1923.747,0.035
1923.749,-0.016
1923.752,0.058
1923.755,0.065
1923.758,0.186
1923.760,0.179
1923.763,0.230
1923.766,0.112
1923.768,0.170
1923.771,0.435
1923.774,0.494
1923.777,0.448
1923.779,0.375
1923.782,0.372
1923.785,0.328
1923.788,0.227
1923.790,0.356
1923.793,0.397
1923.796,0.180
1923.799,0.157
1923.801,0.134
1923.804,0.007
1923.807,-0.190
1923.810,-0.313
1923.812,-0.056
1923.815,0.153
1923.818,0.256
1923.821,0.137
1923.823,-0.162
1923.826,-0.194
1923.829,-0.217
1923.832,-0.357
1923.834,-0.357
1923.837,-0.051
1923.840,0.150
1923.842,0.248
1923.845,0.224
1923.848,0.095
1923.851,0.169
1923.853,0.176
1923.856,0.226
1923.859,0.337
1923.862,0.359
1923.864,0.489
1923.867,0.496
1923.870,0.451
1923.873,0.697
1923.875,0.547
1923.878,0.366
1923.881,0.197
1923.884,0.199
1923.886,0.161
1923.889,-0.174
1923.892,-0.263
1923.895,-0.402
1923.897,-0.288
1923.900,-0.324
1923.903,-0.396
1923.906,-0.314
1923.908,-0.216
1923.911,-0.376
1923.914,-0.329
1923.916,-0.393
1923.919,-0.409
1923.922,-0.218
1923.925,0.121
1923.927,-0.172
1923.930,-0.260
1923.933,-0.183
1923.936,-0.128
1923.938,-0.171
1923.941,-0.239
1923.944,-0.275
1923.947,-0.376
1923.949,-0.236
1923.952,0.049
1923.955,0.258
1923.958,0.334
1923.960,0.415
1923.963,0.532
1923.966,0.593
1923.969,0.812
1923.971,0.936
1923.974,0.867
1923.977,0.454
1923.979,0.291
1923.982,0.024
1923.985,-0.195
1923.988,-0.523
1923.990,-0.395
1923.993,-0.341
1923.996,-0.327
1923.999,-0.460
1924.001,-0.539
1924.004,-0.707
1924.007,-0.610
1924.010,-0.506
1924.012,-0.775
1924.015,-0.859
1924.018,-0.262
1924.021,-0.146
1924.023,0.193
1924.026,0.174
1924.029,0.431
1924.031,0.225
1924.034,-0.220
1924.037,-0.357
1924.040,-0.309
1924.042,-0.563
1924.045,-0.697
1924.048,-0.687
1924.051,-0.738
1924.053,-0.849
1924.056,-1.091
1924.059,-1.152
1924.062,-1.211
1924.064,-1.354
1924.067,-1.262
1924.070,-1.230
1924.072,-1.010
1924.075,-0.486
1924.078,-0.263
1924.081,0.007
1924.083,0.339
1924.086,0.580
1924.089,0.372
1924.092,0.212
1924.094,0.059
1924.097,-0.080
1924.100,-0.124
1924.102,-0.241
1924.105,-0.583
1924.108,-0.563
1924.111,-0.676
1924.113,-0.607
1924.116,-0.436
1924.119,-0.280
1924.122,-0.302
1924.124,-0.464
1924.127,-0.545
1924.130,-0.397
1924.133,-0.536
1924.135,-0.711
1924.138,-0.900
1924.141,-0.822
1924.143,-0.556
1924.146,-0.602
1924.149,-0.391
1924.152,-0.353
1924.154,-0.315
1924.157,-0.195
1924.160,-0.026
1924.163,-0.058
1924.165,-0.046
1924.168,0.175
1924.171,0.374
1924.173,0.331
1924.176,0.057
1924.179,0.072
1924.182,0.107
1924.184,0.152
1924.187,0.029
1924.190,-0.271
1924.193,-0.205
1924.195,-0.260
1924.198,-0.246
1924.201,-0.050
1924.203,-0.083
1924.206,0.103
1924.209,0.203
1924.212,0.262
1924.214,0.578
1924.217,0.576
1924.220,0.485
1924.223,0.407
1924.225,0.253
1924.228,-0.034
1924.231,-0.122
1924.234,-0.038
1924.236,-0.021
1924.239,-0.145
1924.242,-0.505
1924.245,-0.667
1924.247,-0.593
1924.250,-0.593
1924.253,-0.547
1924.255,-0.420
1924.258,-0.363
1924.261,-0.335
1924.264,-0.245
1924.266,-0.197
1924.269,-0.149
1924.272,-0.094
1924.275,-0.206
1924.277,-0.392
1924.280,-0.236
1924.283,-0.063
1924.286,0.138
1924.288,0.037
1924.291,0.027
1924.294,-0.075
1924.297,-0.099
1924.299,-0.088
1924.302,-0.195
1924.305,-0.402
1924.307,-0.490
1924.310,-0.483
1924.313,-0.424
1924.316,-0.273
1924.318,-0.293
1924.321,-0.150
1924.324,-0.146
1924.327,-0.206
1924.329,-0.140
1924.332,-0.041
1924.335,0.024
1924.337,0.054
1924.340,0.017
1924.343,-0.013
1924.346,-0.072
1924.348,-0.036
1924.351,0.020
1924.354,-0.097
1924.357,-0.111
1924.359,-0.051
1924.362,0.043
1924.365,0.071
1924.367,0.169
1924.370,0.002
1924.373,-0.003
1924.376,-0.053
1924.378,-0.158
1924.381,-0.109
1924.384,-0.131
1924.387,-0.050
1924.389,-0.133
1924.392,-0.213
1924.395,-0.294
1924.398,-0.491
1924.400,-0.359
1924.403,-0.255
1924.406,-0.138
1924.408,-0.053
1924.411,-0.101
1924.414,-0.052
1924.417,0.014
1924.419,-0.033
1924.422,-0.154
1924.425,-0.228
1924.428,-0.126
1924.430,-0.299
1924.433,-0.104
1924.436,-0.018
1924.438,0.102
1924.441,0.102
1924.444,0.036
1924.447,0.023
1924.449,0.234
1924.452,0.184
1924.455,0.004
1924.458,-0.098
1924.460,-0.080
1924.463,-0.056
1924.466,-0.258
1924.469,-0.373
1924.471,-0.339
1924.474,-0.305
1924.477,-0.178
1924.479,-0.205
1924.482,-0.232
1924.485,-0.236
1924.488,-0.327
1924.490,-0.171
1924.493,-0.039
1924.496,-0.121
1924.499,-0.054
1924.501,-0.167
1924.504,-0.086
1924.507,-0.139
1924.510,-0.038
1924.512,0.063
1924.515,0.138
1924.518,0.072
1924.521,0.058
1924.523,0.010
1924.526,-0.053
1924.529,-0.012
1924.531,0.118
1924.534,-0.002
1924.537,-0.022
1924.540,-0.001
1924.542,-0.120
1924.545,-0.118
1924.548,-0.091
1924.551,-0.097
1924.553,-0.194
1924.556,-0.138
1924.559,-0.067
1924.562,-0.070
1924.564,-0.167
1924.567,-0.183
1924.570,-0.245
1924.572,-0.218
1924.575,-0.073
1924.578,0.042
1924.581,-0.155
1924.583,-0.263
1924.586,-0.254
1924.589,-0.368
1924.592,-0.411
1924.594,-0.317
1924.597,-0.174
1924.600,-0.084
1924.602,-0.190
1924.605,-0.331
1924.608,-0.381
1924.611,-0.426
1924.613,-0.381
1924.616,-0.386
1924.619,-0.325
1924.622,-0.357
1924.624,-0.317
1924.627,-0.154
1924.630,-0.160
1924.633,-0.139
1924.635,-0.205
1924.638,-0.125
1924.641,-0.121
1924.643,-0.115
1924.646,0.017
1924.649,-0.111
1924.652,-0.189
1924.654,-0.330
1924.657,-0.221
1924.660,-0.275
1924.663,-0.177
1924.665,-0.292
1924.668,-0.298
1924.671,-0.260
1924.673,-0.281
1924.676,-0.395
1924.679,-0.262
1924.682,-0.174
1924.684,-0.211
1924.687,-0.249
1924.690,-0.293
1924.693,-0.341
1924.695,-0.453
1924.698,-0.450
1924.701,-0.260
1924.703,-0.164
1924.706,-0.291
1924.709,-0.158
1924.712,-0.095
1924.714,-0.060
1924.717,0.049
1924.720,0.078
1924.723,0.050
1924.725,0.122
1924.728,0.016
1924.731,-0.018
1924.734,-0.255
1924.736,-0.186
1924.739,-0.189
1924.742,-0.458
1924.745,-0.457
1924.747,-0.431
1924.750,-0.304
1924.753,-0.161
1924.755,-0.078
1924.758,0.028
1924.761,-0.142
1924.764,-0.165
1924.766,-0.117
1924.769,-0.354
1924.772,-0.550
1924.775,-0.516
1924.777,-0.576
1924.780,-0.592
1924.783,-0.502
1924.786,-0.416
1924.788,-0.321
1924.791,-0.248
1924.794,-0.234
1924.797,-0.332
1924.799,-0.335
1924.802,-0.291
1924.805,-0.240
1924.807,-0.212
1924.810,-0.157
1924.813,0.103
1924.816,0.286
1924.818,0.455
1924.821,0.436
1924.824,0.341
1924.827,0.278
1924.829,0.280
1924.832,0.327
1924.835,0.272
1924.837,0.308
1924.840,0.533
1924.843,0.515
1924.846,0.343
1924.848,0.331
1924.851,-0.081
1924.854,-0.292
1924.857,-0.117
1924.859,-0.018
1924.862,-0.193
1924.865,-0.348
1924.867,-0.303
1924.870,-0.375
1924.873,-0.309
1924.876,-0.381
1924.878,-0.355
1924.881,-0.311
1924.884,-0.306
1924.887,-0.052
1924.889,0.050
1924.892,0.277
1924.895,0.284
1924.898,0.263
1924.900,0.406
1924.903,0.648
1924.906,0.490
1924.908,0.479
1924.911,0.514
1924.914,0.359
1924.917,0.191
1924.919,0.144
1924.922,0.281
1924.925,0.303
1924.928,0.084
1924.930,-0.030
1924.933,-0.216
1924.936,-0.499
1924.938,-0.421
1924.941,-0.312
1924.944,0.046
1924.947,0.355
1924.949,0.085
1924.952,-0.040
1924.955,-0.180
1924.958,-0.132
1924.960,-0.139
1924.963,-0.301
1924.966,-0.373
1924.969,-0.381
1924.971,-0.047
1924.974,-0.232
1924.977,-0.365
1924.979,-0.512
1924.982,-0.903
1924.985,-1.366
1924.988,-1.339
1924.990,-1.107
1924.993,-0.810
1924.996,-0.566
1924.999,-0.374
1925.001,0.001
1925.004,0.132
1925.007,0.361
1925.010,0.374
1925.012,0.537
1925.015,0.556
1925.018,0.342
1925.021,0.258
1925.023,0.212
1925.026,0.170
1925.029,-0.330
1925.031,-0.548
1925.034,-0.815
1925.037,-0.833
1925.040,-0.560
1925.042,-0.662
1925.045,-0.520
1925.048,-0.394
1925.051,-0.271
1925.053,-0.224
1925.056,-0.321
1925.059,-0.400
1925.062,-0.542
1925.064,-0.476
1925.067,-0.535
1925.070,-0.709
1925.073,-1.008
1925.075,-1.322
1925.078,-1.214
1925.081,-1.085
1925.084,-1.058
1925.086,-1.282
1925.089,-1.063
1925.092,-0.726
1925.094,-0.097
1925.097,0.058
1925.100,0.002
1925.103,0.010
1925.105,-0.144
1925.108,0.057
1925.111,0.027
1925.114,-0.068
1925.116,0.091
1925.119,0.128
1925.122,-0.342
1925.125,-0.428
1925.127,-0.507
1925.130,-0.754
1925.133,-0.608
1925.136,-0.394
1925.138,-0.201
1925.141,-0.221
1925.144,-0.437
1925.147,-0.400
1925.149,-0.245
1925.152,-0.778
1925.155,-0.921
1925.158,-0.811
1925.160,-0.528
1925.163,-0.512
1925.166,-0.325
1925.168,-0.496
1925.171,-0.361
1925.174,-0.260
1925.177,-0.059
1925.179,0.223
1925.182,0.388
1925.185,0.403
1925.188,0.263
1925.190,-0.003
1925.193,-0.376
1925.196,-0.568
1925.199,-0.625
1925.201,-0.701
1925.204,-0.621
1925.207,-0.411
1925.210,-0.417
1925.212,-0.333
1925.215,-0.340
1925.218,-0.124
1925.221,-0.024
1925.223,0.013
1925.226,-0.055
1925.229,-0.063
1925.232,0.028
1925.234,-0.154
1925.237,-0.247
1925.240,-0.196
1925.242,-0.151
1925.245,0.059
1925.248,0.093
1925.251,0.100
1925.253,-0.182
1925.256,-0.256
1925.259,-0.011
1925.262,0.141
1925.264,0.451
1925.267,0.764
1925.270,0.875
1925.273,0.847
1925.275,0.698
1925.278,0.383
1925.281,0.266
1925.284,0.412
1925.286,0.526
1925.289,0.275
1925.292,0.260
1925.295,0.113
1925.297,0.321
1925.300,0.279
1925.303,0.314
1925.305,0.177
1925.308,0.054
1925.311,0.034
1925.314,0.009
1925.316,-0.052
1925.319,-0.088
1925.322,-0.039
1925.325,-0.068
1925.327,-0.211
1925.330,-0.133
1925.333,-0.058
1925.336,-0.036
1925.338,0.025
1925.341,-0.014
1925.344,-0.022
1925.347,-0.102
1925.349,-0.375
1925.352,-0.315
1925.355,-0.169
1925.358,-0.303
1925.360,-0.253
1925.363,-0.137
1925.366,-0.159
1925.369,-0.286
1925.371,-0.168
1925.374,-0.220
1925.377,-0.104
1925.379,-0.142
1925.382,-0.145
1925.385,-0.060
1925.388,-0.271
1925.390,-0.246
1925.393,-0.343
1925.396,-0.375
1925.399,-0.353
1925.401,-0.409
1925.404,-0.202
1925.407,-0.204
1925.410,-0.199
1925.412,-0.337
1925.415,-0.432
1925.418,-0.444
1925.421,-0.344
1925.423,-0.359
1925.426,-0.610
1925.429,-0.615
1925.432,-0.524
1925.434,-0.399
1925.437,-0.318
1925.440,-0.437
1925.443,-0.586
1925.445,-0.538
1925.448,-0.336
1925.451,-0.315
1925.453,-0.222
1925.456,-0.256
1925.459,-0.308
1925.462,-0.341
1925.464,-0.414
1925.467,-0.388
1925.470,-0.289
1925.473,-0.168
1925.475,-0.117
1925.478,-0.090
1925.481,-0.159
1925.484,-0.354
1925.486,-0.224
1925.489,-0.327
1925.492,-0.300
1925.495,-0.293
1925.497,-0.333
1925.500,-0.172
1925.503,-0.259
1925.505,-0.331
1925.508,-0.419
1925.511,-0.402
1925.514,-0.404
1925.516,-0.473
1925.519,-0.391
1925.522,-0.392
1925.525,-0.296
1925.527,-0.327
1925.530,-0.206
1925.533,-0.231
1925.536,-0.219
1925.538,-0.324
1925.541,-0.341
1925.544,-0.180
1925.547,-0.031
1925.549,-0.047
1925.552,-0.220
1925.555,-0.258
1925.557,-0.197
1925.560,-0.226
1925.563,-0.221
1925.566,-0.132
1925.568,-0.041
1925.571,-0.205
1925.574,-0.299
1925.577,-0.230
1925.579,-0.045
1925.582,-0.255
1925.585,-0.229
1925.588,-0.166
1925.590,-0.226
1925.593,-0.153
1925.596,-0.184
1925.599,0.028
1925.601,0.039
1925.604,0.026
1925.607,-0.102
1925.610,-0.215
1925.612,-0.237
1925.615,-0.116
1925.618,-0.080
1925.621,-0.051
1925.623,-0.035
1925.626,0.049
1925.629,0.133
1925.631,0.077
1925.634,-0.070
1925.637,-0.133
1925.640,-0.300
1925.642,-0.230
1925.645,-0.296
1925.648,-0.263
1925.651,-0.282
1925.653,-0.333
1925.656,-0.350
1925.659,-0.243
1925.662,-0.313
1925.664,-0.170
1925.667,-0.232
1925.670,-0.215
1925.673,-0.103
1925.675,-0.118
1925.678,-0.097
1925.681,-0.055
1925.684,-0.006
1925.686,-0.093
1925.689,-0.061
1925.692,-0.053
1925.695,-0.113
1925.697,-0.201
1925.700,-0.278
1925.703,-0.405
1925.705,-0.259
1925.708,-0.167
1925.711,-0.204
1925.714,-0.233
1925.716,-0.246
1925.719,-0.127
1925.722,-0.064
1925.725,-0.131
1925.727,-0.173
1925.730,-0.154
1925.733,-0.075
1925.736,-0.031
1925.738,-0.056
1925.741,-0.076
1925.744,-0.168
1925.747,-0.406
1925.749,-0.353
1925.752,-0.209
1925.755,-0.238
1925.758,-0.231
1925.760,-0.148
1925.763,-0.120
1925.766,-0.088
1925.768,-0.151
1925.771,-0.292
1925.774,-0.260
1925.777,-0.071
1925.779,0.150
1925.782,0.148
1925.785,0.219
1925.788,0.265
1925.790,0.216
1925.793,-0.050
1925.796,-0.067
1925.799,-0.040
1925.801,-0.028
1925.804,0.002
1925.807,-0.091
1925.810,-0.016
1925.812,-0.121
1925.815,-0.296
1925.818,-0.471
1925.821,-0.579
1925.823,-0.643
1925.826,-0.663
1925.829,-0.345
1925.832,-0.134
1925.834,-0.181
1925.837,-0.002
1925.840,0.069
1925.842,-0.114
1925.845,-0.294
1925.848,-0.088
1925.851,0.124
1925.853,0.256
1925.856,0.424
1925.859,0.614
1925.862,0.683
1925.864,0.711
1925.867,0.730
1925.870,0.519
1925.873,0.303
1925.875,0.024
1925.878,0.135
1925.881,0.055
1925.884,-0.086
1925.886,0.016
1925.889,0.023
1925.892,-0.054
1925.895,-0.158
1925.897,-0.060
1925.900,-0.327
1925.903,-0.125
1925.906,-0.038
1925.908,-0.035
1925.911,0.133
1925.914,0.320
1925.916,0.492
1925.919,0.526
1925.922,0.200
1925.925,0.006
1925.927,0.478
1925.930,0.478
1925.933,0.408
1925.936,0.429
1925.938,0.531
1925.941,0.602
1925.944,0.813
1925.947,0.825
1925.949,0.662
1925.952,0.290
1925.955,0.258
1925.958,0.405
1925.960,0.366
1925.963,0.654
1925.966,0.870
1925.969,0.805
1925.971,0.752
1925.974,0.708
1925.977,0.503
1925.979,0.521
1925.982,0.444
1925.985,0.496
1925.988,0.591
1925.990,0.730
1925.993,0.998
1925.996,1.210
1925.999,1.606
1926.001,1.393
1926.004,1.446
1926.007,1.530
1926.010,1.619
1926.012,1.462
1926.015,1.440
1926.018,1.144
1926.021,0.764
1926.023,0.775
1926.026,0.426
1926.029,0.268
1926.031,0.233
1926.034,0.456
1926.037,0.484
1926.040,0.508
1926.042,0.402
1926.045,0.307
1926.048,0.336
1926.051,0.387
1926.053,0.272
1926.056,0.022
1926.059,-0.168
1926.062,0.038
1926.064,0.240
1926.067,0.377
1926.070,0.649
1926.073,0.632
1926.075,0.497
1926.078,0.600
1926.081,0.797
1926.084,0.741
1926.086,0.840
1926.089,0.711
1926.092,0.632
1926.094,0.593
1926.097,0.716
1926.100,0.773
1926.103,0.823
1926.105,0.663
1926.108,0.550
1926.111,0.313
1926.114,0.391
1926.116,0.398
1926.119,0.256
1926.122,0.276
1926.125,0.229
1926.127,0.523
1926.130,0.607
1926.133,0.543
1926.136,0.161
1926.138,0.080
1926.141,0.326
1926.144,0.528
1926.147,0.446
1926.149,0.287
1926.152,0.379
1926.155,0.343
1926.158,0.169
1926.160,0.087
1926.163,0.064
1926.166,0.100
1926.168,-0.020
1926.171,0.248
1926.174,0.270
1926.177,0.381
1926.179,0.630
1926.182,0.950
1926.185,1.189
1926.188,1.103
1926.190,0.941
1926.193,0.762
1926.196,0.602
1926.199,0.482
1926.201,0.748
1926.204,0.557
1926.207,0.505
1926.210,0.656
1926.212,0.870
1926.215,1.107
1926.218,1.072
1926.221,0.976
1926.223,0.872
1926.226,0.481
1926.229,0.178
1926.232,0.155
1926.234,0.100
1926.237,0.015
1926.240,0.126
1926.242,0.094
1926.245,0.224
1926.248,0.259
1926.251,0.268
1926.253,0.039
1926.256,0.078
1926.259,0.196
1926.262,0.156
1926.264,0.070
1926.267,0.017
1926.270,-0.008
1926.273,-0.142
1926.275,-0.096
1926.278,0.030
1926.281,0.023
1926.284,0.129
1926.286,0.055
1926.289,0.045
1926.292,0.049
1926.295,-0.121
1926.297,-0.327
1926.300,-0.168
1926.303,0.015
1926.305,0.209
1926.308,0.249
1926.311,0.032
1926.314,-0.130
1926.316,-0.082
1926.319,0.157
1926.322,0.237
1926.325,0.129
1926.327,0.036
1926.330,0.032
1926.333,0.035
1926.336,0.092
1926.338,0.086
1926.341,0.211
1926.344,0.152
1926.347,0.024
1926.349,-0.170
1926.352,-0.342
1926.355,-0.374
1926.358,-0.376
1926.360,-0.395
1926.363,-0.439
1926.366,-0.568
1926.369,-0.530
1926.371,-0.437
1926.374,-0.325
1926.377,-0.273
1926.379,-0.336
1926.382,-0.436
1926.385,-0.504
1926.388,-0.552
1926.390,-0.490
1926.393,-0.352
1926.396,-0.286
1926.399,-0.212
1926.401,-0.221
1926.404,-0.188
1926.407,-0.102
1926.410,-0.034
1926.412,-0.096
1926.415,-0.252
1926.418,-0.348
1926.421,-0.335
1926.423,-0.303
1926.426,0.081
1926.429,0.151
1926.432,-0.041
1926.434,-0.205
1926.437,-0.285
1926.440,-0.347
1926.443,-0.489
1926.445,-0.295
1926.448,-0.307
1926.451,-0.337
1926.453,-0.147
1926.456,-0.177
1926.459,-0.224
1926.462,-0.180
1926.464,-0.256
1926.467,-0.299
1926.470,-0.255
1926.473,-0.151
1926.475,-0.072
1926.478,0.048
1926.481,0.037
1926.484,-0.035
1926.486,-0.091
1926.489,0.054
1926.492,-0.047
1926.495,-0.239
1926.497,-0.416
1926.500,-0.369
1926.503,-0.329
1926.505,-0.311
1926.508,-0.404
1926.511,-0.314
1926.514,-0.283
1926.516,-0.163
1926.519,-0.164
1926.522,-0.165
1926.525,-0.111
1926.527,-0.187
1926.530,-0.317
1926.533,-0.202
1926.536,-0.265
1926.538,-0.224
1926.541,0.051
1926.544,-0.007
1926.547,-0.040
1926.549,-0.049
1926.552,0.150
1926.555,0.093
1926.557,-0.013
1926.560,0.028
1926.563,-0.053
1926.566,-0.114
1926.568,-0.039
1926.571,0.079
1926.574,-0.019
1926.577,0.078
1926.579,0.004
1926.582,-0.050
1926.585,-0.117
1926.588,-0.119
1926.590,-0.337
1926.593,-0.349
1926.596,-0.203
1926.599,-0.158
1926.601,-0.196
1926.604,-0.091
1926.607,-0.015
1926.610,0.080
1926.612,0.037
1926.615,-0.022
1926.618,-0.075
1926.621,-0.069
1926.623,-0.179
1926.626,-0.207
1926.629,-0.133
1926.631,-0.190
1926.634,-0.080
1926.637,-0.034
1926.640,-0.027
1926.642,0.011
1926.645,0.094
1926.648,0.188
1926.651,0.125
1926.653,0.060
1926.656,0.102
1926.659,0.205
1926.662,0.191
1926.664,0.181
1926.667,0.150
1926.670,0.172
1926.673,0.098
1926.675,0.064
1926.678,0.180
1926.681,0.228
1926.684,0.046
1926.686,-0.095
1926.689,0.004
1926.692,0.015
1926.695,0.165
1926.697,0.113
1926.700,-0.038
1926.703,-0.128
1926.705,-0.150
1926.708,-0.144
1926.711,0.041
1926.714,-0.018
1926.716,0.081
1926.719,0.062
1926.722,-0.081
1926.725,-0.068
1926.727,-0.003
1926.730,-0.218
1926.733,-0.444
1926.736,-0.520
1926.738,-0.323
1926.741,-0.230
1926.744,-0.171
1926.747,-0.026
1926.749,-0.063
1926.752,0.001
1926.755,-0.149
1926.758,-0.242
1926.760,-0.055
1926.763,-0.077
1926.766,-0.108
1926.768,-0.006
1926.771,-0.049
1926.774,0.038
1926.777,0.083
1926.779,-0.085
1926.782,-0.031
1926.785,0.120
1926.788,0.166
1926.790,0.295
1926.793,0.431
1926.796,0.302
1926.799,0.329
1926.801,0.294
1926.804,0.265
1926.807,0.485
1926.810,0.428
1926.812,0.361
1926.815,0.370
1926.818,0.380
1926.821,0.405
1926.823,0.525
1926.826,0.287
1926.829,0.488
1926.832,0.483
1926.834,0.395
1926.837,0.419
1926.840,0.329
1926.842,0.141
1926.845,-0.093
1926.848,-0.238
1926.851,-0.071
1926.853,-0.123
1926.856,-0.193
1926.859,-0.216
1926.862,-0.064
1926.864,0.140
1926.867,0.350
1926.870,0.381
1926.873,0.293
1926.875,0.353
1926.878,0.270
1926.881,0.152
1926.884,0.046
1926.886,0.127
1926.889,0.100
1926.892,0.020
1926.895,0.100
1926.897,0.083
1926.900,-0.141
1926.903,-0.330
1926.906,-0.491
1926.908,-0.532
1926.911,-0.460
1926.914,-0.753
1926.916,-0.913
1926.919,-1.100
1926.922,-0.921
1926.925,-0.818
1926.927,-0.739
1926.930,-0.662
1926.933,-0.692
1926.936,-0.482
1926.938,-0.206
1926.941,0.172
1926.944,-0.087
1926.947,-0.472
1926.949,-0.892
1926.952,-1.538
1926.955,-1.682
1926.958,-1.413
1926.960,-1.365
1926.963,-1.009
1926.966,-0.605
1926.969,-0.372
1926.971,-0.383
1926.974,-0.475
1926.977,-0.398
1926.979,-0.581
1926.982,-0.367
1926.985,-0.223
1926.988,-0.307
1926.990,0.027
1926.993,0.463
1926.996,0.690
1926.999,1.032
1927.001,1.051
1927.004,0.944
1927.007,1.016
1927.010,0.669
1927.012,0.404
1927.015,0.445
1927.018,0.374
1927.021,0.245
1927.023,-0.078
1927.026,-0.484
1927.029,-0.816
1927.031,-1.214
1927.034,-1.494
1927.037,-1.209
1927.040,-1.311
1927.042,-1.395
1927.045,-1.300
1927.048,-1.280
1927.051,-1.351
1927.053,-1.389
1927.056,-1.433
1927.059,-1.471
1927.062,-1.361
1927.064,-1.012
1927.067,-0.724
1927.070,-0.572
1927.073,-0.197
1927.075,-0.037
1927.078,0.040
1927.081,-0.104
1927.084,-0.196
1927.086,-0.179
1927.089,-0.177
1927.092,0.062
1927.094,0.302
1927.097,0.362
1927.100,0.306
1927.103,0.033
1927.105,-0.162
1927.108,-0.313
1927.111,-0.170
1927.114,-0.319
1927.116,-0.344
1927.119,-0.321
1927.122,-0.335
1927.125,-0.423
1927.127,-0.471
1927.130,-0.781
1927.133,-0.961
1927.136,-0.746
1927.138,-0.580
1927.141,-0.385
1927.144,-0.403
1927.147,-0.446
1927.149,-0.322
1927.152,-0.396
1927.155,-0.459
1927.158,-0.366
1927.160,-0.451
1927.163,-0.710
1927.166,-0.627
1927.168,-0.699
1927.171,-0.760
1927.174,-0.659
1927.177,-0.651
1927.179,-0.576
1927.182,-0.514
1927.185,-0.448
1927.188,-0.608
1927.190,-0.740
1927.193,-0.631
1927.196,-0.331
1927.199,-0.237
1927.201,-0.239
1927.204,-0.259
1927.207,-0.182
1927.210,-0.407
1927.212,-0.718
1927.215,-0.633
1927.218,-0.634
1927.221,-0.717
1927.223,-0.758
1927.226,-0.649
1927.229,-0.543
1927.232,-0.460
1927.234,-0.440
1927.237,-0.381
1927.240,-0.470
1927.242,-0.525
1927.245,-0.870
1927.248,-0.876
1927.251,-0.839
1927.253,-0.745
1927.256,-0.783
1927.259,-0.769
1927.262,-0.527
1927.264,-0.450
1927.267,-0.330
1927.270,-0.256
1927.273,-0.159
1927.275,-0.264
1927.278,-0.189
1927.281,-0.159
1927.284,-0.200
1927.286,-0.020
1927.289,-0.079
1927.292,-0.006
1927.295,-0.021
1927.297,-0.126
1927.300,-0.116
1927.303,-0.186
1927.305,-0.079
1927.308,0.157
1927.311,0.146
1927.314,0.250
1927.316,0.475
1927.319,0.576
1927.322,0.603
1927.325,0.548
1927.327,0.408
1927.330,0.400
1927.333,0.381
1927.336,0.368
1927.338,0.207
1927.341,0.169
1927.344,0.153
1927.347,0.033
1927.349,-0.122
1927.352,-0.204
1927.355,-0.178
1927.358,-0.174
1927.360,-0.154
1927.363,-0.105
1927.366,0.081
1927.369,0.230
1927.371,0.159
1927.374,0.162
1927.377,-0.062
1927.379,-0.164
1927.382,-0.155
1927.385,0.006
1927.388,0.112
1927.390,0.005
1927.393,-0.100
1927.396,-0.163
1927.399,-0.336
1927.401,-0.482
1927.404,-0.734
1927.407,-0.843
1927.410,-0.624
1927.412,-0.342
1927.415,-0.189
1927.418,0.009
1927.421,0.047
1927.423,0.063
1927.426,0.045
1927.429,-0.084
1927.432,-0.123
1927.434,-0.016
1927.437,-0.126
1927.440,-0.364
1927.443,-0.398
1927.445,-0.352
1927.448,-0.340
1927.451,-0.270
1927.453,-0.169
1927.456,-0.206
1927.459,-0.200
1927.462,-0.066
1927.464,0.066
1927.467,0.062
1927.470,-0.063
1927.473,-0.061
1927.475,-0.245
1927.478,-0.277
1927.481,-0.194
1927.484,-0.055
1927.486,-0.046
1927.489,0.150
1927.492,0.032
1927.495,0.080
1927.497,0.152
1927.500,0.120
1927.503,0.168
1927.505,0.114
1927.508,0.213
1927.511,0.244
1927.514,0.306
1927.516,0.092
1927.519,-0.133
1927.522,-0.109
1927.525,-0.033
1927.527,0.251
1927.530,0.333
1927.533,0.236
1927.536,0.113
1927.538,-0.027
1927.541,-0.030
1927.544,0.106
1927.547,0.022
1927.549,0.026
1927.552,-0.081
1927.555,-0.280
1927.557,-0.277
1927.560,-0.295
1927.563,-0.225
1927.566,-0.276
1927.568,-0.239
1927.571,0.011
1927.574,-0.058
1927.577,-0.084
1927.579,-0.104
1927.582,-0.142
1927.585,-0.252
1927.588,-0.351
1927.590,-0.502
1927.593,-0.359
1927.596,-0.412
1927.599,-0.289
1927.601,-0.104
1927.604,-0.121
1927.607,-0.116
1927.610,-0.159
1927.612,-0.248
1927.615,-0.212
1927.618,-0.136
1927.621,-0.077
1927.623,-0.030
1927.626,-0.041
1927.629,-0.115
1927.631,-0.195
1927.634,-0.238
1927.637,-0.176
1927.640,-0.154
1927.642,-0.164
1927.645,-0.143
1927.648,-0.223
1927.651,-0.118
1927.653,-0.136
1927.656,-0.036
1927.659,-0.100
1927.662,-0.082
1927.664,0.009
1927.667,-0.068
1927.670,-0.044
1927.673,0.011
1927.675,0.007
1927.678,-0.044
1927.681,0.046
1927.684,-0.029
1927.686,-0.047
1927.689,-0.063
1927.692,-0.065
1927.695,0.132
1927.697,0.037
1927.700,-0.043
1927.703,-0.033
1927.705,0.018
1927.708,0.030
1927.711,0.245
1927.714,0.118
1927.716,0.166
1927.719,0.182
1927.722,0.339
1927.725,0.398
1927.727,0.219
1927.730,-0.092
1927.733,0.008
1927.736,0.209
1927.738,0.405
1927.741,0.572
1927.744,0.634
1927.747,0.604
1927.749,0.377
1927.752,0.365
1927.755,0.218
1927.758,0.066
1927.760,-0.033
1927.763,-0.065
1927.766,0.032
1927.768,0.016
1927.771,0.132
1927.774,0.035
1927.777,0.141
1927.779,0.105
1927.782,0.191
1927.785,0.344
1927.788,0.565
1927.790,0.560
1927.793,0.521
1927.796,0.649
1927.799,0.640
1927.801,0.730
1927.804,0.883
1927.807,0.887
1927.810,0.942
1927.812,0.928
1927.815,0.933
1927.818,0.831
1927.821,0.931
1927.823,0.984
1927.826,0.919
1927.829,0.898
1927.832,0.676
1927.834,0.701
1927.837,0.647
1927.840,0.397
1927.842,0.468
1927.845,0.342
1927.848,0.323
1927.851,0.471
1927.853,0.503
1927.856,0.540
1927.859,0.700
1927.862,0.807
1927.864,0.598
1927.867,0.621
1927.870,0.339
1927.873,0.312
1927.875,0.113
1927.878,-0.080
1927.881,-0.166
1927.884,-0.349
1927.886,-0.351
1927.889,-0.474
1927.892,-0.479
1927.895,-0.451
1927.897,-0.646
1927.900,-0.354
1927.903,-0.438
1927.906,-0.286
1927.908,-0.452
1927.911,-0.707
1927.914,-0.687
1927.916,-0.752
1927.919,-0.891
1927.922,-0.814
1927.925,-0.740
1927.927,-0.582
1927.930,-0.621
1927.933,-0.779
1927.936,-0.847
1927.938,-0.824
1927.941,-0.729
1927.944,-0.595
1927.947,-0.493
1927.949,-0.440
1927.952,-0.636
1927.955,-0.853
1927.958,-0.789
1927.960,-0.860
1927.963,-0.715
1927.966,-0.707
1927.969,-0.702
1927.971,-0.668
1927.974,-0.503
1927.977,-0.493
1927.979,-0.383
1927.982,-0.468
1927.985,-0.264
1927.988,-0.003
1927.990,-0.007
1927.993,-0.153
1927.996,-0.356
1927.999,-0.594
1928.001,-0.530
1928.004,-0.573
1928.007,-0.623
1928.010,-0.388
1928.012,-0.107
1928.015,0.246
1928.018,0.461
1928.021,0.572
1928.023,0.787
1928.026,0.972
1928.029,1.072
1928.031,0.961
1928.034,1.000
1928.037,0.818
1928.040,0.970
1928.042,1.069
1928.045,0.956
1928.048,0.465
1928.051,0.128
1928.053,-0.268
1928.056,-0.548
1928.059,-0.444
1928.062,-0.448
1928.064,-0.540
1928.067,-0.605
1928.070,-0.490
1928.072,-0.364
1928.075,-0.208
1928.078,0.170
1928.081,0.192
1928.083,0.178
1928.086,-0.027
1928.089,-0.026
1928.092,-0.130
1928.094,-0.228
1928.097,-0.350
1928.100,-0.363
1928.102,-0.265
1928.105,-0.092
1928.108,0.090
1928.111,0.145
1928.113,0.214
1928.116,0.320
1928.119,0.446
1928.122,0.629
1928.124,0.707
1928.127,0.552
1928.130,0.119
1928.133,0.095
1928.135,0.056
1928.138,0.053
1928.141,-0.108
1928.143,0.050
1928.146,0.017
1928.149,-0.295
1928.152,-0.318
1928.154,-0.129
1928.157,0.199
1928.160,0.471
1928.163,0.552
1928.165,0.274
1928.168,-0.071
1928.171,-0.176
1928.173,-0.561
1928.176,-0.617
1928.179,-0.601
1928.182,-0.527
1928.184,-0.532
1928.187,-0.560
1928.190,-0.566
1928.193,-0.426
1928.195,-0.176
1928.198,-0.152
1928.201,-0.056
1928.203,-0.258
1928.206,-0.299
1928.209,-0.289
1928.212,-0.260
1928.214,-0.408
1928.217,-0.416
1928.220,-0.501
1928.223,-0.389
1928.225,-0.284
1928.228,-0.185
1928.231,-0.229
1928.234,-0.265
1928.236,-0.344
1928.239,-0.406
1928.242,-0.392
1928.245,-0.234
1928.247,-0.033
1928.250,-0.064
1928.253,0.028
1928.255,0.048
1928.258,-0.068
1928.261,-0.163
1928.264,-0.279
1928.266,-0.370
1928.269,-0.283
1928.272,-0.115
1928.275,-0.149
1928.277,-0.248
1928.280,-0.277
1928.283,-0.379
1928.286,-0.412
1928.288,-0.391
1928.291,-0.347
1928.294,-0.251
1928.297,-0.128
1928.299,-0.017
1928.302,0.083
1928.305,0.310
1928.307,0.342
1928.310,0.451
1928.313,0.461
1928.316,0.416
1928.318,0.264
1928.321,0.164
1928.324,0.132
1928.327,0.099
1928.329,0.146
1928.332,0.210
1928.335,0.065
1928.337,-0.046
1928.340,-0.070
1928.343,0.038
1928.346,0.002
1928.348,0.111
1928.351,0.333
1928.354,0.380
1928.357,0.012
1928.359,-0.269
1928.362,-0.456
1928.365,-0.479
1928.367,-0.393
1928.370,-0.355
1928.373,-0.255
1928.376,-0.161
1928.378,-0.033
1928.381,0.120
1928.384,-0.062
1928.387,-0.072
1928.389,0.107
1928.392,0.187
1928.395,0.180
1928.398,0.132
1928.400,-0.083
1928.403,-0.203
1928.406,-0.182
1928.408,-0.206
1928.411,-0.291
1928.414,-0.341
1928.417,-0.295
1928.419,-0.372
1928.422,-0.339
1928.425,-0.267
1928.428,-0.301
1928.430,-0.467
1928.433,-0.444
1928.436,-0.461
1928.438,-0.325
1928.441,-0.322
1928.444,-0.132
1928.447,-0.130
1928.449,-0.182
1928.452,-0.412
1928.455,-0.373
1928.458,-0.422
1928.460,-0.408
1928.463,-0.404
1928.466,-0.371
1928.469,-0.318
1928.471,-0.313
1928.474,-0.272
1928.477,-0.179
1928.479,-0.230
1928.482,-0.358
1928.485,-0.349
1928.488,-0.255
1928.490,-0.186
1928.493,-0.311
1928.496,-0.320
1928.499,-0.208
1928.501,-0.058
1928.504,-0.001
1928.507,0.128
1928.510,0.102
1928.512,-0.055
1928.515,-0.019
1928.518,-0.114
1928.521,0.007
1928.523,0.125
1928.526,0.072
1928.529,0.094
1928.531,0.143
1928.534,0.205
1928.537,0.173
1928.540,0.154
1928.542,0.050
1928.545,0.108
1928.548,-0.103
1928.551,-0.188
1928.553,-0.215
1928.556,-0.134
1928.559,-0.233
1928.562,-0.149
1928.564,-0.231
1928.567,-0.152
1928.570,-0.034
1928.572,-0.138
1928.575,-0.190
1928.578,-0.320
1928.581,-0.403
1928.583,-0.236
1928.586,-0.264
1928.589,-0.359
1928.592,-0.334
1928.594,-0.399
1928.597,-0.348
1928.600,-0.045
1928.602,-0.139
1928.605,-0.048
1928.608,-0.127
1928.611,-0.059
1928.613,-0.155
1928.616,-0.214
1928.619,-0.181
1928.622,-0.107
1928.624,-0.120
1928.627,-0.028
1928.630,-0.046
1928.633,-0.101
1928.635,-0.239
1928.638,-0.166
1928.641,-0.114
1928.643,-0.341
1928.646,-0.239
1928.649,-0.124
1928.652,-0.132
1928.654,-0.071
1928.657,0.066
1928.660,0.044
1928.663,0.044
1928.665,-0.020
1928.668,0.072
1928.671,0.041
1928.673,0.018
1928.676,-0.032
1928.679,-0.152
1928.682,-0.100
1928.684,-0.133
1928.687,-0.166
1928.690,-0.287
1928.693,-0.264
1928.695,-0.107
1928.698,-0.023
1928.701,-0.025
1928.703,-0.139
1928.706,-0.118
1928.709,-0.186
1928.712,-0.111
1928.714,-0.101
1928.717,-0.131
1928.720,0.024
1928.723,-0.006
1928.725,-0.124
1928.728,-0.452
1928.731,-0.463
1928.734,-0.385
1928.736,-0.171
1928.739,-0.097
1928.742,0.019
1928.745,0.173
1928.747,0.354
1928.750,0.273
1928.753,0.171
1928.755,0.131
1928.758,0.227
1928.761,0.177
1928.764,0.220
1928.766,0.357
1928.769,0.179
1928.772,0.101
1928.775,0.131
1928.777,0.136
1928.780,0.149
1928.783,0.394
1928.786,0.429
1928.788,0.395
1928.791,0.311
1928.794,0.317
1928.797,0.449
1928.799,0.484
1928.802,0.456
1928.805,0.308
1928.807,0.263
1928.810,0.110
1928.813,-0.093
1928.816,-0.300
1928.818,-0.403
1928.821,-0.364
1928.824,-0.291
1928.827,-0.370
1928.829,-0.167
1928.832,-0.145
1928.835,-0.089
1928.837,-0.133
1928.840,-0.071
1928.843,-0.237
1928.846,-0.260
1928.848,-0.041
1928.851,0.152
1928.854,0.126
1928.857,0.132
1928.859,0.234
1928.862,0.265
1928.865,0.354
1928.867,0.399
1928.870,0.381
1928.873,0.377
1928.876,0.393
1928.878,0.549
1928.881,0.581
1928.884,0.477
1928.887,0.574
1928.889,0.532
1928.892,0.124
1928.895,-0.233
1928.898,-0.400
1928.900,-0.547
1928.903,-0.697
1928.906,-0.374
1928.908,-0.285
1928.911,-0.316
1928.914,-0.351
1928.917,-0.598
1928.919,-0.884
1928.922,-0.670
1928.925,-0.550
1928.928,-0.378
1928.930,-0.290
1928.933,-0.164
1928.936,-0.022
1928.938,-0.169
1928.941,-0.123
1928.944,0.142
1928.947,-0.017
1928.949,0.150
1928.952,0.423
1928.955,0.624
1928.958,0.341
1928.960,-0.034
1928.963,-0.050
1928.966,-0.127
1928.969,-0.313
1928.971,-0.353
1928.974,-0.044
1928.977,0.093
1928.979,0.064
1928.982,0.165
1928.985,0.315
1928.988,0.563
1928.990,0.341
1928.993,0.271
1928.996,0.137
1928.999,-0.210
1929.001,-0.477
1929.004,-0.450
1929.007,-0.295
1929.010,-0.308
1929.012,-0.224
1929.015,-0.146
1929.018,-0.010
1929.021,0.024
1929.023,0.025
1929.026,-0.336
1929.029,-0.773
1929.031,-1.020
1929.034,-0.866
1929.037,-0.722
1929.040,-0.719
1929.042,-0.644
1929.045,-0.494
1929.048,-0.406
1929.051,-0.297
1929.053,-0.548
1929.056,-1.021
1929.059,-1.310
1929.062,-1.435
1929.064,-1.523
1929.067,-1.598
1929.070,-1.569
1929.073,-1.583
1929.075,-1.710
1929.078,-1.663
1929.081,-1.567
1929.084,-1.702
1929.086,-1.596
1929.089,-1.458
1929.092,-1.289
1929.094,-1.268
1929.097,-1.163
1929.100,-1.036
1929.103,-1.334
1929.105,-1.475
1929.108,-1.335
1929.111,-1.331
1929.114,-1.348
1929.116,-1.053
1929.119,-0.680
1929.122,-0.454
1929.125,-0.500
1929.127,-0.590
1929.130,-0.791
1929.133,-0.953
1929.136,-1.025
1929.138,-1.355
1929.141,-1.698
1929.144,-1.840
1929.147,-1.614
1929.149,-1.466
1929.152,-1.086
1929.155,-0.893
1929.158,-0.767
1929.160,-0.767
1929.163,-0.675
1929.166,-0.579
1929.168,-0.300
1929.171,-0.257
1929.174,-0.489
1929.177,-0.729
1929.179,-0.398
1929.182,-0.467
1929.185,-0.625
1929.188,-0.489
1929.190,-0.196
1929.193,0.115
1929.196,0.133
1929.199,0.320
1929.201,0.252
1929.204,0.263
1929.207,0.079
1929.210,0.331
1929.212,0.355
1929.215,0.163
1929.218,-0.162
1929.221,-0.117
1929.223,-0.102
1929.226,-0.236
1929.229,-0.328
1929.232,-0.484
1929.234,-0.272
1929.237,-0.293
1929.240,-0.380
1929.242,-0.444
1929.245,-0.392
1929.248,-0.437
1929.251,-0.233
1929.253,-0.047
1929.256,0.125
1929.259,-0.090
1929.262,-0.113
1929.264,-0.174
1929.267,-0.143
1929.270,-0.093
1929.273,-0.002
1929.275,-0.108
1929.278,-0.052
1929.281,-0.125
1929.284,-0.136
1929.286,-0.003
1929.289,0.106
1929.292,-0.041
1929.295,-0.234
1929.297,-0.252
1929.300,-0.075
1929.303,-0.307
1929.305,-0.372
1929.308,-0.049
1929.311,0.185
1929.314,0.044
1929.316,-0.400
1929.319,-0.602
1929.322,-0.510
1929.325,-0.315
1929.327,0.019
1929.330,-0.238
1929.333,-0.350
1929.336,-0.263
1929.338,-0.133
1929.341,-0.006
1929.344,-0.002
1929.347,-0.004
1929.349,-0.120
1929.352,-0.251
1929.355,-0.178
1929.358,-0.183
1929.360,-0.054
1929.363,0.028
1929.366,0.039
1929.369,-0.175
1929.371,-0.313
1929.374,-0.297
1929.377,-0.337
1929.379,-0.393
1929.382,-0.552
1929.385,-0.535
1929.388,-0.615
1929.390,-0.530
1929.393,-0.490
1929.396,-0.496
1929.399,-0.585
1929.401,-0.464
1929.404,-0.524
1929.407,-0.552
1929.410,-0.820
1929.412,-0.641
1929.415,-0.525
1929.418,-0.529
1929.421,-0.585
1929.423,-0.676
1929.426,-0.679
1929.429,-0.663
1929.432,-0.501
1929.434,-0.334
1929.437,-0.398
1929.440,-0.390
1929.443,-0.573
1929.445,-0.764
1929.448,-0.774
1929.451,-0.456
1929.453,-0.505
1929.456,-0.333
1929.459,-0.321
1929.462,-0.334
1929.464,-0.384
1929.467,-0.524
1929.470,-0.533
1929.473,-0.817
1929.475,-0.676
1929.478,-0.581
1929.481,-0.583
1929.484,-0.588
1929.486,-0.369
1929.489,-0.414
1929.492,-0.506
1929.495,-0.393
1929.497,-0.267
1929.500,-0.177
1929.503,-0.217
1929.505,-0.381
1929.508,-0.404
1929.511,-0.513
1929.514,-0.538
1929.516,-0.550
1929.519,-0.531
1929.522,-0.415
1929.525,-0.437
1929.527,-0.368
1929.530,-0.341
1929.533,-0.509
1929.536,-0.399
1929.538,-0.413
1929.541,-0.476
1929.544,-0.455
1929.547,-0.416
1929.549,-0.364
1929.552,-0.356
1929.555,-0.299
1929.557,-0.349
1929.560,-0.381
1929.563,-0.513
1929.566,-0.424
1929.568,-0.296
1929.571,-0.267
1929.574,-0.371
1929.577,-0.316
1929.579,-0.494
1929.582,-0.317
1929.585,-0.165
1929.588,-0.147
1929.590,-0.105
1929.593,-0.220
1929.596,-0.331
1929.599,-0.353
1929.601,-0.256
1929.604,-0.129
1929.607,-0.169
1929.610,-0.129
1929.612,-0.186
1929.615,-0.132
1929.618,-0.121
1929.621,-0.166
1929.623,-0.257
1929.626,-0.103
1929.629,-0.043
1929.631,-0.184
1929.634,-0.288
1929.637,-0.128
1929.640,-0.149
1929.642,-0.285
1929.645,-0.403
1929.648,-0.372
1929.651,-0.347
1929.653,-0.503
1929.656,-0.506
1929.659,-0.410
1929.662,-0.382
1929.664,-0.178
1929.667,-0.362
1929.670,-0.507
1929.673,-0.588
1929.675,-0.541
1929.678,-0.465
1929.681,-0.392
1929.684,-0.396
1929.686,-0.451
1929.689,-0.467
1929.692,-0.506
1929.695,-0.578
1929.697,-0.503
1929.700,-0.478
1929.703,-0.405
1929.705,-0.225
1929.708,-0.283
1929.711,-0.224
1929.714,-0.460
1929.716,-0.506
1929.719,-0.412
1929.722,-0.388
1929.725,-0.452
1929.727,-0.541
1929.730,-0.383
1929.733,-0.283
1929.736,-0.269
1929.738,-0.232
1929.741,-0.121
1929.744,-0.174
1929.747,-0.156
1929.749,-0.136
1929.752,-0.074
1929.755,0.112
1929.758,0.229
1929.760,0.250
1929.763,0.228
1929.766,-0.010
1929.768,-0.221
1929.771,-0.374
1929.774,-0.290
1929.777,-0.193
1929.779,0.088
1929.782,0.174
1929.785,0.223
1929.788,0.203
1929.790,0.375
1929.793,0.354
1929.796,0.291
1929.799,0.269
1929.801,0.206
1929.804,0.043
1929.807,-0.122
1929.810,-0.170
1929.812,-0.150
1929.815,-0.108
1929.818,0.098
1929.821,0.032
1929.823,-0.023
1929.826,0.039
1929.829,0.081
1929.832,0.211
1929.834,0.357
1929.837,0.350
1929.840,0.258
1929.842,0.033
1929.845,-0.245
1929.848,-0.314
1929.851,-0.163
1929.853,-0.065
1929.856,0.084
1929.859,0.005
1929.862,-0.015
1929.864,0.001
1929.867,0.227
1929.870,0.089
1929.873,0.157
1929.875,0.202
1929.878,0.161
1929.881,-0.154
1929.884,-0.525
1929.886,-0.758
1929.889,-0.867
1929.892,-0.761
1929.895,-0.491
1929.897,-0.548
1929.900,-0.601
1929.903,-0.588
1929.906,-0.579
1929.908,-0.769
1929.911,-1.126
1929.914,-1.236
1929.916,-1.160
1929.919,-0.923
1929.922,-0.669
1929.925,-0.706
1929.927,-0.900
1929.930,-0.982
1929.933,-1.367
1929.936,-1.442
1929.938,-1.528
1929.941,-1.471
1929.944,-1.584
1929.947,-1.615
1929.949,-1.498
1929.952,-1.496
1929.955,-1.506
1929.958,-1.577
1929.960,-1.737
1929.963,-1.956
1929.966,-1.993
1929.969,-1.944
1929.971,-1.773
1929.974,-1.708
1929.977,-1.461
1929.979,-1.073
1929.982,-0.724
1929.985,-0.800
1929.988,-0.949
1929.990,-0.995
1929.993,-0.915
1929.996,-1.065
1929.999,-1.273
1930.001,-1.427
1930.004,-1.612
1930.007,-1.569
1930.010,-1.411
1930.012,-1.137
1930.015,-0.777
1930.018,-0.644
1930.021,-0.571
1930.023,-0.633
1930.026,-0.164
1930.029,0.162
1930.031,0.265
1930.034,0.125
1930.037,-0.219
1930.040,-0.516
1930.042,-0.652
1930.045,-0.798
1930.048,-0.796
1930.051,-0.709
1930.053,-0.540
1930.056,-0.366
1930.059,-0.371
1930.062,-0.058
1930.064,0.075
1930.067,-0.012
1930.070,0.022
1930.073,-0.199
1930.075,-0.217
1930.078,-0.377
1930.081,-0.518
1930.084,-0.725
1930.086,-0.661
1930.089,-0.358
1930.092,-0.286
1930.094,-0.279
1930.097,-0.084
1930.100,-0.320
1930.103,-0.675
1930.105,-0.507
1930.108,-0.675
1930.111,-0.755
1930.114,-0.836
1930.116,-0.683
1930.119,-0.683
1930.122,-0.692
1930.125,-0.491
1930.127,-0.261
1930.130,0.022
1930.133,0.255
1930.136,0.360
1930.138,0.399
1930.141,0.442
1930.144,0.541
1930.147,0.335
1930.149,0.210
1930.152,0.050
1930.155,-0.216
1930.158,-0.687
1930.160,-0.795
1930.163,-0.955
1930.166,-0.774
1930.168,-0.728
1930.171,-0.575
1930.174,-0.283
1930.177,-0.111
1930.179,0.030
1930.182,-0.045
1930.185,0.432
1930.188,0.702
1930.190,0.544
1930.193,0.391
1930.196,0.615
1930.199,0.739
1930.201,0.935
1930.204,0.882
1930.207,0.758
1930.210,0.772
1930.212,0.758
1930.215,0.474
1930.218,0.424
1930.221,0.454
1930.223,0.421
1930.226,0.498
1930.229,0.377
1930.232,0.251
1930.234,0.224
1930.237,0.259
1930.240,0.264
1930.242,0.140
1930.245,0.140
1930.248,0.082
1930.251,0.028
1930.253,0.043
1930.256,0.016
1930.259,0.373
1930.262,0.414
1930.264,0.324
1930.267,0.207
1930.270,0.175
1930.273,0.187
1930.275,0.210
1930.278,0.307
1930.281,0.275
1930.284,0.210
1930.286,0.158
1930.289,-0.049
1930.292,-0.445
1930.295,-0.521
1930.297,-0.286
1930.300,-0.292
1930.303,-0.128
1930.305,-0.360
1930.308,-0.345
1930.311,-0.350
1930.314,-0.301
1930.316,-0.409
1930.319,-0.382
1930.322,-0.448
1930.325,-0.228
1930.327,-0.017
1930.330,0.313
1930.333,0.267
1930.336,0.223
1930.338,0.255
1930.341,0.186
1930.344,0.127
1930.347,-0.148
1930.349,-0.281
1930.352,-0.185
1930.355,-0.190
1930.358,-0.393
1930.360,-0.548
1930.363,-0.354
1930.366,-0.427
1930.369,-0.326
1930.371,-0.432
1930.374,-0.302
1930.377,-0.270
1930.379,-0.190
1930.382,-0.145
1930.385,-0.248
1930.388,-0.151
1930.390,-0.221
1930.393,-0.171
1930.396,-0.154
1930.399,-0.186
1930.401,-0.166
1930.404,-0.118
1930.407,-0.359
1930.410,-0.324
1930.412,-0.414
1930.415,-0.419
1930.418,-0.511
1930.421,-0.467
1930.423,-0.168
1930.426,0.036
1930.429,0.102
1930.432,-0.038
1930.434,-0.250
1930.437,-0.156
1930.440,0.082
1930.443,0.192
1930.445,0.127
1930.448,0.120
1930.451,0.014
1930.453,0.222
1930.456,0.159
1930.459,-0.119
1930.462,-0.264
1930.464,-0.228
1930.467,-0.287
1930.470,-0.302
1930.473,-0.327
1930.475,-0.229
1930.478,-0.186
1930.481,-0.054
1930.484,0.063
1930.486,0.240
1930.489,0.157
1930.492,0.146
1930.495,0.082
1930.497,0.109
1930.500,0.087
1930.503,0.076
1930.505,0.123
1930.508,0.239
1930.511,0.237
1930.514,0.156
1930.516,0.111
1930.519,0.175
1930.522,0.158
1930.525,0.141
1930.527,-0.018
1930.530,-0.068
1930.533,-0.107
1930.536,-0.178
1930.538,0.022
1930.541,0.135
1930.544,0.289
1930.547,0.240
1930.549,0.267
1930.552,0.217
1930.555,-0.027
1930.557,-0.043
1930.560,0.139
1930.563,0.156
1930.566,0.143
1930.568,0.219
1930.571,0.157
1930.574,0.119
1930.577,0.041
1930.579,-0.013
1930.582,0.084
1930.585,0.241
1930.588,0.132
1930.590,0.099
1930.593,0.208
1930.596,0.324
1930.599,0.262
1930.601,0.112
1930.604,0.084
1930.607,0.003
1930.610,-0.178
1930.612,-0.115
1930.615,-0.106
1930.618,-0.004
1930.621,0.035
1930.623,0.023
1930.626,0.040
1930.629,-0.014
1930.631,-0.063
1930.634,-0.121
1930.637,-0.095
1930.640,-0.264
1930.642,0.029
1930.645,0.147
1930.648,0.047
1930.651,0.047
1930.653,-0.035
1930.656,-0.128
1930.659,-0.240
1930.662,-0.208
1930.664,-0.162
1930.667,-0.303
1930.670,-0.169
1930.673,-0.160
1930.675,-0.364
1930.678,-0.305
1930.681,-0.325
1930.684,-0.378
1930.686,-0.202
1930.689,-0.262
1930.692,-0.246
1930.695,-0.314
1930.697,-0.247
1930.700,-0.295
1930.703,-0.434
1930.705,-0.563
1930.708,-0.623
1930.711,-0.502
1930.714,-0.392
1930.716,-0.232
1930.719,-0.213
1930.722,-0.192
1930.725,-0.115
1930.727,-0.298
1930.730,-0.276
1930.733,-0.378
1930.736,-0.512
1930.738,-0.422
1930.741,-0.298
1930.744,-0.152
1930.747,-0.058
1930.749,-0.030
1930.752,-0.076
1930.755,0.024
1930.758,0.010
1930.760,-0.034
1930.763,-0.119
1930.766,0.096
1930.768,0.154
1930.771,0.179
1930.774,0.144
1930.777,0.247
1930.779,0.295
1930.782,0.227
1930.785,0.095
1930.788,-0.171
1930.790,-0.148
1930.793,-0.159
1930.796,-0.284
1930.799,-0.459
1930.801,-0.425
1930.804,-0.360
1930.807,-0.389
1930.810,-0.221
1930.812,-0.138
1930.815,-0.097
1930.818,-0.149
1930.821,-0.253
1930.823,-0.259
1930.826,-0.466
1930.829,-0.462
1930.832,-0.404
1930.834,-0.256
1930.837,-0.141
1930.840,0.013
1930.842,0.067
1930.845,-0.029
1930.848,-0.305
1930.851,-0.256
1930.853,-0.150
1930.856,0.093
1930.859,0.136
1930.862,0.253
1930.864,0.360
1930.867,0.321
1930.870,0.269
1930.873,0.557
1930.875,0.742
1930.878,0.697
1930.881,0.895
1930.884,1.036
1930.886,1.073
1930.889,1.082
1930.892,0.904
1930.895,0.632
1930.897,0.539
1930.900,0.363
1930.903,0.097
1930.906,-0.113
1930.908,-0.214
1930.911,-0.166
1930.914,-0.162
1930.916,-0.252
1930.919,-0.311
1930.922,-0.058
1930.925,0.534
1930.927,0.796
1930.930,1.044
1930.933,1.319
1930.936,1.202
1930.938,1.046
1930.941,0.795
1930.944,0.547
1930.947,0.396
1930.949,0.162
1930.952,-0.075
1930.955,-0.397
1930.958,-0.547
1930.960,-0.691
1930.963,-0.714
1930.966,-0.513
1930.969,-0.378
1930.971,-0.504
1930.974,-0.459
1930.977,-0.406
1930.979,-0.433
1930.982,-0.361
1930.985,-0.608
1930.988,-0.716
1930.990,-0.882
1930.993,-1.047
1930.996,-1.207
1930.999,-1.022
1931.001,-0.797
1931.004,-0.895
1931.007,-0.769
1931.010,-0.508
1931.012,-0.444
1931.015,-0.732
1931.018,-0.744
1931.021,-0.623
1931.023,-0.516
1931.026,-0.483
1931.029,-0.252
1931.031,-0.029
1931.034,0.082
1931.037,-0.005
1931.040,0.269
1931.042,0.472
1931.045,0.616
1931.048,0.580
1931.051,0.418
1931.053,0.273
1931.056,-0.066
1931.059,-0.139
1931.062,-0.034
1931.064,-0.235
1931.067,-0.157
1931.070,0.014
1931.073,0.195
1931.075,0.199
1931.078,0.070
1931.081,-0.064
1931.084,-0.115
1931.086,-0.594
1931.089,-0.985
1931.092,-1.110
1931.094,-1.091
1931.097,-1.120
1931.100,-0.988
1931.103,-0.925
1931.105,-0.913
1931.108,-1.002
1931.111,-1.139
1931.114,-1.146
1931.116,-1.013
1931.119,-0.940
1931.122,-0.965
1931.125,-0.738
1931.127,-0.441
1931.130,-0.320
1931.133,-0.181
1931.136,-0.172
1931.138,-0.432
1931.141,-0.571
1931.144,-0.348
1931.147,-0.339
1931.149,-0.507
1931.152,-0.409
1931.155,-0.218
1931.158,-0.048
1931.160,0.221
1931.163,0.122
1931.166,0.045
1931.168,0.140
1931.171,0.210
1931.174,0.230
1931.177,0.105
1931.179,-0.219
1931.182,-0.152
1931.185,-0.184
1931.188,-0.058
1931.190,-0.038
1931.193,-0.003
1931.196,-0.013
1931.199,-0.002
1931.201,0.220
1931.204,0.342
1931.207,0.213
1931.210,0.133
1931.212,0.067
1931.215,-0.059
1931.218,-0.152
1931.221,-0.109
1931.223,-0.346
1931.226,-0.243
1931.229,-0.298
1931.232,-0.389
1931.234,-0.238
1931.237,-0.050
1931.240,-0.161
1931.242,-0.064
1931.245,-0.076
1931.248,-0.119
1931.251,-0.321
1931.253,-0.417
1931.256,-0.435
1931.259,-0.238
1931.262,-0.219
1931.264,-0.085
1931.267,0.051
1931.270,-0.113
1931.273,-0.213
1931.275,-0.252
1931.278,-0.062
1931.281,0.176
1931.284,0.180
1931.286,0.244
1931.289,0.180
1931.292,0.079
1931.295,0.141
1931.297,0.171
1931.300,0.198
1931.303,-0.017
1931.305,-0.077
1931.308,-0.228
1931.311,-0.197
1931.314,0.087
1931.316,0.067
1931.319,0.127
1931.322,0.064
1931.325,-0.066
1931.327,-0.080
1931.330,-0.334
1931.333,-0.493
1931.336,-0.456
1931.338,-0.418
1931.341,-0.320
1931.344,-0.225
1931.347,-0.298
1931.349,-0.273
1931.352,-0.180
1931.355,-0.026
1931.358,-0.021
1931.360,-0.056
1931.363,-0.041
1931.366,-0.024
1931.369,-0.110
1931.371,-0.035
1931.374,-0.183
1931.377,-0.185
1931.379,-0.225
1931.382,-0.161
1931.385,-0.198
1931.388,-0.179
1931.390,-0.090
1931.393,-0.214
1931.396,-0.234
1931.399,-0.162
1931.401,-0.060
1931.404,-0.121
1931.407,-0.214
1931.410,-0.329
1931.412,-0.297
1931.415,-0.356
1931.418,-0.207
1931.421,-0.263
1931.423,-0.134
1931.426,-0.108
1931.429,-0.176
1931.432,-0.248
1931.434,-0.198
1931.437,-0.092
1931.440,0.051
1931.443,0.191
1931.445,0.180
1931.448,0.264
1931.451,0.344
1931.453,0.238
1931.456,0.216
1931.459,0.195
1931.462,0.221
1931.464,0.279
1931.467,0.358
1931.470,0.142
1931.473,0.168
1931.475,0.143
1931.478,0.113
1931.481,0.215
1931.484,0.311
1931.486,0.399
1931.489,0.487
1931.492,0.681
1931.495,0.500
1931.497,0.476
1931.500,0.404
1931.503,0.405
1931.505,0.391
1931.508,0.246
1931.511,0.175
1931.514,0.140
1931.516,0.272
1931.519,0.172
1931.522,0.056
1931.525,-0.107
1931.527,-0.102
1931.530,0.049
1931.533,0.197
1931.536,0.422
1931.538,0.355
1931.541,0.339
1931.544,0.376
1931.547,0.398
1931.549,0.543
1931.552,0.297
1931.555,0.323
1931.557,0.275
1931.560,0.299
1931.563,0.284
1931.566,0.319
1931.568,0.406
1931.571,0.443
1931.574,0.238
1931.577,0.101
1931.579,0.040
1931.582,0.162
1931.585,0.354
1931.588,0.431
1931.590,0.307
1931.593,0.213
1931.596,0.039
1931.599,0.105
1931.601,0.151
1931.604,0.157
1931.607,0.266
1931.610,0.299
1931.612,0.213
1931.615,0.234
1931.618,0.280
1931.621,0.356
1931.623,0.439
1931.626,0.422
1931.629,0.417
1931.631,0.359
1931.634,0.342
1931.637,0.184
1931.640,-0.016
1931.642,-0.057
1931.645,0.082
1931.648,0.058
1931.651,0.080
1931.653,0.087
1931.656,-0.007
1931.659,-0.141
1931.662,-0.085
1931.664,0.054
1931.667,0.003
1931.670,0.174
1931.673,0.255
1931.675,0.142
1931.678,0.073
1931.681,0.247
1931.684,0.257
1931.686,0.231
1931.689,0.334
1931.692,0.415
1931.695,0.244
1931.697,0.212
1931.700,0.268
1931.703,0.177
1931.705,-0.067
1931.708,-0.135
1931.711,-0.045
1931.714,0.256
1931.716,0.263
1931.719,0.308
1931.722,0.253
1931.725,0.271
1931.727,0.290
1931.730,0.258
1931.733,0.143
1931.736,0.142
1931.738,0.076
1931.741,0.260
1931.744,0.327
1931.747,0.360
1931.749,0.537
1931.752,0.491
1931.755,0.281
1931.758,0.276
1931.760,0.404
1931.763,0.507
1931.766,0.497
1931.768,0.501
1931.771,0.553
1931.774,0.461
1931.777,0.356
1931.779,0.269
1931.782,0.433
1931.785,0.538
1931.788,0.577
1931.790,0.581
1931.793,0.355
1931.796,0.335
1931.799,0.581
1931.801,0.629
1931.804,0.672
1931.807,0.783
1931.810,0.880
1931.812,0.878
1931.815,0.896
1931.818,0.870
1931.821,0.796
1931.823,0.810
1931.826,0.824
1931.829,0.715
1931.832,0.530
1931.834,0.587
1931.837,0.745
1931.840,0.936
1931.842,0.866
1931.845,0.752
1931.848,0.628
1931.851,0.705
1931.853,0.931
1931.856,0.780
1931.859,0.714
1931.862,0.615
1931.864,0.556
1931.867,0.376
1931.870,-0.045
1931.873,-0.396
1931.875,-0.637
1931.878,-0.531
1931.881,-0.802
1931.884,-0.874
1931.886,-0.741
1931.889,-0.652
1931.892,-0.611
1931.895,-0.537
1931.897,-0.520
1931.900,-0.590
1931.903,-0.519
1931.906,-0.401
1931.908,-0.400
1931.911,-0.444
1931.914,-0.563
1931.916,-0.670
1931.919,-0.586
1931.922,-0.241
1931.925,-0.421
1931.927,-0.464
1931.930,-0.431
1931.933,-0.498
1931.936,-0.486
1931.938,-0.411
1931.941,-0.497
1931.944,-0.392
1931.947,-0.429
1931.949,-0.472
1931.952,-0.160
1931.955,-0.236
1931.958,-0.147
1931.960,0.149
1931.963,0.220
1931.966,0.301
1931.969,0.341
1931.971,0.446
1931.974,0.529
1931.977,0.598
1931.979,0.631
1931.982,0.576
1931.985,0.604
1931.988,0.913
1931.990,1.133
1931.993,1.246
1931.996,1.249
1931.999,1.287
1932.001,1.112
1932.004,0.888
1932.007,0.696
1932.010,0.518
1932.012,0.373
1932.015,0.530
1932.018,0.496
1932.021,0.522
1932.023,0.834
1932.026,0.869
1932.029,1.236
1932.031,1.515
1932.034,1.021
1932.037,0.725
1932.040,0.646
1932.042,0.621
1932.045,0.900
1932.048,0.930
1932.051,0.928
1932.053,1.135
1932.056,1.465
1932.059,1.522
1932.062,1.474
1932.064,1.288
1932.067,0.998
1932.070,0.664
1932.072,0.476
1932.075,0.117
1932.078,-0.277
1932.081,-0.328
1932.083,-0.191
1932.086,-0.152
1932.089,0.006
1932.092,-0.118
1932.094,-0.219
1932.097,-0.198
1932.100,-0.629
1932.102,-0.977
1932.105,-0.982
1932.108,-0.679
1932.111,-0.597
1932.113,-0.614
1932.116,-0.750
1932.119,-0.816
1932.122,-0.742
1932.124,-0.632
1932.127,-0.655
1932.130,-0.683
1932.133,-0.649
1932.135,-0.677
1932.138,-0.449
1932.141,-0.468
1932.143,-0.536
1932.146,-0.679
1932.149,-0.439
1932.152,-0.008
1932.154,0.433
1932.157,0.781
1932.160,0.855
1932.163,0.698
1932.165,0.533
1932.168,0.247
1932.171,-0.112
1932.173,-0.076
1932.176,-0.262
1932.179,-0.732
1932.182,-0.963
1932.184,-1.325
1932.187,-1.522
1932.190,-1.364
1932.193,-1.282
1932.195,-1.094
1932.198,-0.980
1932.201,-0.777
1932.203,-0.359
1932.206,-0.310
1932.209,-0.194
1932.212,-0.087
1932.214,0.047
1932.217,-0.055
1932.220,-0.117
1932.223,-0.206
1932.225,-0.021
1932.228,0.397
1932.231,0.403
1932.234,0.345
1932.236,0.070
1932.239,-0.182
1932.242,-0.050
1932.245,-0.002
1932.247,0.208
1932.250,0.287
1932.253,0.411
1932.255,0.450
1932.258,0.476
1932.261,0.466
1932.264,0.614
1932.266,0.568
1932.269,0.592
1932.272,0.541
1932.275,0.593
1932.277,0.566
1932.280,0.481
1932.283,0.682
1932.286,0.563
1932.288,0.655
1932.291,0.643
1932.294,0.618
1932.297,0.536
1932.299,0.612
1932.302,0.681
1932.305,0.609
1932.307,0.593
1932.310,0.432
1932.313,0.301
1932.316,0.218
1932.318,0.278
1932.321,0.202
1932.324,0.248
1932.327,0.046
1932.329,-0.174
1932.332,-0.177
1932.335,-0.116
1932.337,-0.059
1932.340,0.124
1932.343,0.236
1932.346,0.372
1932.348,0.396
1932.351,0.186
1932.354,0.170
1932.357,0.065
1932.359,0.044
1932.362,0.064
1932.365,0.110
1932.367,-0.004
1932.370,-0.125
1932.373,-0.028
1932.376,-0.095
1932.378,0.013
1932.381,0.105
1932.384,0.108
1932.387,0.174
1932.389,-0.140
1932.392,-0.359
1932.395,-0.542
1932.398,-0.393
1932.400,-0.326
1932.403,-0.248
1932.406,-0.129
1932.408,-0.092
1932.411,-0.158
1932.414,-0.076
1932.417,-0.037
1932.419,0.087
1932.422,0.053
1932.425,-0.013
1932.428,0.070
1932.430,-0.009
1932.433,-0.145
1932.436,-0.298
1932.438,-0.177
1932.441,0.070
1932.444,0.084
1932.447,0.126
1932.449,0.261
1932.452,0.220
1932.455,0.032
1932.458,-0.204
1932.460,-0.308
1932.463,-0.305
1932.466,-0.230
1932.469,-0.241
1932.471,-0.290
1932.474,-0.257
1932.477,-0.182
1932.479,-0.311
1932.482,-0.254
1932.485,-0.235
1932.488,-0.099
1932.490,0.007
1932.493,0.006
1932.496,-0.015
1932.499,-0.019
1932.501,-0.155
1932.504,-0.279
1932.507,-0.180
1932.510,-0.094
1932.512,-0.100
1932.515,-0.006
1932.518,0.013
1932.521,0.008
1932.523,-0.009
1932.526,0.027
1932.529,0.123
1932.531,0.096
1932.534,0.041
1932.537,-0.049
1932.540,0.021
1932.542,-0.030
1932.545,-0.018
1932.548,0.024
1932.551,0.123
1932.553,0.081
1932.556,0.225
1932.559,0.262
1932.562,0.148
1932.564,0.160
1932.567,0.246
1932.570,0.196
1932.572,0.215
1932.575,0.103
1932.578,0.038
1932.581,-0.096
1932.583,-0.176
1932.586,-0.280
1932.589,-0.339
1932.592,-0.188
1932.594,-0.165
1932.597,-0.159
1932.600,-0.286
1932.602,-0.220
1932.605,-0.192
1932.608,-0.192
1932.611,-0.200
1932.613,-0.296
1932.616,-0.310
1932.619,-0.271
1932.622,-0.273
1932.624,-0.199
1932.627,-0.257
1932.630,-0.242
1932.633,-0.144
1932.635,-0.038
1932.638,0.064
1932.641,0.202
1932.643,0.263
1932.646,0.263
1932.649,0.268
1932.652,0.190
1932.654,0.136
1932.657,0.007
1932.660,-0.036
1932.663,-0.174
1932.665,-0.291
1932.668,-0.315
1932.671,-0.139
1932.673,-0.169
1932.676,0.018
1932.679,0.086
1932.682,0.034
1932.684,-0.133
1932.687,0.002
1932.690,-0.038
1932.693,0.018
1932.695,0.126
1932.698,0.017
1932.701,0.068
1932.703,0.244
1932.706,0.249
1932.709,0.326
1932.712,0.261
1932.714,0.189
1932.717,0.235
1932.720,0.283
1932.723,0.150
1932.725,0.152
1932.728,0.191
1932.731,0.168
1932.734,0.198
1932.736,0.391
1932.739,0.424
1932.742,0.632
1932.745,0.565
1932.747,0.598
1932.750,0.631
1932.753,0.585
1932.755,0.539
1932.758,0.391
1932.761,0.222
1932.764,0.243
1932.766,0.132
1932.769,0.070
1932.772,0.062
1932.775,0.283
1932.777,0.312
1932.780,0.211
1932.783,0.067
1932.786,0.069
1932.788,0.218
1932.791,0.220
1932.794,0.195
1932.797,0.153
1932.799,0.328
1932.802,0.312
1932.805,0.361
1932.807,0.641
1932.810,0.526
1932.813,0.602
1932.816,0.587
1932.818,0.541
1932.821,0.537
1932.824,0.449
1932.827,0.390
1932.829,0.371
1932.832,0.182
1932.835,0.045
1932.837,0.030
1932.840,-0.079
1932.843,-0.203
1932.846,0.033
1932.848,0.076
1932.851,-0.021
1932.854,-0.058
1932.857,-0.003
1932.859,-0.088
1932.862,-0.346
1932.865,-0.814
1932.867,-0.971
1932.870,-0.953
1932.873,-0.877
1932.876,-0.939
1932.878,-0.496
1932.881,-0.422
1932.884,-0.340
1932.887,-0.456
1932.889,-0.785
1932.892,-1.013
1932.895,-0.931
1932.898,-0.713
1932.900,-0.481
1932.903,-0.563
1932.906,-0.430
1932.908,-0.159
1932.911,-0.185
1932.914,-0.146
1932.917,-0.164
1932.919,-0.004
1932.922,0.306
1932.925,0.398
1932.928,0.379
1932.930,0.129
1932.933,-0.341
1932.936,-0.709
1932.938,-0.866
1932.941,-0.788
1932.944,-0.571
1932.947,-0.353
1932.949,-0.227
1932.952,-0.314
1932.955,-0.533
1932.958,-0.530
1932.960,-0.580
1932.963,-0.749
1932.966,-0.730
1932.969,-0.282
1932.971,-0.248
1932.974,-0.122
1932.977,-0.137
1932.979,-0.559
1932.982,-0.652
1932.985,-0.732
1932.988,-0.857
1932.990,-0.946
1932.993,-0.815
1932.996,-0.701
1932.999,-0.738
1933.001,-0.784
1933.004,-0.486
1933.007,-0.423
1933.010,-0.264
1933.012,-0.354
1933.015,-0.454
1933.018,-0.635
1933.021,-0.790
1933.023,-0.843
1933.026,-0.934
1933.029,-0.954
1933.031,-0.989
1933.034,-0.812
1933.037,-0.435
1933.040,-0.608
1933.042,-0.774
1933.045,-0.861
1933.048,-0.700
1933.051,-0.530
1933.053,-0.487
1933.056,-0.407
1933.059,-0.673
1933.062,-0.937
1933.064,-0.872
1933.067,-0.801
1933.070,-0.811
1933.073,-0.637
1933.075,-0.450
1933.078,-0.553
1933.081,-0.440
1933.084,-0.342
1933.086,-0.531
1933.089,-0.712
1933.092,-0.867
1933.094,-0.914
1933.097,-0.964
1933.100,-1.140
1933.103,-1.193
1933.105,-1.187
1933.108,-0.971
1933.111,-0.868
1933.114,-0.667
1933.116,-0.463
1933.119,-0.492
1933.122,-0.448
1933.125,-0.455
1933.127,-0.208
1933.130,-0.225
1933.133,-0.185
1933.136,-0.192
1933.138,-0.262
1933.141,-0.636
1933.144,-0.850
1933.147,-0.754
1933.149,-0.657
1933.152,-0.620
1933.155,-0.799
1933.158,-0.792
1933.160,-0.570
1933.163,-0.413
1933.166,-0.602
1933.168,-0.667
1933.171,-0.749
1933.174,-0.925
1933.177,-0.929
1933.179,-0.687
1933.182,-0.696
1933.185,-0.726
1933.188,-0.852
1933.190,-0.785
1933.193,-0.637
1933.196,-0.325
1933.199,-0.219
1933.201,-0.037
1933.204,0.166
1933.207,0.374
1933.210,0.236
1933.212,-0.053
1933.215,-0.025
1933.218,-0.170
1933.221,-0.359
1933.223,-0.535
1933.226,-0.513
1933.229,-0.410
1933.232,-0.180
1933.234,-0.245
1933.237,-0.135
1933.240,-0.077
1933.242,0.171
1933.245,0.298
1933.248,0.133
1933.251,0.002
1933.253,0.058
1933.256,0.119
1933.259,-0.131
1933.262,-0.233
1933.264,-0.279
1933.267,-0.312
1933.270,-0.180
1933.273,-0.058
1933.275,-0.106
1933.278,-0.261
1933.281,-0.265
1933.284,-0.310
1933.286,-0.162
1933.289,-0.005
1933.292,0.031
1933.295,0.060
1933.297,-0.016
1933.300,-0.141
1933.303,-0.039
1933.305,-0.029
1933.308,-0.115
1933.311,0.013
1933.314,-0.072
1933.316,-0.065
1933.319,-0.049
1933.322,0.139
1933.325,0.140
1933.327,0.010
1933.330,0.149
1933.333,0.127
1933.336,0.118
1933.338,-0.170
1933.341,-0.295
1933.344,-0.220
1933.347,-0.293
1933.349,-0.162
1933.352,-0.022
1933.355,0.050
1933.358,-0.151
1933.360,-0.192
1933.363,-0.130
1933.366,-0.114
1933.369,-0.130
1933.371,-0.164
1933.374,-0.151
1933.377,-0.192
1933.379,-0.323
1933.382,-0.224
1933.385,-0.079
1933.388,-0.129
1933.390,-0.206
1933.393,-0.419
1933.396,-0.373
1933.399,-0.392
1933.401,-0.251
1933.404,-0.405
1933.407,-0.296
1933.410,-0.256
1933.412,-0.344
1933.415,-0.382
1933.418,-0.396
1933.421,-0.525
1933.423,-0.468
1933.426,-0.419
1933.429,-0.391
1933.432,-0.357
1933.434,-0.268
1933.437,-0.076
1933.440,-0.207
1933.443,-0.236
1933.445,-0.275
1933.448,-0.393
1933.451,-0.612
1933.453,-0.426
1933.456,-0.217
1933.459,-0.235
1933.462,-0.375
1933.464,-0.195
1933.467,-0.109
1933.470,-0.225
1933.473,-0.145
1933.475,-0.384
1933.478,-0.371
1933.481,-0.207
1933.484,-0.309
1933.486,-0.261
1933.489,-0.233
1933.492,-0.309
1933.495,-0.292
1933.497,-0.294
1933.500,-0.275
1933.503,-0.194
1933.505,-0.197
1933.508,-0.073
1933.511,0.107
1933.514,0.073
1933.516,-0.163
1933.519,-0.185
1933.522,-0.198
1933.525,-0.030
1933.527,0.035
1933.530,0.128
1933.533,-0.121
1933.536,-0.228
1933.538,-0.234
1933.541,-0.182
1933.544,-0.279
1933.547,-0.176
1933.549,-0.220
1933.552,-0.024
1933.555,0.043
1933.557,0.065
1933.560,-0.002
1933.563,0.012
1933.566,0.118
1933.568,0.039
1933.571,-0.099
1933.574,-0.239
1933.577,-0.159
1933.579,-0.162
1933.582,-0.114
1933.585,-0.216
1933.588,-0.259
1933.590,-0.164
1933.593,-0.133
1933.596,-0.080
1933.599,-0.013
1933.601,-0.020
1933.604,-0.062
1933.607,-0.019
1933.610,-0.035
1933.612,0.017
1933.615,-0.130
1933.618,-0.027
1933.621,-0.235
1933.623,-0.167
1933.626,0.015
1933.629,-0.009
1933.631,-0.081
1933.634,-0.121
1933.637,-0.066
1933.640,-0.078
1933.642,-0.109
1933.645,-0.134
1933.648,-0.154
1933.651,-0.226
1933.653,-0.234
1933.656,-0.045
1933.659,-0.005
1933.662,0.010
1933.664,0.063
1933.667,-0.178
1933.670,-0.337
1933.673,-0.316
1933.675,-0.251
1933.678,-0.231
1933.681,-0.228
1933.684,-0.212
1933.686,-0.161
1933.689,-0.193
1933.692,-0.325
1933.695,-0.394
1933.697,-0.318
1933.700,-0.281
1933.703,-0.245
1933.705,-0.148
1933.708,-0.065
1933.711,0.023
1933.714,-0.139
1933.716,-0.373
1933.719,-0.429
1933.722,-0.555
1933.725,-0.589
1933.727,-0.635
1933.730,-0.534
1933.733,-0.488
1933.736,-0.233
1933.738,-0.342
1933.741,-0.319
1933.744,-0.297
1933.747,-0.273
1933.749,-0.323
1933.752,-0.280
1933.755,-0.244
1933.758,-0.045
1933.760,-0.004
1933.763,0.081
1933.766,0.173
1933.768,-0.014
1933.771,-0.089
1933.774,0.019
1933.777,0.031
1933.779,-0.049
1933.782,0.024
1933.785,0.210
1933.788,0.300
1933.790,0.126
1933.793,0.079
1933.796,0.037
1933.799,-0.106
1933.801,-0.257
1933.804,-0.392
1933.807,-0.416
1933.810,-0.436
1933.812,-0.566
1933.815,-0.818
1933.818,-0.744
1933.821,-0.416
1933.823,0.002
1933.826,-0.001
1933.829,0.039
1933.832,-0.029
1933.834,-0.044
1933.837,-0.350
1933.840,-0.463
1933.842,-0.597
1933.845,-0.582
1933.848,-0.521
1933.851,-0.549
1933.853,-0.381
1933.856,-0.315
1933.859,-0.197
1933.862,-0.068
1933.864,-0.070
1933.867,0.001
1933.870,0.113
1933.873,-0.115
1933.875,-0.097
1933.878,-0.042
1933.881,-0.427
1933.884,-0.485
1933.886,-0.306
1933.889,-0.327
1933.892,-0.406
1933.895,-0.526
1933.897,-0.579
1933.900,-0.609
1933.903,-0.662
1933.906,-0.737
1933.908,-0.886
1933.911,-0.785
1933.914,-0.719
1933.916,-0.790
1933.919,-0.989
1933.922,-1.175
1933.925,-1.021
1933.927,-0.801
1933.930,-0.842
1933.933,-0.711
1933.936,-0.643
1933.938,-0.689
1933.941,-0.667
1933.944,-0.911
1933.947,-1.009
1933.949,-0.923
1933.952,-0.739
1933.955,-0.864
1933.958,-0.858
1933.960,-0.574
1933.963,-0.445
1933.966,-0.206
1933.969,-0.043
1933.971,0.001
1933.974,-0.196
1933.977,-0.447
1933.979,-0.529
1933.982,-0.861
1933.985,-1.228
1933.988,-1.584
1933.990,-1.701
1933.993,-1.493
1933.996,-1.142
1933.999,-0.934
1934.001,-1.117
1934.004,-1.287
1934.007,-0.972
1934.010,-0.532
1934.012,-0.205
1934.015,-0.135
1934.018,-0.366
1934.021,-0.302
1934.023,-0.179
1934.026,-0.116
1934.029,-0.268
1934.031,-0.283
1934.034,-0.312
1934.037,-0.148
1934.040,-0.337
1934.042,-0.386
1934.045,-0.406
1934.048,-0.521
1934.051,-0.557
1934.053,-0.349
1934.056,-0.302
1934.059,-0.298
1934.062,-0.246
1934.064,-0.357
1934.067,-0.258
1934.070,-0.100
1934.073,0.133
1934.075,0.023
1934.078,-0.176
1934.081,0.004
1934.084,0.109
1934.086,0.261
1934.089,0.331
1934.092,0.377
1934.094,0.501
1934.097,0.597
1934.100,0.677
1934.103,0.851
1934.105,1.004
1934.108,0.842
1934.111,1.138
1934.114,1.302
1934.116,1.270
1934.119,1.029
1934.122,0.675
1934.125,0.598
1934.127,0.471
1934.130,0.317
1934.133,0.112
1934.136,-0.034
1934.138,-0.039
1934.141,-0.035
1934.144,-0.246
1934.147,-0.199
1934.149,-0.112
1934.152,-0.226
1934.155,-0.429
1934.158,-0.531
1934.160,-0.415
1934.163,-0.194
1934.166,0.207
1934.168,0.565
1934.171,0.361
1934.174,0.015
1934.177,-0.108
1934.179,-0.372
1934.182,-0.630
1934.185,-0.623
1934.188,-0.499
1934.190,-0.364
1934.193,-0.112
1934.196,0.024
1934.199,-0.008
1934.201,-0.145
1934.204,-0.367
1934.207,-0.444
1934.210,-0.545
1934.212,-0.362
1934.215,-0.165
1934.218,-0.426
1934.221,-0.648
1934.223,-0.960
1934.226,-1.149
1934.229,-1.137
1934.232,-1.155
1934.234,-1.157
1934.237,-1.133
1934.240,-0.953
1934.242,-0.717
1934.245,-0.484
1934.248,-0.514
1934.251,-0.553
1934.253,-0.503
1934.256,-0.440
1934.259,-0.280
1934.262,-0.310
1934.264,-0.202
1934.267,-0.356
1934.270,-0.291
1934.273,-0.251
1934.275,-0.125
1934.278,-0.019
1934.281,-0.050
1934.284,-0.052
1934.286,-0.027
1934.289,0.039
1934.292,0.067
1934.295,0.089
1934.297,0.034
1934.300,-0.183
1934.303,-0.449
1934.305,-0.421
1934.308,-0.308
1934.311,-0.149
1934.314,-0.235
1934.316,-0.282
1934.319,-0.287
1934.322,-0.362
1934.325,-0.341
1934.327,-0.135
1934.330,-0.015
1934.333,0.311
1934.336,0.373
1934.338,0.429
1934.341,0.404
1934.344,0.209
1934.347,0.289
1934.349,0.213
1934.352,0.123
1934.355,0.050
1934.358,0.050
1934.360,0.074
1934.363,0.002
1934.366,0.090
1934.369,0.129
1934.371,0.390
1934.374,0.438
1934.377,0.399
1934.379,0.469
1934.382,0.502
1934.385,0.517
1934.388,0.334
1934.390,0.269
1934.393,0.293
1934.396,0.200
1934.399,0.130
1934.401,0.067
1934.404,-0.039
1934.407,0.133
1934.410,0.159
1934.412,0.089
1934.415,0.049
1934.418,-0.006
1934.421,-0.098
1934.423,-0.065
1934.426,-0.117
1934.429,-0.147
1934.432,-0.143
1934.434,-0.099
1934.437,-0.039
1934.440,-0.049
1934.443,0.004
1934.445,0.065
1934.448,0.044
1934.451,-0.007
1934.453,-0.146
1934.456,-0.024
1934.459,0.004
1934.462,-0.075
1934.464,-0.018
1934.467,-0.128
1934.470,-0.008
1934.473,-0.061
1934.475,0.027
1934.478,-0.010
1934.481,-0.081
1934.484,-0.051
1934.486,-0.075
1934.489,-0.036
1934.492,-0.005
1934.495,0.041
1934.497,0.006
1934.500,0.015
1934.503,0.028
1934.505,-0.004
1934.508,-0.006
1934.511,-0.013
1934.514,-0.021
1934.516,-0.143
1934.519,-0.034
1934.522,-0.018
1934.525,-0.109
1934.527,-0.011
1934.530,0.157
1934.533,0.084
1934.536,0.186
1934.538,0.143
1934.541,0.171
1934.544,0.133
1934.547,0.048
1934.549,0.019
1934.552,0.106
1934.555,0.142
1934.557,0.251
1934.560,0.345
1934.563,0.070
1934.566,0.031
1934.568,-0.014
1934.571,-0.049
1934.574,-0.102
1934.577,0.015
1934.579,0.112
1934.582,-0.010
1934.585,-0.070
1934.588,-0.043
1934.590,-0.050
1934.593,-0.248
1934.596,-0.249
1934.599,-0.151
1934.601,-0.126
1934.604,0.054
1934.607,-0.055
1934.610,-0.116
1934.612,-0.180
1934.615,0.009
1934.618,-0.034
1934.621,0.007
1934.623,-0.011
1934.626,0.117
1934.629,0.053
1934.631,-0.015
1934.634,-0.171
1934.637,-0.155
1934.640,-0.292
1934.642,-0.255
1934.645,-0.212
1934.648,-0.029
1934.651,-0.017
1934.653,0.005
1934.656,-0.083
1934.659,-0.349
1934.662,-0.446
1934.664,-0.391
1934.667,-0.383
1934.670,-0.354
1934.673,-0.356
1934.675,-0.208
1934.678,-0.259
1934.681,-0.410
1934.684,-0.482
1934.686,-0.567
1934.689,-0.498
1934.692,-0.341
1934.695,-0.379
1934.697,-0.303
1934.700,-0.370
1934.703,-0.306
1934.705,-0.448
1934.708,-0.389
1934.711,-0.369
1934.714,-0.480
1934.716,-0.479
1934.719,-0.508
1934.722,-0.548
1934.725,-0.621
1934.727,-0.555
1934.730,-0.409
1934.733,-0.415
1934.736,-0.446
1934.738,-0.362
1934.741,-0.444
1934.744,-0.342
1934.747,-0.443
1934.749,-0.607
1934.752,-0.512
1934.755,-0.335
1934.758,-0.279
1934.760,-0.127
1934.763,-0.192
1934.766,-0.122
1934.768,-0.078
1934.771,-0.191
1934.774,-0.299
1934.777,-0.323
1934.779,-0.365
1934.782,-0.380
1934.785,-0.238
1934.788,-0.077
1934.790,-0.004
1934.793,0.094
1934.796,0.210
1934.799,0.304
1934.801,0.436
1934.804,0.448
1934.807,0.363
1934.810,0.366
1934.812,0.304
1934.815,0.452
1934.818,0.404
1934.821,0.499
1934.823,0.559
1934.826,0.543
1934.829,0.568
1934.832,0.642
1934.834,0.508
1934.837,0.525
1934.840,0.478
1934.842,0.378
1934.845,0.468
1934.848,0.555
1934.851,0.486
1934.853,0.310
1934.856,0.136
1934.859,0.200
1934.862,0.170
1934.864,0.172
1934.867,0.146
1934.870,-0.099
1934.873,-0.095
1934.875,-0.301
1934.878,-0.418
1934.881,-0.277
1934.884,-0.179
1934.886,-0.126
1934.889,-0.191
1934.892,-0.389
1934.895,-0.352
1934.897,-0.461
1934.900,-0.348
1934.903,-0.140
1934.906,-0.113
1934.908,0.068
1934.911,0.319
1934.914,0.412
1934.916,0.548
1934.919,0.529
1934.922,0.482
1934.925,0.561
1934.927,0.561
1934.930,0.791
1934.933,0.525
1934.936,0.377
1934.938,0.478
1934.941,0.481
1934.944,0.414
1934.947,0.661
1934.949,0.802
1934.952,0.800
1934.955,0.732
1934.958,0.676
1934.960,0.384
1934.963,-0.055
1934.966,-0.300
1934.969,-0.281
1934.971,-0.179
1934.974,-0.354
1934.977,-0.749
1934.979,-0.895
1934.982,-0.672
1934.985,-0.757
1934.988,-0.783
1934.990,-0.856
1934.993,-0.844
1934.996,-0.970
1934.999,-1.117
1935.001,-1.339
1935.004,-1.178
1935.007,-1.432
1935.010,-1.626
1935.012,-1.797
1935.015,-1.660
1935.018,-1.318
1935.021,-0.849
1935.023,-0.745
1935.026,-0.322
1935.029,-0.505
1935.031,-0.853
1935.034,-0.828
1935.037,-0.957
1935.040,-0.920
1935.042,-1.015
1935.045,-1.054
1935.048,-1.324
1935.051,-1.404
1935.053,-1.197
1935.056,-0.951
1935.059,-0.588
1935.062,-0.567
1935.064,-0.165
1935.067,0.248
1935.070,0.348
1935.073,0.518
1935.075,0.703
1935.078,0.700
1935.081,0.860
1935.084,0.944
1935.086,1.043
1935.089,1.270
1935.092,1.021
1935.094,0.811
1935.097,0.564
1935.100,0.640
1935.103,0.579
1935.105,0.421
1935.108,0.296
1935.111,0.452
1935.114,0.496
1935.116,0.563
1935.119,0.737
1935.122,0.868
1935.125,0.807
1935.127,0.570
1935.130,0.735
1935.133,1.048
1935.136,0.967
1935.138,0.897
1935.141,0.967
1935.144,0.978
1935.147,1.023
1935.149,1.130
1935.152,0.849
1935.155,0.646
1935.158,0.393
1935.160,0.498
1935.163,0.784
1935.166,0.963
1935.168,0.842
1935.171,0.598
1935.174,0.261
1935.177,0.101
1935.179,-0.030
1935.182,-0.103
1935.185,-0.018
1935.188,0.046
1935.190,0.132
1935.193,0.235
1935.196,0.172
1935.199,-0.065
1935.201,-0.159
1935.204,-0.152
1935.207,-0.227
1935.210,-0.208
1935.212,-0.016
1935.215,-0.047
1935.218,0.065
1935.221,-0.190
1935.223,-0.261
1935.226,-0.160
1935.229,-0.167
1935.232,-0.323
1935.234,-0.356
1935.237,-0.353
1935.240,-0.215
1935.242,-0.248
1935.245,-0.285
1935.248,-0.199
1935.251,-0.242
1935.253,-0.386
1935.256,-0.280
1935.259,-0.311
1935.262,-0.393
1935.264,-0.624
1935.267,-0.557
1935.270,-0.532
1935.273,-0.418
1935.275,-0.247
1935.278,-0.509
1935.281,-0.780
1935.284,-0.703
1935.286,-0.656
1935.289,-0.676
1935.292,-0.521
1935.295,-0.245
1935.297,-0.083
1935.300,-0.066
1935.303,-0.158
1935.305,-0.227
1935.308,-0.295
1935.311,-0.346
1935.314,-0.621
1935.316,-0.572
1935.319,-0.408
1935.322,-0.493
1935.325,-0.386
1935.327,-0.503
1935.330,-0.529
1935.333,-0.464
1935.336,-0.527
1935.338,-0.538
1935.341,-0.392
1935.344,-0.287
1935.347,-0.302
1935.349,-0.334
1935.352,-0.323
1935.355,-0.357
1935.358,-0.388
1935.360,-0.381
1935.363,-0.334
1935.366,-0.234
1935.369,-0.191
1935.371,-0.122
1935.374,-0.353
1935.377,-0.607
1935.379,-0.578
1935.382,-0.549
1935.385,-0.437
1935.388,-0.459
1935.390,-0.496
1935.393,-0.391
1935.396,-0.368
1935.399,-0.178
1935.401,-0.184
1935.404,-0.182
1935.407,-0.164
1935.410,-0.127
1935.412,-0.228
1935.415,-0.215
1935.418,-0.369
1935.421,-0.292
1935.423,-0.241
1935.426,-0.064
1935.429,0.028
1935.432,-0.047
1935.434,0.021
1935.437,0.045
1935.440,0.106
1935.443,0.114
1935.445,0.123
1935.448,-0.022
1935.451,0.092
1935.453,-0.002
1935.456,-0.001
1935.459,-0.225
1935.462,-0.296
1935.464,-0.156
1935.467,-0.232
1935.470,-0.306
1935.473,-0.259
1935.475,-0.337
1935.478,-0.388
1935.481,-0.500
1935.484,-0.309
1935.486,-0.132
1935.489,0.064
1935.492,-0.144
1935.495,-0.207
1935.497,-0.229
1935.500,-0.123
1935.503,-0.060
1935.505,-0.008
1935.508,-0.111
1935.511,-0.108
1935.514,-0.071
1935.516,-0.050
1935.519,0.040
1935.522,0.058
1935.525,0.032
1935.527,0.206
1935.530,0.232
1935.533,0.233
1935.536,0.203
1935.538,0.116
1935.541,0.017
1935.544,-0.034
1935.547,-0.084
1935.549,0.050
1935.552,-0.011
1935.555,-0.062
1935.557,0.038
1935.560,-0.030
1935.563,-0.156
1935.566,-0.265
1935.568,-0.153
1935.571,-0.082
1935.574,-0.007
1935.577,0.109
1935.579,0.180
1935.582,0.149
1935.585,0.091
1935.588,0.104
1935.590,-0.137
1935.593,-0.078
1935.596,-0.014
1935.599,-0.010
1935.601,-0.064
1935.604,-0.055
1935.607,0.143
1935.610,0.143
1935.612,0.032
1935.615,0.027
1935.618,0.071
1935.621,-0.030
1935.623,-0.110
1935.626,-0.036
1935.629,0.118
1935.631,-0.006
1935.634,-0.069
1935.637,-0.133
1935.640,-0.152
1935.642,-0.330
1935.645,-0.438
1935.648,-0.454
1935.651,-0.272
1935.653,-0.193
1935.656,-0.241
1935.659,-0.256
1935.662,-0.308
1935.664,-0.347
1935.667,-0.281
1935.670,-0.123
1935.673,-0.177
1935.675,-0.303
1935.678,-0.326
1935.681,-0.322
1935.684,-0.332
1935.686,-0.344
1935.689,-0.402
1935.692,-0.628
1935.695,-0.574
1935.697,-0.608
1935.700,-0.416
1935.703,-0.314
1935.705,-0.206
1935.708,-0.325
1935.711,-0.308
1935.714,-0.193
1935.716,-0.170
1935.719,-0.067
1935.722,-0.024
1935.725,0.103
1935.727,0.144
1935.730,0.189
1935.733,0.233
1935.736,0.139
1935.738,0.047
1935.741,0.153
1935.744,0.092
1935.747,0.087
1935.749,0.000
1935.752,0.005
1935.755,0.067
1935.758,-0.015
1935.760,0.066
1935.763,0.146
1935.766,0.170
1935.768,0.122
1935.771,0.083
1935.774,0.093
1935.777,0.082
1935.779,0.182
1935.782,0.304
1935.785,0.473
1935.788,0.503
1935.790,0.438
1935.793,0.557
1935.796,0.470
1935.799,0.279
1935.801,0.053
1935.804,-0.002
1935.807,-0.050
1935.810,-0.140
1935.812,-0.148
1935.815,-0.126
1935.818,-0.047
1935.821,-0.111
1935.823,-0.112
1935.826,-0.233
1935.829,-0.283
1935.832,-0.423
1935.834,-0.441
1935.837,-0.603
1935.840,-0.752
1935.842,-0.573
1935.845,-0.509
1935.848,-0.364
1935.851,-0.252
1935.853,-0.423
1935.856,-0.603
1935.859,-0.738
1935.862,-1.059
1935.864,-1.153
1935.867,-1.230
1935.870,-1.282
1935.873,-1.140
1935.875,-1.054
1935.878,-1.032
1935.881,-0.949
1935.884,-1.064
1935.886,-1.081
1935.889,-1.206
1935.892,-1.122
1935.895,-1.328
1935.897,-1.313
1935.900,-1.096
1935.903,-0.994
1935.906,-0.852
1935.908,-0.740
1935.911,-0.878
1935.914,-0.748
1935.916,-0.597
1935.919,-0.766
1935.922,-0.871
1935.925,-0.878
1935.927,-0.924
1935.930,-1.013
1935.933,-0.814
1935.936,-0.749
1935.938,-0.988
1935.941,-0.845
1935.944,-0.725
1935.947,-0.532
1935.949,-0.332
1935.952,-0.373
1935.955,-0.312
1935.958,-0.271
1935.960,-0.229
1935.963,-0.226
1935.966,-0.175
1935.969,0.020
1935.971,-0.039
1935.974,-0.117
1935.977,-0.249
1935.979,-0.249
1935.982,-0.550
1935.985,-0.765
1935.988,-0.512
1935.990,-0.310
1935.993,-0.313
1935.996,-0.509
1935.999,-0.489
1936.001,-0.390
1936.004,-0.330
1936.007,-0.272
1936.010,-0.405
1936.012,-0.597
1936.015,-0.623
1936.018,-0.716
1936.021,-0.476
1936.023,-0.270
1936.026,-0.246
1936.029,-0.260
1936.031,-0.508
1936.034,-0.614
1936.037,-0.650
1936.040,-0.649
1936.042,-0.548
1936.045,-0.709
1936.048,-0.882
1936.051,-1.078
1936.053,-0.953
1936.056,-0.583
1936.059,-0.390
1936.062,-0.553
1936.064,-0.625
1936.067,-0.656
1936.070,-0.668
1936.072,-0.787
1936.075,-0.781
1936.078,-0.876
1936.081,-1.067
1936.083,-1.160
1936.086,-1.028
1936.089,-0.893
1936.092,-0.718
1936.094,-0.674
1936.097,-0.764
1936.100,-0.851
1936.102,-1.052
1936.105,-1.147
1936.108,-0.903
1936.111,-0.621
1936.113,-0.587
1936.116,-0.478
1936.119,-0.402
1936.122,-0.426
1936.124,-0.475
1936.127,-0.571
1936.130,-0.679
1936.133,-0.991
1936.135,-1.152
1936.138,-1.095
1936.141,-0.980
1936.143,-0.986
1936.146,-0.852
1936.149,-1.030
1936.152,-0.918
1936.154,-0.925
1936.157,-0.921
1936.160,-1.124
1936.163,-0.954
1936.165,-0.790
1936.168,-0.599
1936.171,-0.475
1936.173,-0.291
1936.176,-0.164
1936.179,-0.082
1936.182,0.031
1936.184,0.001
1936.187,0.072
1936.190,-0.182
1936.193,-0.218
1936.195,-0.264
1936.198,-0.268
1936.201,-0.321
1936.203,-0.501
1936.206,-0.437
1936.209,-0.351
1936.212,0.035
1936.214,0.054
1936.217,-0.029
1936.220,-0.088
1936.223,-0.203
1936.225,-0.424
1936.228,-0.539
1936.231,-0.611
1936.234,-0.561
1936.236,-0.542
1936.239,-0.405
1936.242,-0.338
1936.245,-0.297
1936.247,-0.478
1936.250,-0.528
1936.253,-0.415
1936.255,-0.755
1936.258,-0.720
1936.261,-0.794
1936.264,-0.782
1936.266,-0.637
1936.269,-0.578
1936.272,-0.223
1936.275,0.107
1936.277,0.299
1936.280,0.358
1936.283,0.257
1936.286,0.510
1936.288,0.761
1936.291,0.705
1936.294,0.475
1936.297,0.251
1936.299,0.096
1936.302,-0.051
1936.305,-0.165
1936.307,-0.340
1936.310,-0.437
1936.313,-0.226
1936.316,-0.118
1936.318,-0.056
1936.321,-0.126
1936.324,-0.063
1936.327,-0.152
1936.329,-0.054
1936.332,-0.213
1936.335,-0.249
1936.337,-0.124
1936.340,-0.054
1936.343,-0.050
1936.346,-0.195
1936.348,-0.148
1936.351,0.062
1936.354,0.201
1936.357,0.136
1936.359,-0.040
1936.362,0.006
1936.365,-0.024
1936.367,-0.036
1936.370,-0.258
1936.373,-0.294
1936.376,-0.350
1936.378,-0.163
1936.381,-0.143
1936.384,-0.391
1936.387,-0.254
1936.389,-0.078
1936.392,0.038
1936.395,0.217
1936.398,0.202
1936.400,0.194
1936.403,0.219
1936.406,0.170
1936.408,-0.024
1936.411,0.068
1936.414,0.126
1936.417,-0.013
1936.419,-0.003
1936.422,-0.074
1936.425,-0.074
1936.428,-0.120
1936.430,-0.016
1936.433,0.007
1936.436,-0.035
1936.438,-0.021
1936.441,-0.107
1936.444,-0.194
1936.447,-0.100
1936.449,-0.207
1936.452,-0.146
1936.455,-0.177
1936.458,-0.277
1936.460,-0.225
1936.463,-0.102
1936.466,0.129
1936.469,0.157
1936.471,-0.033
1936.474,-0.147
1936.477,-0.142
1936.479,-0.136
1936.482,-0.229
1936.485,-0.029
1936.488,-0.013
1936.490,0.052
1936.493,0.077
1936.496,0.072
1936.499,0.135
1936.501,0.152
1936.504,0.140
1936.507,0.191
1936.510,0.084
1936.512,0.104
1936.515,0.071
1936.518,-0.005
1936.521,0.180
1936.523,0.231
1936.526,0.252
1936.529,0.251
1936.531,0.349
1936.534,0.273
1936.537,0.252
1936.540,0.226
1936.542,0.380
1936.545,0.312
1936.548,0.288
1936.551,0.351
1936.553,0.399
1936.556,0.517
1936.559,0.621
1936.562,0.612
1936.564,0.512
1936.567,0.400
1936.570,0.284
1936.572,0.261
1936.575,0.266
1936.578,0.153
1936.581,0.143
1936.583,0.213
1936.586,0.375
1936.589,0.264
1936.592,0.085
1936.594,0.023
1936.597,0.014
1936.600,0.032
1936.602,0.174
1936.605,0.278
1936.608,0.118
1936.611,-0.009
1936.613,-0.009
1936.616,0.046
1936.619,0.196
1936.622,0.213
1936.624,0.085
1936.627,0.101
1936.630,0.014
1936.633,0.032
1936.635,-0.074
1936.638,-0.197
1936.641,-0.137
1936.643,-0.095
1936.646,-0.266
1936.649,-0.349
1936.652,-0.342
1936.654,-0.264
1936.657,-0.229
1936.660,-0.287
1936.663,-0.327
1936.665,-0.252
1936.668,-0.305
1936.671,-0.269
1936.673,-0.055
1936.676,-0.189
1936.679,-0.141
1936.682,-0.026
1936.684,0.001
1936.687,-0.204
1936.690,-0.295
1936.693,-0.230
1936.695,-0.170
1936.698,-0.224
1936.701,-0.228
1936.703,-0.201
1936.706,-0.288
1936.709,-0.336
1936.712,-0.399
1936.714,-0.338
1936.717,-0.121
1936.720,0.054
1936.723,0.185
1936.725,0.265
1936.728,0.125
1936.731,0.078
1936.734,-0.166
1936.736,-0.256
1936.739,-0.143
1936.742,0.002
1936.745,0.003
1936.747,0.063
1936.750,0.075
1936.753,0.082
1936.755,0.022
1936.758,0.063
1936.761,0.131
1936.764,0.268
1936.766,0.184
1936.769,0.175
1936.772,0.119
1936.775,-0.031
1936.777,-0.106
1936.780,-0.189
1936.783,-0.004
1936.786,0.106
1936.788,0.113
1936.791,0.325
1936.794,0.566
1936.797,0.553
1936.799,0.487
1936.802,0.181
1936.805,0.072
1936.807,0.058
1936.810,0.011
1936.813,0.128
1936.816,0.241
1936.818,0.169
1936.821,0.059
1936.824,0.191
1936.827,0.115
1936.829,-0.084
1936.832,-0.264
1936.835,-0.349
1936.837,-0.559
1936.840,-0.539
1936.843,-0.540
1936.846,-0.564
1936.848,-0.333
1936.851,-0.206
1936.854,-0.090
1936.857,-0.177
1936.859,-0.296
1936.862,-0.156
1936.865,0.031
1936.867,0.037
1936.870,0.102
1936.873,-0.045
1936.876,-0.223
1936.878,-0.136
1936.881,-0.165
1936.884,-0.151
1936.887,-0.144
1936.889,-0.014
1936.892,0.000
1936.895,0.115
1936.898,0.282
1936.900,0.347
1936.903,0.340
1936.906,0.217
1936.908,0.200
1936.911,0.167
1936.914,0.090
1936.917,0.157
1936.919,0.133
1936.922,-0.081
1936.925,-0.267
1936.928,-0.266
1936.930,-0.398
1936.933,-0.506
1936.936,-0.383
1936.938,-0.094
1936.941,0.087
1936.944,0.081
1936.947,-0.250
1936.949,-0.227
1936.952,-0.238
1936.955,0.039
1936.958,0.391
1936.960,0.294
1936.963,0.074
1936.966,0.179
1936.969,0.107
1936.971,0.125
1936.974,-0.013
1936.977,0.164
1936.979,0.279
1936.982,0.275
1936.985,0.359
1936.988,0.347
1936.990,0.259
1936.993,0.224
1936.996,-0.011
1936.999,-0.018
1937.001,-0.207
1937.004,-0.217
1937.007,-0.136
1937.010,-0.034
1937.012,-0.141
1937.015,-0.276
1937.018,-0.201
1937.021,-0.108
1937.023,-0.050
1937.026,-0.092
1937.029,-0.207
1937.031,-0.222
1937.034,-0.222
1937.037,-0.267
1937.040,-0.343
1937.042,-0.256
1937.045,-0.106
1937.048,-0.400
1937.051,-0.605
1937.053,-0.685
1937.056,-0.657
1937.059,-0.617
1937.062,-0.856
1937.064,-0.780
1937.067,-0.832
1937.070,-0.791
1937.073,-0.590
1937.075,-0.442
1937.078,-0.458
1937.081,-0.396
1937.084,-0.293
1937.086,-0.342
1937.089,-0.328
1937.092,-0.216
1937.094,-0.293
1937.097,-0.076
1937.100,0.130
1937.103,0.252
1937.105,0.127
1937.108,-0.058
1937.111,-0.199
1937.114,-0.033
1937.116,0.158
1937.119,0.357
1937.122,0.465
1937.125,0.779
1937.127,0.784
1937.130,0.590
1937.133,0.662
1937.136,0.611
1937.138,0.413
1937.141,0.366
1937.144,0.297
1937.147,0.219
1937.149,0.200
1937.152,0.057
1937.155,-0.114
1937.158,-0.223
1937.160,-0.395
1937.163,-0.403
1937.166,-0.449
1937.168,-0.558
1937.171,-0.564
1937.174,-0.347
1937.177,-0.549
1937.179,-0.611
1937.182,-0.492
1937.185,-0.565
1937.188,-0.493
1937.190,-0.352
1937.193,-0.110
1937.196,-0.311
1937.199,-0.411
1937.201,-0.430
1937.204,-0.464
1937.207,-0.493
1937.210,-0.417
1937.212,-0.494
1937.215,-0.402
1937.218,-0.571
1937.221,-0.294
1937.223,-0.291
1937.226,-0.465
1937.229,-0.516
1937.232,-0.402
1937.234,-0.434
1937.237,-0.500
1937.240,-0.334
1937.242,-0.212
1937.245,-0.117
1937.248,0.033
1937.251,0.205
1937.253,0.310
1937.256,0.193
1937.259,0.117
1937.262,0.219
1937.264,0.329
1937.267,0.420
1937.270,0.107
1937.273,-0.217
1937.275,-0.201
1937.278,-0.271
1937.281,-0.165
1937.284,-0.005
1937.286,-0.022
1937.289,-0.144
1937.292,-0.332
1937.295,-0.329
1937.297,-0.059
1937.300,-0.295
1937.303,-0.324
1937.305,-0.376
1937.308,-0.310
1937.311,-0.484
1937.314,-0.310
1937.316,-0.231
1937.319,-0.196
1937.322,-0.063
1937.325,0.174
1937.327,0.255
1937.330,0.455
1937.333,0.698
1937.336,0.784
1937.338,0.887
1937.341,0.755
1937.344,0.548
1937.347,0.455
1937.349,0.234
1937.352,0.175
1937.355,0.131
1937.358,0.174
1937.360,0.023
1937.363,-0.007
1937.366,-0.075
1937.369,-0.015
1937.371,-0.071
1937.374,-0.161
1937.377,-0.154
1937.379,-0.165
1937.382,-0.056
1937.385,0.066
1937.388,0.113
1937.390,0.029
1937.393,0.132
1937.396,0.115
1937.399,0.106
1937.401,-0.062
1937.404,0.050
1937.407,-0.075
1937.410,-0.093
1937.412,-0.092
1937.415,-0.070
1937.418,-0.051
1937.421,-0.177
1937.423,-0.090
1937.426,0.148
1937.429,0.119
1937.432,0.143
1937.434,0.118
1937.437,0.107
1937.440,0.143
1937.443,0.233
1937.445,0.390
1937.448,0.405
1937.451,0.441
1937.453,0.360
1937.456,0.436
1937.459,0.350
1937.462,0.182
1937.464,0.090
1937.467,0.106
1937.470,0.153
1937.473,0.054
1937.475,0.196
1937.478,0.063
1937.481,0.055
1937.484,0.023
1937.486,-0.005
1937.489,0.137
1937.492,0.107
1937.495,0.066
1937.497,0.051
1937.500,-0.036
1937.503,-0.003
1937.505,0.025
1937.508,0.030
1937.511,0.006
1937.514,0.101
1937.516,0.227
1937.519,0.248
1937.522,0.196
1937.525,-0.032
1937.527,-0.153
1937.530,-0.138
1937.533,-0.102
1937.536,-0.086
1937.538,-0.069
1937.541,-0.035
1937.544,0.001
1937.547,0.054
1937.549,0.172
1937.552,0.139
1937.555,0.110
1937.557,-0.086
1937.560,-0.069
1937.563,-0.009
1937.566,0.007
1937.568,0.120
1937.571,0.196
1937.574,0.201
1937.577,0.296
1937.579,0.286
1937.582,0.193
1937.585,0.158
1937.588,0.120
1937.590,0.083
1937.593,0.093
1937.596,0.143
1937.599,0.104
1937.601,0.064
1937.604,-0.088
1937.607,-0.027
1937.610,0.068
1937.612,0.203
1937.615,0.327
1937.618,0.291
1937.621,0.241
1937.623,0.234
1937.626,0.299
1937.629,0.203
1937.631,0.196
1937.634,0.064
1937.637,-0.132
1937.640,-0.174
1937.642,-0.144
1937.645,-0.011
1937.648,0.089
1937.651,0.121
1937.653,0.018
1937.656,-0.016
1937.659,0.008
1937.662,0.098
1937.664,0.213
1937.667,0.233
1937.670,0.218
1937.673,0.274
1937.675,0.154
1937.678,0.112
1937.681,0.060
1937.684,0.108
1937.686,0.195
1937.689,0.165
1937.692,0.147
1937.695,0.099
1937.697,0.178
1937.700,0.275
1937.703,0.410
1937.705,0.469
1937.708,0.414
1937.711,0.499
1937.714,0.376
1937.716,0.348
1937.719,0.189
1937.722,0.157
1937.725,0.240
1937.727,0.303
1937.730,0.226
1937.733,0.365
1937.736,0.435
1937.738,0.357
1937.741,0.243
1937.744,0.221
1937.747,0.199
1937.749,0.029
1937.752,0.102
1937.755,0.397
1937.758,0.565
1937.760,0.655
1937.763,0.443
1937.766,0.385
1937.768,0.273
1937.771,0.201
1937.774,0.052
1937.777,-0.008
1937.779,0.039
1937.782,-0.031
1937.785,-0.067
1937.788,-0.054
1937.790,-0.101
1937.793,0.028
1937.796,0.170
1937.799,0.275
1937.801,0.307
1937.804,0.477
1937.807,0.601
1937.810,0.572
1937.812,0.727
1937.815,0.731
1937.818,0.728
1937.821,0.798
1937.823,0.802
1937.826,0.699
1937.829,0.636
1937.832,0.656
1937.834,0.554
1937.837,0.375
1937.840,0.312
1937.842,0.422
1937.845,0.655
1937.848,0.772
1937.851,0.746
1937.853,0.485
1937.856,0.650
1937.859,0.694
1937.862,0.572
1937.864,0.390
1937.867,0.057
1937.870,-0.259
1937.873,-0.519
1937.875,-0.757
1937.878,-0.811
1937.881,-0.638
1937.884,-0.632
1937.886,-0.548
1937.889,-0.416
1937.892,-0.422
1937.895,-0.254
1937.897,-0.141
1937.900,-0.026
1937.903,-0.030
1937.906,-0.162
1937.908,-0.375
1937.911,-0.513
1937.914,-0.403
1937.916,-0.419
1937.919,-0.588
1937.922,-0.474
1937.925,-0.432
1937.927,-0.206
1937.930,-0.057
1937.933,-0.325
1937.936,-0.424
1937.938,-0.513
1937.941,-0.595
1937.944,-0.602
1937.947,-0.589
1937.949,-0.456
1937.952,-0.413
1937.955,-0.241
1937.958,-0.103
1937.960,0.207
1937.963,-0.158
1937.966,-0.327
1937.969,-0.349
1937.971,-0.170
1937.974,-0.245
1937.977,-0.421
1937.979,-0.551
1937.982,-0.554
1937.985,-0.782
1937.988,-0.768
1937.990,-0.808
1937.993,-0.516
1937.996,-0.308
1937.999,-0.231
1938.001,-0.115
1938.004,-0.085
1938.007,-0.321
1938.010,-0.131
1938.012,-0.024
1938.015,-0.131
1938.018,-0.159
1938.021,0.018
1938.023,0.253
1938.026,0.290
1938.029,0.335
1938.031,0.180
1938.034,0.277
1938.037,0.370
1938.040,0.374
1938.042,0.307
1938.045,0.145
1938.048,0.145
1938.051,0.231
1938.053,0.312
1938.056,0.424
1938.059,0.407
1938.062,0.352
1938.064,0.180
1938.067,-0.128
1938.070,-0.153
1938.073,-0.204
1938.075,-0.107
1938.078,-0.002
1938.081,-0.012
1938.084,-0.173
1938.086,-0.101
1938.089,0.116
1938.092,0.171
1938.094,0.103
1938.097,0.073
1938.100,0.222
1938.103,0.077
1938.105,0.229
1938.108,0.243
1938.111,0.163
1938.114,0.145
1938.116,0.088
1938.119,0.010
1938.122,-0.138
1938.125,-0.306
1938.127,-0.300
1938.130,-0.210
1938.133,-0.353
1938.136,-0.463
1938.138,-0.598
1938.141,-0.389
1938.144,0.146
1938.147,0.270
1938.149,0.321
1938.152,0.381
1938.155,0.663
1938.158,0.510
1938.160,0.056
1938.163,0.036
1938.166,-0.174
1938.168,-0.326
1938.171,-0.365
1938.174,-0.190
1938.177,-0.197
1938.179,-0.151
1938.182,0.061
1938.185,0.235
1938.188,0.391
1938.190,0.508
1938.193,0.603
1938.196,0.537
1938.199,0.358
1938.201,0.387
1938.204,0.454
1938.207,0.588
1938.210,0.565
1938.212,0.735
1938.215,0.699
1938.218,0.634
1938.221,0.742
1938.223,0.747
1938.226,0.665
1938.229,0.782
1938.232,0.839
1938.234,0.747
1938.237,0.784
1938.240,0.957
1938.242,0.922
1938.245,0.922
1938.248,0.768
1938.251,0.741
1938.253,0.636
1938.256,0.733
1938.259,0.587
1938.262,0.501
1938.264,0.443
1938.267,0.629
1938.270,0.802
1938.273,0.942
1938.275,0.685
1938.278,0.744
1938.281,0.916
1938.284,1.173
1938.286,1.267
1938.289,1.114
1938.292,1.081
1938.295,0.877
1938.297,0.539
1938.300,0.314
1938.303,0.310
1938.305,0.417
1938.308,0.574
1938.311,0.505
1938.314,0.514
1938.316,0.571
1938.319,0.451
1938.322,0.557
1938.325,0.559
1938.327,0.433
1938.330,0.521
1938.333,0.403
1938.336,0.281
1938.338,0.183
1938.341,0.181
1938.344,0.242
1938.347,0.245
1938.349,0.401
1938.352,0.542
1938.355,0.637
1938.358,0.557
1938.360,0.372
1938.363,0.299
1938.366,0.205
1938.369,0.184
1938.371,0.199
1938.374,0.212
1938.377,0.364
1938.379,0.508
1938.382,0.510
1938.385,0.384
1938.388,0.312
1938.390,0.116
1938.393,-0.075
1938.396,-0.051
1938.399,0.036
1938.401,0.149
1938.404,0.167
1938.407,0.064
1938.410,0.112
1938.412,0.184
1938.415,0.215
1938.418,0.137
1938.421,0.016
1938.423,-0.074
1938.426,-0.087
1938.429,-0.048
1938.432,0.029
1938.434,-0.078
1938.437,-0.195
1938.440,-0.326
1938.443,-0.190
1938.445,-0.071
1938.448,-0.147
1938.451,-0.088
1938.453,-0.160
1938.456,-0.102
1938.459,-0.121
1938.462,-0.136
1938.464,-0.070
1938.467,0.016
1938.470,0.016
1938.473,0.088
1938.475,0.119
1938.478,0.033
1938.481,-0.097
1938.484,-0.083
1938.486,-0.150
1938.489,-0.158
1938.492,-0.262
1938.495,-0.224
1938.497,0.029
1938.500,-0.020
1938.503,0.002
1938.505,0.110
1938.508,0.118
1938.511,0.141
1938.514,0.257
1938.516,0.304
1938.519,0.244
1938.522,0.096
1938.525,0.206
1938.527,0.270
1938.530,0.238
1938.533,0.271
1938.536,0.141
1938.538,0.094
1938.541,0.103
1938.544,0.158
1938.547,0.116
1938.549,0.211
1938.552,0.238
1938.555,0.181
1938.557,0.205
1938.560,0.187
1938.563,0.087
1938.566,-0.065
1938.568,-0.010
1938.571,-0.053
1938.574,-0.134
1938.577,-0.243
1938.579,-0.124
1938.582,0.026
1938.585,-0.009
1938.588,-0.150
1938.590,-0.024
1938.593,0.024
1938.596,-0.108
1938.599,-0.095
1938.601,-0.170
1938.604,-0.064
1938.607,-0.006
1938.610,0.039
1938.612,0.088
1938.615,0.112
1938.618,0.114
1938.621,0.133
1938.623,0.167
1938.626,0.256
1938.629,0.146
1938.631,0.048
1938.634,0.022
1938.637,0.086
1938.640,0.154
1938.642,0.268
1938.645,0.192
1938.648,0.190
1938.651,0.145
1938.653,0.003
1938.656,-0.041
1938.659,-0.094
1938.662,0.045
1938.664,0.126
1938.667,0.118
1938.670,-0.003
1938.673,-0.077
1938.675,-0.053
1938.678,-0.136
1938.681,-0.125
1938.684,-0.072
1938.686,-0.024
1938.689,0.023
1938.692,0.088
1938.695,0.096
1938.697,0.260
1938.700,0.379
1938.703,0.349
1938.705,0.354
1938.708,0.321
1938.711,0.306
1938.714,0.366
1938.716,0.231
1938.719,0.279
1938.722,0.295
1938.725,0.361
1938.727,0.506
1938.730,0.487
1938.733,0.412
1938.736,0.404
1938.738,0.496
1938.741,0.557
1938.744,0.534
1938.747,0.444
1938.749,0.371
1938.752,0.380
1938.755,0.396
1938.758,0.206
1938.760,0.150
1938.763,0.139
1938.766,0.167
1938.768,0.125
1938.771,0.323
1938.774,0.476
1938.777,0.512
1938.779,0.375
1938.782,0.323
1938.785,0.322
1938.788,0.312
1938.790,0.394
1938.793,0.391
1938.796,0.516
1938.799,0.619
1938.801,0.594
1938.804,0.492
1938.807,0.401
1938.810,0.248
1938.812,0.342
1938.815,0.385
1938.818,0.388
1938.821,0.398
1938.823,0.308
1938.826,0.460
1938.829,0.394
1938.832,0.262
1938.834,0.438
1938.837,0.577
1938.840,0.569
1938.842,0.550
1938.845,0.283
1938.848,0.297
1938.851,0.306
1938.853,0.411
1938.856,0.424
1938.859,0.477
1938.862,0.354
1938.864,0.231
1938.867,0.280
1938.870,0.206
1938.873,0.247
1938.875,0.334
1938.878,0.349
1938.881,0.232
1938.884,0.094
1938.886,0.083
1938.889,0.041
1938.892,0.035
1938.895,-0.088
1938.897,-0.031
1938.900,0.106
1938.903,0.171
1938.906,0.332
1938.908,0.447
1938.911,0.552
1938.914,0.562
1938.916,0.554
1938.919,0.572
1938.922,0.385
1938.925,0.237
1938.927,0.261
1938.930,0.115
1938.933,0.049
1938.936,0.057
1938.938,-0.140
1938.941,-0.176
1938.944,-0.303
1938.947,-0.368
1938.949,-0.697
1938.952,-0.973
1938.955,-1.013
1938.958,-1.024
1938.960,-0.826
1938.963,-0.563
1938.966,-0.441
1938.969,-0.463
1938.971,-0.465
1938.974,-0.349
1938.977,-0.147
1938.979,-0.078
1938.982,-0.342
1938.985,-0.729
1938.988,-0.885
1938.990,-0.816
1938.993,-0.751
1938.996,-0.554
1938.999,-0.071
1939.001,0.183
1939.004,0.114
1939.007,-0.031
1939.010,0.060
1939.012,0.056
1939.015,0.066
1939.018,0.258
1939.021,0.312
1939.023,0.485
1939.026,0.459
1939.029,0.256
1939.031,0.124
1939.034,-0.039
1939.037,-0.069
1939.040,-0.103
1939.042,-0.032
1939.045,-0.134
1939.048,-0.003
1939.051,0.085
1939.053,0.263
1939.056,0.491
1939.059,0.352
1939.062,0.325
1939.064,0.301
1939.067,0.158
1939.070,-0.115
1939.073,-0.302
1939.075,-0.289
1939.078,-0.088
1939.081,-0.091
1939.084,-0.198
1939.086,-0.320
1939.089,-0.359
1939.092,-0.561
1939.094,-0.592
1939.097,-0.635
1939.100,-0.408
1939.103,-0.326
1939.105,-0.247
1939.108,-0.044
1939.111,-0.020
1939.114,-0.114
1939.116,-0.041
1939.119,-0.006
1939.122,0.298
1939.125,0.372
1939.127,0.430
1939.130,0.504
1939.133,0.549
1939.136,0.463
1939.138,0.300
1939.141,0.251
1939.144,0.231
1939.147,0.260
1939.149,0.139
1939.152,-0.129
1939.155,-0.401
1939.158,-0.543
1939.160,-0.479
1939.163,-0.523
1939.166,-0.579
1939.168,-0.640
1939.171,-0.749
1939.174,-0.685
1939.177,-0.624
1939.179,-0.685
1939.182,-0.684
1939.185,-0.766
1939.188,-0.774
1939.190,-0.592
1939.193,-0.686
1939.196,-0.758
1939.199,-0.686
1939.201,-0.549
1939.204,-0.420
1939.207,-0.337
1939.210,-0.312
1939.212,-0.002
1939.215,0.280
1939.218,0.317
1939.221,0.349
1939.223,0.171
1939.226,0.359
1939.229,0.342
1939.232,0.246
1939.234,0.041
1939.237,-0.156
1939.240,-0.065
1939.242,0.174
1939.245,0.259
1939.248,0.101
1939.251,-0.179
1939.253,-0.183
1939.256,0.073
1939.259,0.078
1939.262,-0.041
1939.264,0.039
1939.267,0.155
1939.270,0.172
1939.273,0.036
1939.275,-0.020
1939.278,0.050
1939.281,0.090
1939.284,0.162
1939.286,0.257
1939.289,0.221
1939.292,0.206
1939.295,0.334
1939.297,0.358
1939.300,0.181
1939.303,0.220
1939.305,0.406
1939.308,0.274
1939.311,0.380
1939.314,0.548
1939.316,0.483
1939.319,0.684
1939.322,0.694
1939.325,0.636
1939.327,0.428
1939.330,0.577
1939.333,0.581
1939.336,0.636
1939.338,0.541
1939.341,0.651
1939.344,0.559
1939.347,0.432
1939.349,0.325
1939.352,0.238
1939.355,0.233
1939.358,-0.000
1939.360,-0.113
1939.363,0.110
1939.366,0.123
1939.369,0.084
1939.371,0.165
1939.374,0.118
1939.377,0.018
1939.379,0.316
1939.382,0.469
1939.385,0.510
1939.388,0.496
1939.390,0.483
1939.393,0.385
1939.396,0.089
1939.399,0.009
1939.401,0.124
1939.404,0.208
1939.407,0.250
1939.410,0.201
1939.412,0.125
1939.415,0.028
1939.418,-0.001
1939.421,0.002
1939.423,0.017
1939.426,0.031
1939.429,-0.064
1939.432,0.082
1939.434,0.167
1939.437,0.202
1939.440,-0.064
1939.443,0.081
1939.445,0.085
1939.448,0.149
1939.451,0.170
1939.453,0.169
1939.456,0.149
1939.459,0.152
1939.462,0.281
1939.464,0.195
1939.467,0.083
1939.470,0.061
1939.473,0.131
1939.475,0.244
1939.478,0.304
1939.481,0.269
1939.484,0.501
1939.486,0.424
1939.489,0.341
1939.492,0.428
1939.495,0.299
1939.497,0.178
1939.500,-0.080
1939.503,-0.173
1939.505,-0.097
1939.508,0.111
1939.511,0.029
1939.514,0.165
1939.516,0.238
1939.519,0.238
1939.522,0.257
1939.525,0.210
1939.527,0.128
1939.530,0.169
1939.533,0.236
1939.536,0.252
1939.538,0.155
1939.541,0.178
1939.544,0.269
1939.547,0.227
1939.549,0.136
1939.552,0.017
1939.555,-0.004
1939.557,-0.057
1939.560,-0.048
1939.563,0.104
1939.566,0.171
1939.568,0.126
1939.571,0.171
1939.574,0.170
1939.577,0.091
1939.579,0.119
1939.582,-0.090
1939.585,-0.058
1939.588,0.092
1939.590,0.056
1939.593,0.104
1939.596,0.026
1939.599,-0.105
1939.601,-0.028
1939.604,-0.018
1939.607,-0.071
1939.610,-0.082
1939.612,-0.039
1939.615,0.025
1939.618,0.179
1939.621,0.084
1939.623,0.076
1939.626,0.184
1939.629,0.281
1939.631,0.121
1939.634,0.121
1939.637,0.063
1939.640,0.014
1939.642,0.107
1939.645,0.117
1939.648,0.243
1939.651,0.206
1939.653,0.000
1939.656,-0.022
1939.659,-0.147
1939.662,-0.256
1939.664,-0.197
1939.667,-0.154
1939.670,-0.092
1939.673,-0.307
1939.675,-0.232
1939.678,-0.229
1939.681,-0.173
1939.684,-0.208
1939.686,-0.203
1939.689,-0.231
1939.692,-0.230
1939.695,-0.404
1939.697,-0.497
1939.700,-0.368
1939.703,-0.311
1939.705,-0.243
1939.708,0.013
1939.711,-0.104
1939.714,-0.235
1939.716,-0.128
1939.719,0.088
1939.722,0.150
1939.725,0.058
1939.727,0.012
1939.730,0.128
1939.733,0.123
1939.736,0.086
1939.738,-0.046
1939.741,-0.118
1939.744,-0.148
1939.747,-0.139
1939.749,-0.276
1939.752,-0.144
1939.755,0.102
1939.758,0.113
1939.760,0.113
1939.763,-0.139
1939.766,-0.202
1939.768,-0.132
1939.771,-0.084
1939.774,-0.347
1939.777,-0.359
1939.779,-0.609
1939.782,-0.581
1939.785,-0.421
1939.788,-0.465
1939.790,-0.604
1939.793,-0.537
1939.796,-0.383
1939.799,-0.176
1939.801,-0.057
1939.804,0.020
1939.807,0.109
1939.810,0.083
1939.812,-0.082
1939.815,-0.176
1939.818,-0.125
1939.821,-0.009
1939.823,-0.025
1939.826,-0.028
1939.829,0.009
1939.832,0.205
1939.834,0.195
1939.837,0.153
1939.840,0.018
1939.842,0.036
1939.845,-0.201
1939.848,-0.426
1939.851,-0.416
1939.853,-0.422
1939.856,-0.612
1939.859,-0.741
1939.862,-0.570
1939.864,-0.464
1939.867,-0.281
1939.870,-0.042
1939.873,0.091
1939.875,0.261
1939.878,0.298
1939.881,0.287
1939.884,0.044
1939.886,-0.214
1939.889,-0.289
1939.892,-0.343
1939.895,-0.246
1939.897,-0.090
1939.900,0.102
1939.903,0.044
1939.906,0.252
1939.908,0.595
1939.911,0.627
1939.914,0.684
1939.916,0.889
1939.919,1.090
1939.922,1.271
1939.925,1.265
1939.927,1.184
1939.930,1.258
1939.933,1.298
1939.936,1.291
1939.938,1.264
1939.941,0.989
1939.944,0.954
1939.947,0.638
1939.949,0.399
1939.952,0.369
1939.955,0.740
1939.958,1.132
1939.960,1.482
1939.963,1.576
1939.966,1.552
1939.969,1.513
1939.971,1.539
1939.974,1.543
1939.977,1.354
1939.979,1.042
1939.982,0.999
1939.985,0.896
1939.988,0.894
1939.990,0.818
1939.993,0.963
1939.996,0.897
1939.999,0.714
1940.001,0.640
1940.004,0.615
1940.007,0.450
1940.010,0.377
1940.012,-0.012
1940.015,-0.398
1940.018,-0.555
1940.021,-0.678
1940.023,-0.821
1940.026,-0.806
1940.029,-0.788
1940.031,-0.817
1940.034,-0.683
1940.037,-0.665
1940.040,-0.831
1940.042,-0.633
1940.045,-0.584
1940.048,-0.562
1940.051,-0.632
1940.053,-0.409
1940.056,-0.534
1940.059,-0.560
1940.062,-0.480
1940.064,-0.618
1940.067,-0.654
1940.070,-0.548
1940.072,-0.318
1940.075,-0.050
1940.078,-0.064
1940.081,-0.164
1940.083,-0.266
1940.086,-0.258
1940.089,-0.226
1940.092,-0.324
1940.094,-0.088
1940.097,0.080
1940.100,0.020
1940.102,-0.093
1940.105,-0.197
1940.108,-0.237
1940.111,-0.162
1940.113,-0.142
1940.116,-0.372
1940.119,-0.555
1940.122,-0.489
1940.124,-0.205
1940.127,-0.003
1940.130,0.269
1940.133,0.438
1940.135,0.635
1940.138,0.570
1940.141,0.455
1940.143,0.284
1940.146,0.164
1940.149,0.269
1940.152,0.401
1940.154,0.537
1940.157,0.497
1940.160,0.505
1940.163,0.424
1940.165,0.569
1940.168,0.703
1940.171,0.954
1940.173,0.799
1940.176,0.619
1940.179,0.343
1940.182,0.217
1940.184,0.151
1940.187,0.066
1940.190,-0.172
1940.193,-0.312
1940.195,-0.342
1940.198,-0.328
1940.201,-0.168
1940.203,0.157
1940.206,0.350
1940.209,0.520
1940.212,0.551
1940.214,0.451
1940.217,0.117
1940.220,-0.055
1940.223,-0.229
1940.225,-0.530
1940.228,-0.391
1940.231,-0.367
1940.234,-0.190
1940.236,-0.100
1940.239,0.096
1940.242,0.267
1940.245,0.446
1940.247,0.404
1940.250,0.296
1940.253,0.356
1940.255,0.635
1940.258,0.621
1940.261,0.592
1940.264,0.533
1940.266,0.561
1940.269,0.440
1940.272,0.445
1940.275,0.411
1940.277,0.101
1940.280,0.034
1940.283,0.078
1940.286,0.203
1940.288,0.194
1940.291,0.254
1940.294,0.482
1940.297,0.475
1940.299,0.650
1940.302,0.897
1940.305,0.976
1940.307,0.836
1940.310,0.653
1940.313,0.467
1940.316,0.384
1940.318,0.564
1940.321,0.589
1940.324,0.398
1940.327,0.237
1940.329,0.185
1940.332,0.181
1940.335,0.065
1940.337,0.044
1940.340,0.095
1940.343,0.121
1940.346,0.016
1940.348,-0.010
1940.351,0.148
1940.354,0.046
1940.357,0.125
1940.359,0.101
1940.362,-0.054
1940.365,-0.099
1940.367,-0.113
1940.370,-0.096
1940.373,-0.153
1940.376,-0.038
1940.378,0.122
1940.381,0.044
1940.384,0.074
1940.387,0.126
1940.389,0.221
1940.392,0.220
1940.395,0.099
1940.398,-0.050
1940.400,0.028
1940.403,-0.063
1940.406,-0.164
1940.408,-0.018
1940.411,0.145
1940.414,-0.032
1940.417,0.048
1940.419,0.064
1940.422,0.079
1940.425,-0.068
1940.428,0.043
1940.430,0.220
1940.433,0.036
1940.436,0.001
1940.438,-0.098
1940.441,-0.105
1940.444,-0.064
1940.447,0.164
1940.449,0.335
1940.452,0.274
1940.455,0.253
1940.458,0.186
1940.460,0.125
1940.463,0.314
1940.466,0.152
1940.469,0.091
1940.471,-0.005
1940.474,0.090
1940.477,0.225
1940.479,0.274
1940.482,0.465
1940.485,0.550
1940.488,0.414
1940.490,0.340
1940.493,0.189
1940.496,0.098
1940.499,0.096
1940.501,0.119
1940.504,0.261
1940.507,0.371
1940.510,0.441
1940.512,0.425
1940.515,0.519
1940.518,0.389
1940.521,0.336
1940.523,0.310
1940.526,0.316
1940.529,0.155
1940.531,0.069
1940.534,-0.107
1940.537,-0.145
1940.540,-0.098
1940.542,-0.025
1940.545,0.066
1940.548,0.248
1940.551,0.467
1940.553,0.417
1940.556,0.428
1940.559,0.534
1940.562,0.507
1940.564,0.401
1940.567,0.464
1940.570,0.226
1940.572,0.177
1940.575,0.170
1940.578,-0.058
1940.581,-0.133
1940.583,-0.108
1940.586,-0.060
1940.589,0.030
1940.592,0.197
1940.594,0.210
1940.597,0.152
1940.600,0.188
1940.602,0.091
1940.605,0.131
1940.608,0.286
1940.611,0.311
1940.613,0.266
1940.616,0.185
1940.619,0.060
1940.622,-0.041
1940.624,-0.060
1940.627,-0.080
1940.630,-0.117
1940.633,-0.202
1940.635,-0.265
1940.638,-0.300
1940.641,-0.173
1940.643,-0.056
1940.646,-0.015
1940.649,-0.059
1940.652,-0.110
1940.654,-0.137
1940.657,-0.194
1940.660,-0.158
1940.663,-0.121
1940.665,0.021
1940.668,0.071
1940.671,0.113
1940.673,0.180
1940.676,0.063
1940.679,0.140
1940.682,0.206
1940.684,0.252
1940.687,0.165
1940.690,0.059
1940.693,-0.016
1940.695,-0.035
1940.698,-0.001
1940.701,-0.034
1940.703,-0.023
1940.706,0.219
1940.709,0.501
1940.712,0.647
1940.714,0.646
1940.717,0.565
1940.720,0.619
1940.723,0.550
1940.725,0.338
1940.728,0.066
1940.731,-0.056
1940.734,-0.187
1940.736,-0.253
1940.739,-0.166
1940.742,-0.148
1940.745,-0.009
1940.747,0.054
1940.750,-0.019
1940.753,0.092
1940.755,0.156
1940.758,0.233
1940.761,0.389
1940.764,0.370
1940.766,0.235
1940.769,0.039
1940.772,0.148
1940.775,0.309
1940.777,0.418
1940.780,0.373
1940.783,0.352
1940.786,0.179
1940.788,0.101
1940.791,-0.003
1940.794,-0.199
1940.797,-0.069
1940.799,0.022
1940.802,0.242
1940.805,0.283
1940.807,0.109
1940.810,0.159
1940.813,0.053
1940.816,-0.030
1940.818,-0.135
1940.821,0.133
1940.824,0.095
1940.827,-0.172
1940.829,-0.014
1940.832,-0.122
1940.835,-0.230
1940.837,-0.550
1940.840,-0.674
1940.843,-0.555
1940.846,-0.450
1940.848,-0.389
1940.851,-0.315
1940.854,-0.279
1940.857,-0.293
1940.859,-0.325
1940.862,-0.305
1940.865,-0.560
1940.867,-0.555
1940.870,-0.352
1940.873,-0.051
1940.876,0.143
1940.878,0.327
1940.881,0.461
1940.884,0.464
1940.887,0.376
1940.889,0.209
1940.892,0.092
1940.895,0.182
1940.898,0.006
1940.900,0.002
1940.903,-0.084
1940.906,0.010
1940.908,-0.076
1940.911,0.003
1940.914,0.084
1940.917,-0.213
1940.919,-0.405
1940.922,-0.332
1940.925,-0.103
1940.928,0.081
1940.930,0.194
1940.933,0.488
1940.936,0.618
1940.938,0.751
1940.941,0.546
1940.944,0.154
1940.947,0.022
1940.949,0.083
1940.952,-0.030
1940.955,-0.129
1940.958,-0.277
1940.960,-0.398
1940.963,-0.282
1940.966,0.029
1940.969,0.063
1940.971,0.270
1940.974,0.504
1940.977,0.435
1940.979,0.655
1940.982,0.741
1940.985,0.950
1940.988,0.923
1940.990,0.818
1940.993,0.527
1940.996,0.358
1940.999,0.174
1941.001,-0.201
1941.004,-0.521
1941.007,-0.506
1941.010,-0.518
1941.012,-0.403
1941.015,-0.251
1941.018,0.013
1941.021,0.251
1941.023,0.139
1941.026,0.251
1941.029,0.345
1941.031,0.402
1941.034,0.248
1941.037,0.169
1941.040,-0.083
1941.042,-0.278
1941.045,-0.205
1941.048,-0.078
1941.051,-0.418
1941.053,-0.320
1941.056,-0.158
1941.059,-0.176
1941.062,-0.261
1941.064,-0.237
1941.067,-0.189
1941.070,-0.311
1941.073,0.039
1941.075,0.408
1941.078,0.592
1941.081,0.598
1941.084,0.619
1941.086,0.767
1941.089,0.768
1941.092,0.458
1941.094,0.402
1941.097,0.253
1941.100,0.163
1941.103,-0.171
1941.105,-0.266
1941.108,-0.123
1941.111,-0.025
1941.114,0.335
1941.116,0.567
1941.119,0.685
1941.122,0.991
1941.125,1.094
1941.127,1.060
1941.130,0.812
1941.133,0.371
1941.136,0.309
1941.138,0.335
1941.141,0.210
1941.144,0.152
1941.147,0.137
1941.149,0.082
1941.152,-0.012
1941.155,0.158
1941.158,0.082
1941.160,0.210
1941.163,0.254
1941.166,0.335
1941.168,0.281
1941.171,0.178
1941.174,0.228
1941.177,0.421
1941.179,0.460
1941.182,0.236
1941.185,0.062
1941.188,-0.076
1941.190,-0.158
1941.193,-0.146
1941.196,-0.208
1941.199,-0.048
1941.201,-0.057
1941.204,-0.137
1941.207,-0.399
1941.210,-0.521
1941.212,-0.206
1941.215,-0.088
1941.218,-0.268
1941.221,-0.256
1941.223,-0.125
1941.226,-0.122
1941.229,-0.153
1941.232,-0.232
1941.234,-0.262
1941.237,-0.067
1941.240,0.142
1941.242,0.257
1941.245,0.479
1941.248,0.446
1941.251,0.376
1941.253,0.370
1941.256,0.283
1941.259,0.272
1941.262,0.320
1941.264,0.365
1941.267,0.500
1941.270,0.431
1941.273,0.501
1941.275,0.462
1941.278,0.526
1941.281,0.651
1941.284,0.717
1941.286,0.631
1941.289,0.430
1941.292,0.287
1941.295,0.314
1941.297,0.223
1941.300,0.227
1941.303,0.156
1941.305,0.021
1941.308,0.136
1941.311,0.194
1941.314,0.171
1941.316,0.331
1941.319,0.463
1941.322,0.295
1941.325,0.552
1941.327,0.523
1941.330,0.570
1941.333,0.400
1941.336,0.230
1941.338,0.050
1941.341,0.046
1941.344,0.008
1941.347,0.018
1941.349,0.122
1941.352,0.078
1941.355,0.150
1941.358,0.267
1941.360,0.480
1941.363,0.483
1941.366,0.469
1941.369,0.561
1941.371,0.554
1941.374,0.634
1941.377,0.511
1941.379,0.279
1941.382,0.272
1941.385,0.304
1941.388,0.362
1941.390,0.498
1941.393,0.368
1941.396,0.272
1941.399,0.186
1941.401,0.205
1941.404,0.198
1941.407,0.257
1941.410,0.220
1941.412,0.479
1941.415,0.442
1941.418,0.449
1941.421,0.370
1941.423,0.328
1941.426,0.359
1941.429,0.347
1941.432,0.320
1941.434,0.219
1941.437,0.189
1941.440,0.092
1941.443,0.153
1941.445,0.167
1941.448,0.016
1941.451,-0.109
1941.453,-0.254
1941.456,-0.013
1941.459,0.158
1941.462,0.304
1941.464,0.421
1941.467,0.446
1941.470,0.410
1941.473,0.319
1941.475,0.228
1941.478,0.204
1941.481,0.260
1941.484,0.318
1941.486,0.358
1941.489,0.162
1941.492,0.225
1941.495,0.362
1941.497,0.474
1941.500,0.420
1941.503,0.367
1941.505,0.304
1941.508,0.378
1941.511,0.339
1941.514,0.357
1941.516,0.445
1941.519,0.336
1941.522,0.294
1941.525,0.306
1941.527,0.187
1941.530,0.389
1941.533,0.411
1941.536,0.524
1941.538,0.419
1941.541,0.359
1941.544,0.283
1941.547,0.238
1941.549,0.254
1941.552,0.290
1941.555,0.403
1941.557,0.502
1941.560,0.427
1941.563,0.373
1941.566,0.276
1941.568,0.226
1941.571,0.193
1941.574,0.270
1941.577,0.329
1941.579,0.432
1941.582,0.451
1941.585,0.481
1941.588,0.567
1941.590,0.631
1941.593,0.617
1941.596,0.469
1941.599,0.317
1941.601,0.320
1941.604,0.281
1941.607,0.216
1941.610,0.063
1941.612,0.118
1941.615,0.015
1941.618,-0.086
1941.621,-0.031
1941.623,-0.078
1941.626,-0.011
1941.629,0.121
1941.631,0.178
1941.634,0.214
1941.637,0.126
1941.640,0.025
1941.642,0.083
1941.645,-0.030
1941.648,-0.086
1941.651,-0.108
1941.653,-0.116
1941.656,-0.211
1941.659,-0.107
1941.662,-0.157
1941.664,-0.076
1941.667,-0.123
1941.670,-0.251
1941.673,-0.146
1941.675,-0.059
1941.678,-0.213
1941.681,-0.123
1941.684,-0.169
1941.686,-0.284
1941.689,-0.382
1941.692,-0.400
1941.695,-0.268
1941.697,-0.304
1941.700,-0.312
1941.703,-0.167
1941.705,-0.101
1941.708,-0.248
1941.711,-0.152
1941.714,-0.208
1941.716,-0.219
1941.719,-0.259
1941.722,-0.234
1941.725,-0.128
1941.727,-0.209
1941.730,-0.350
1941.733,-0.291
1941.736,-0.275
1941.738,-0.200
1941.741,-0.188
1941.744,-0.224
1941.747,-0.000
1941.749,-0.037
1941.752,-0.047
1941.755,0.278
1941.758,0.332
1941.760,0.142
1941.763,0.142
1941.766,0.069
1941.768,-0.151
1941.771,-0.048
1941.774,0.117
1941.777,0.195
1941.779,0.287
1941.782,0.259
1941.785,0.487
1941.788,0.449
1941.790,0.316
1941.793,0.552
1941.796,0.689
1941.799,0.728
1941.801,0.876
1941.804,0.866
1941.807,0.628
1941.810,0.340
1941.812,0.295
1941.815,0.244
1941.818,0.177
1941.821,0.277
1941.823,0.372
1941.826,0.315
1941.829,0.295
1941.832,0.416
1941.834,0.622
1941.837,0.580
1941.840,0.637
1941.842,0.652
1941.845,0.569
1941.848,0.529
1941.851,0.491
1941.853,0.494
1941.856,0.339
1941.859,0.202
1941.862,-0.200
1941.864,-0.441
1941.867,-0.461
1941.870,-0.502
1941.873,-0.480
1941.875,-0.555
1941.878,-0.643
1941.881,-0.733
1941.884,-0.812
1941.886,-1.054
1941.889,-1.276
1941.892,-1.490
1941.895,-1.270
1941.897,-1.020
1941.900,-0.900
1941.903,-0.648
1941.906,-0.680
1941.908,-0.614
1941.911,-0.268
1941.914,-0.061
1941.916,-0.108
1941.919,-0.257
1941.922,-0.185
1941.925,-0.401
1941.927,-0.563
1941.930,-0.634
1941.933,-0.923
1941.936,-0.865
1941.938,-0.820
1941.941,-0.646
1941.944,-0.254
1941.947,-0.148
1941.949,-0.007
1941.952,0.072
1941.955,0.187
1941.958,0.215
1941.960,0.176
1941.963,0.026
1941.966,-0.000
1941.969,-0.183
1941.971,-0.216
1941.974,-0.084
1941.977,0.124
1941.979,0.189
1941.982,0.266
1941.985,0.155
1941.988,0.063
1941.990,-0.005
1941.993,-0.221
1941.996,-0.230
1941.999,-0.075
1942.001,-0.139
1942.004,-0.307
1942.007,-0.331
1942.010,-0.420
1942.012,-0.414
1942.015,-0.249
1942.018,-0.135
1942.021,0.022
1942.023,0.080
1942.026,0.292
1942.029,0.287
1942.031,0.478
1942.034,0.605
1942.037,0.783
1942.040,0.686
1942.042,0.560
1942.045,0.505
1942.048,0.578
1942.051,0.533
1942.053,0.470
1942.056,0.651
1942.059,0.854
1942.062,0.797
1942.064,0.711
1942.067,0.385
1942.070,0.437
1942.073,0.345
1942.075,0.299
1942.078,0.312
1942.081,0.030
1942.084,-0.169
1942.086,-0.505
1942.089,-0.608
1942.092,-0.550
1942.094,-0.264
1942.097,-0.274
1942.100,-0.512
1942.103,-0.652
1942.105,-0.495
1942.108,-0.367
1942.111,-0.295
1942.114,-0.076
1942.116,-0.139
1942.119,-0.321
1942.122,-0.230
1942.125,-0.276
1942.127,-0.582
1942.130,-0.945
1942.133,-0.962
1942.136,-0.818
1942.138,-0.772
1942.141,-0.446
1942.144,-0.296
1942.147,-0.059
1942.149,-0.179
1942.152,-0.319
1942.155,-0.312
1942.158,-0.182
1942.160,0.025
1942.163,-0.022
1942.166,0.025
1942.168,0.165
1942.171,-0.040
1942.174,-0.130
1942.177,0.069
1942.179,0.061
1942.182,0.120
1942.185,0.286
1942.188,0.611
1942.190,0.690
1942.193,0.630
1942.196,0.363
1942.199,0.294
1942.201,0.304
1942.204,0.138
1942.207,0.081
1942.210,-0.005
1942.212,-0.224
1942.215,-0.259
1942.218,-0.300
1942.221,-0.305
1942.223,-0.333
1942.226,-0.428
1942.229,-0.280
1942.232,-0.185
1942.234,-0.148
1942.237,-0.185
1942.240,-0.112
1942.242,0.049
1942.245,0.123
1942.248,0.126
1942.251,0.087
1942.253,0.120
1942.256,0.132
1942.259,0.081
1942.262,-0.142
1942.264,-0.374
1942.267,-0.358
1942.270,-0.084
1942.273,0.021
1942.275,0.126
1942.278,-0.050
1942.281,0.092
1942.284,0.060
1942.286,0.134
1942.289,0.142
1942.292,0.108
1942.295,0.159
1942.297,0.472
1942.300,0.590
1942.303,0.761
1942.305,0.798
1942.308,0.598
1942.311,0.744
1942.314,0.563
1942.316,0.669
1942.319,0.565
1942.322,0.544
1942.325,0.575
1942.327,0.669
1942.330,0.675
1942.333,0.498
1942.336,0.329
1942.338,0.216
1942.341,0.288
1942.344,0.287
1942.347,0.143
1942.349,0.110
1942.352,0.157
1942.355,0.053
1942.358,0.143
1942.360,0.216
1942.363,0.338
1942.366,0.197
1942.369,0.101
1942.371,0.292
1942.374,0.170
1942.377,0.259
1942.379,0.286
1942.382,0.163
1942.385,0.053
1942.388,0.123
1942.390,0.053
1942.393,-0.038
1942.396,-0.166
1942.399,-0.259
1942.401,-0.080
1942.404,0.045
1942.407,0.146
1942.410,0.161
1942.412,0.196
1942.415,0.259
1942.418,0.335
1942.421,0.455
1942.423,0.650
1942.426,0.632
1942.429,0.479
1942.432,0.557
1942.434,0.594
1942.437,0.308
1942.440,0.369
1942.443,0.228
1942.445,0.260
1942.448,0.010
1942.451,0.043
1942.453,0.058
1942.456,0.142
1942.459,0.145
1942.462,0.103
1942.464,0.008
1942.467,-0.151
1942.470,-0.190
1942.473,-0.128
1942.475,-0.017
1942.478,0.075
1942.481,0.189
1942.484,0.133
1942.486,0.181
1942.489,0.239
1942.492,0.314
1942.495,0.446
1942.497,0.416
1942.500,0.132
1942.503,0.060
1942.505,-0.003
1942.508,-0.078
1942.511,-0.103
1942.514,-0.053
1942.516,0.061
1942.519,0.030
1942.522,0.071
1942.525,0.016
1942.527,-0.145
1942.530,-0.061
1942.533,0.106
1942.536,0.182
1942.538,0.288
1942.541,0.104
1942.544,0.024
1942.547,-0.088
1942.549,-0.039
1942.552,-0.083
1942.555,-0.072
1942.557,-0.031
1942.560,0.048
1942.563,-0.032
1942.566,-0.024
1942.568,0.056
1942.571,-0.083
1942.574,-0.058
1942.577,-0.059
1942.579,-0.206
1942.582,-0.066
1942.585,-0.029
1942.588,0.015
1942.590,-0.143
1942.593,-0.241
1942.596,-0.136
1942.599,-0.111
1942.601,-0.020
1942.604,-0.128
1942.607,-0.317
1942.610,-0.315
1942.612,-0.284
1942.615,-0.135
1942.618,-0.099
1942.621,-0.111
1942.623,-0.238
1942.626,-0.099
1942.629,-0.168
1942.631,0.022
1942.634,0.082
1942.637,-0.010
1942.640,-0.165
1942.642,-0.299
1942.645,-0.320
1942.648,-0.189
1942.651,0.033
1942.653,0.086
1942.656,0.046
1942.659,0.059
1942.662,-0.008
1942.664,0.013
1942.667,0.032
1942.670,-0.057
1942.673,0.022
1942.675,0.185
1942.678,0.300
1942.681,0.317
1942.684,0.294
1942.686,0.352
1942.689,0.421
1942.692,0.288
1942.695,0.361
1942.697,0.318
1942.700,0.213
1942.703,0.260
1942.705,0.212
1942.708,0.160
1942.711,-0.020
1942.714,-0.016
1942.716,-0.072
1942.719,-0.083
1942.722,-0.132
1942.725,-0.171
1942.727,-0.318
1942.730,-0.187
1942.733,-0.102
1942.736,-0.008
1942.738,0.139
1942.741,0.081
1942.744,-0.042
1942.747,0.302
1942.749,0.333
1942.752,0.294
1942.755,0.474
1942.758,0.449
1942.760,0.286
1942.763,0.337
1942.766,0.416
1942.768,0.459
1942.771,0.578
1942.774,0.777
1942.777,0.722
1942.779,0.447
1942.782,0.263
1942.785,0.410
1942.788,0.345
1942.790,0.338
1942.793,0.306
1942.796,0.340
1942.799,0.309
1942.801,0.293
1942.804,0.205
1942.807,-0.033
1942.810,-0.001
1942.812,0.040
1942.815,0.008
1942.818,0.015
1942.821,0.212
1942.823,0.142
1942.826,0.214
1942.829,0.549
1942.832,0.625
1942.834,0.524
1942.837,0.377
1942.840,0.252
1942.842,-0.209
1942.845,-0.452
1942.848,-0.558
1942.851,-0.484
1942.853,-0.497
1942.856,-0.331
1942.859,-0.242
1942.862,-0.340
1942.864,-0.378
1942.867,-0.251
1942.870,-0.163
1942.873,0.061
1942.875,0.041
1942.878,0.082
1942.881,0.238
1942.884,0.376
1942.886,0.523
1942.889,0.597
1942.892,0.702
1942.895,0.544
1942.897,0.432
1942.900,0.247
1942.903,0.315
1942.906,0.275
1942.908,0.522
1942.911,0.536
1942.914,0.726
1942.916,0.643
1942.919,0.545
1942.922,0.568
1942.925,0.451
1942.927,0.213
1942.930,0.009
1942.933,-0.238
1942.936,-0.279
1942.938,-0.127
1942.941,-0.088
1942.944,0.042
1942.947,0.189
1942.949,0.223
1942.952,0.364
1942.955,0.417
1942.958,0.281
1942.960,-0.046
1942.963,-0.260
1942.966,-0.617
1942.969,-0.628
1942.971,-0.335
1942.974,-0.256
1942.977,-0.274
1942.979,-0.028
1942.982,0.054
1942.985,-0.008
1942.988,0.214
1942.990,0.318
1942.993,0.375
1942.996,0.334
1942.999,0.287
1943.001,0.313
1943.004,0.132
1943.007,0.124
1943.010,0.134
1943.012,0.366
1943.015,0.385
1943.018,0.560
1943.021,0.431
1943.023,0.563
1943.026,0.563
1943.029,0.304
1943.031,0.123
1943.034,0.197
1943.037,0.153
1943.040,-0.025
1943.042,-0.708
1943.045,-1.285
1943.048,-1.787
1943.051,-1.746
1943.053,-1.385
1943.056,-1.021
1943.059,-0.694
1943.062,-0.711
1943.064,-0.958
1943.067,-1.162
1943.070,-0.972
1943.073,-0.843
1943.075,-0.659
1943.078,-0.486
1943.081,-0.457
1943.084,-0.450
1943.086,-0.364
1943.089,-0.340
1943.092,-0.262
1943.094,-0.209
1943.097,-0.040
1943.100,-0.053
1943.103,-0.233
1943.105,-0.005
1943.108,0.002
1943.111,-0.284
1943.114,-0.174
1943.116,-0.054
1943.119,-0.067
1943.122,-0.076
1943.125,0.024
1943.127,0.277
1943.130,0.221
1943.133,0.349
1943.136,0.620
1943.138,0.855
1943.141,1.055
1943.144,1.095
1943.147,0.845
1943.149,0.800
1943.152,0.775
1943.155,0.648
1943.158,0.807
1943.160,0.759
1943.163,0.571
1943.166,0.154
1943.168,0.080
1943.171,0.128
1943.174,-0.161
1943.177,-0.362
1943.179,-0.292
1943.182,-0.251
1943.185,0.124
1943.188,0.324
1943.190,0.508
1943.193,0.585
1943.196,0.489
1943.199,0.421
1943.201,0.506
1943.204,0.387
1943.207,0.338
1943.210,0.368
1943.212,0.189
1943.215,-0.249
1943.218,-0.465
1943.221,-0.751
1943.223,-0.605
1943.226,-0.414
1943.229,-0.385
1943.232,-0.302
1943.234,-0.396
1943.237,-0.491
1943.240,-0.543
1943.242,-0.371
1943.245,-0.148
1943.248,-0.105
1943.251,-0.098
1943.253,-0.147
1943.256,-0.005
1943.259,0.283
1943.262,0.489
1943.264,0.370
1943.267,0.366
1943.270,0.449
1943.273,0.545
1943.275,0.562
1943.278,0.597
1943.281,0.610
1943.284,0.694
1943.286,0.670
1943.289,0.569
1943.292,0.694
1943.295,0.716
1943.297,0.690
1943.300,0.680
1943.303,0.744
1943.305,0.760
1943.308,0.842
1943.311,0.889
1943.314,0.731
1943.316,0.418
1943.319,0.526
1943.322,0.661
1943.325,0.840
1943.327,0.770
1943.330,0.623
1943.333,0.639
1943.336,0.539
1943.338,0.546
1943.341,0.408
1943.344,0.542
1943.347,0.340
1943.349,0.168
1943.352,0.235
1943.355,0.224
1943.358,0.391
1943.360,0.471
1943.363,0.329
1943.366,0.383
1943.369,0.353
1943.371,0.428
1943.374,0.432
1943.377,0.362
1943.379,0.205
1943.382,0.081
1943.385,0.123
1943.388,0.134
1943.390,0.210
1943.393,0.122
1943.396,0.082
1943.399,0.159
1943.401,0.183
1943.404,0.158
1943.407,0.036
1943.410,-0.112
1943.412,-0.108
1943.415,-0.304
1943.418,-0.337
1943.421,-0.408
1943.423,-0.380
1943.426,-0.327
1943.429,-0.249
1943.432,-0.354
1943.434,-0.365
1943.437,-0.304
1943.440,-0.271
1943.443,-0.151
1943.445,-0.208
1943.448,-0.148
1943.451,-0.286
1943.453,-0.419
1943.456,-0.386
1943.459,-0.253
1943.462,-0.012
1943.464,0.115
1943.467,0.006
1943.470,0.128
1943.473,-0.089
1943.475,-0.165
1943.478,-0.241
1943.481,-0.237
1943.484,-0.076
1943.486,0.143
1943.489,0.078
1943.492,-0.054
1943.495,-0.087
1943.497,-0.025
1943.500,0.150
1943.503,0.326
1943.505,0.091
1943.508,0.086
1943.511,0.119
1943.514,0.200
1943.516,0.143
1943.519,0.291
1943.522,0.061
1943.525,0.186
1943.527,0.397
1943.530,0.367
1943.533,0.118
1943.536,-0.037
1943.538,-0.032
1943.541,-0.093
1943.544,-0.175
1943.547,-0.146
1943.549,-0.098
1943.552,-0.046
1943.555,-0.166
1943.557,-0.053
1943.560,-0.029
1943.563,-0.042
1943.566,0.121
1943.568,0.179
1943.571,0.198
1943.574,0.272
1943.577,0.329
1943.579,0.331
1943.582,0.044
1943.585,0.022
1943.588,-0.004
1943.590,0.026
1943.593,-0.010
1943.596,-0.067
1943.599,-0.136
1943.601,-0.014
1943.604,0.118
1943.607,0.203
1943.610,0.129
1943.612,-0.044
1943.615,-0.194
1943.618,-0.142
1943.621,-0.148
1943.623,-0.059
1943.626,-0.148
1943.629,-0.058
1943.631,-0.143
1943.634,-0.259
1943.637,-0.133
1943.640,0.025
1943.642,-0.068
1943.645,-0.084
1943.648,-0.217
1943.651,-0.115
1943.653,-0.279
1943.656,-0.381
1943.659,-0.285
1943.662,-0.195
1943.664,-0.267
1943.667,-0.311
1943.670,-0.212
1943.673,-0.005
1943.675,0.063
1943.678,-0.148
1943.681,-0.156
1943.684,-0.196
1943.686,-0.319
1943.689,-0.178
1943.692,-0.210
1943.695,-0.117
1943.697,-0.272
1943.700,-0.267
1943.703,-0.193
1943.705,-0.144
1943.708,-0.148
1943.711,-0.182
1943.714,-0.170
1943.716,-0.111
1943.719,0.030
1943.722,0.101
1943.725,-0.044
1943.727,-0.006
1943.730,0.098
1943.733,0.214
1943.736,0.265
1943.738,0.228
1943.741,0.180
1943.744,0.402
1943.747,0.625
1943.749,0.697
1943.752,0.924
1943.755,1.029
1943.758,0.881
1943.760,0.803
1943.763,0.973
1943.766,1.052
1943.768,1.032
1943.771,0.921
1943.774,0.748
1943.777,0.848
1943.779,0.761
1943.782,0.623
1943.785,0.458
1943.788,0.242
1943.790,0.312
1943.793,0.397
1943.796,0.600
1943.799,0.603
1943.801,0.379
1943.804,0.359
1943.807,0.431
1943.810,0.285
1943.812,0.031
1943.815,0.171
1943.818,0.191
1943.821,0.202
1943.823,0.364
1943.826,0.239
1943.829,-0.013
1943.832,-0.066
1943.834,-0.193
1943.837,-0.284
1943.840,-0.257
1943.842,-0.524
1943.845,-0.558
1943.848,-0.617
1943.851,-0.764
1943.853,-0.478
1943.856,-0.277
1943.859,-0.438
1943.862,-0.450
1943.864,-0.252
1943.867,-0.110
1943.870,0.008
1943.873,0.066
1943.875,0.139
1943.878,0.159
1943.881,0.024
1943.884,0.134
1943.886,0.321
1943.889,0.254
1943.892,0.296
1943.895,0.303
1943.897,0.189
1943.900,0.204
1943.903,0.276
1943.906,0.385
1943.908,0.260
1943.911,0.353
1943.914,0.376
1943.916,0.427
1943.919,0.434
1943.922,0.448
1943.925,0.460
1943.927,0.439
1943.930,0.475
1943.933,0.526
1943.936,0.646
1943.938,0.636
1943.941,0.429
1943.944,0.178
1943.947,0.062
1943.949,0.139
1943.952,-0.025
1943.955,-0.113
1943.958,-0.087
1943.960,-0.025
1943.963,0.108
1943.966,0.298
1943.969,0.150
1943.971,0.063
1943.974,0.041
1943.977,0.015
1943.979,0.229
1943.982,0.472
1943.985,0.600
1943.988,0.561
1943.990,0.357
1943.993,0.449
1943.996,0.799
1943.999,0.652
1944.001,0.580
1944.004,0.563
1944.007,0.704
1944.010,0.465
1944.012,0.410
1944.015,0.421
1944.018,0.429
1944.021,0.456
1944.023,0.629
1944.026,0.624
1944.029,0.724
1944.031,0.915
1944.034,1.028
1944.037,0.893
1944.040,0.694
1944.042,0.462
1944.045,0.640
1944.048,1.065
1944.051,1.225
1944.053,1.178
1944.056,1.076
1944.059,0.875
1944.062,0.772
1944.064,0.858
1944.067,0.653
1944.070,0.697
1944.072,0.706
1944.075,0.657
1944.078,0.422
1944.081,0.307
1944.083,0.161
1944.086,-0.032
1944.089,0.057
1944.092,0.045
1944.094,0.058
1944.097,-0.092
1944.100,0.074
1944.102,0.032
1944.105,0.104
1944.108,-0.054
1944.111,-0.060
1944.113,-0.015
1944.116,0.068
1944.119,0.162
1944.122,-0.044
1944.124,-0.199
1944.127,-0.294
1944.130,-0.107
1944.133,-0.053
1944.135,-0.026
1944.138,0.215
1944.141,0.357
1944.143,0.484
1944.146,0.740
1944.149,0.733
1944.152,0.691
1944.154,0.585
1944.157,0.696
1944.160,0.698
1944.163,0.646
1944.165,0.533
1944.168,0.489
1944.171,0.368
1944.173,0.106
1944.176,0.092
1944.179,0.220
1944.182,0.118
1944.184,0.089
1944.187,0.071
1944.190,0.039
1944.193,0.084
1944.195,0.186
1944.198,0.378
1944.201,0.345
1944.203,0.497
1944.206,0.521
1944.209,0.593
1944.212,0.412
1944.214,0.434
1944.217,0.375
1944.220,0.264
1944.223,0.096
1944.225,0.281
1944.228,0.297
1944.231,0.299
1944.234,0.286
1944.236,0.170
1944.239,0.070
1944.242,-0.269
1944.245,-0.331
1944.247,-0.132
1944.250,-0.164
1944.253,-0.236
1944.255,-0.380
1944.258,-0.289
1944.261,-0.137
1944.264,0.080
1944.266,0.350
1944.269,0.494
1944.272,0.445
1944.275,0.366
1944.277,0.187
1944.280,0.109
1944.283,0.025
1944.286,-0.126
1944.288,0.002
1944.291,0.143
1944.294,0.315
1944.297,0.406
1944.299,0.438
1944.302,0.524
1944.305,0.399
1944.307,0.467
1944.310,0.522
1944.313,0.304
1944.316,0.052
1944.318,0.117
1944.321,0.188
1944.324,0.033
1944.327,0.035
1944.329,0.152
1944.332,0.180
1944.335,0.090
1944.337,-0.036
1944.340,-0.064
1944.343,0.009
1944.346,-0.094
1944.348,0.045
1944.351,-0.157
1944.354,-0.129
1944.357,-0.101
1944.359,-0.017
1944.362,0.334
1944.365,0.404
1944.367,0.302
1944.370,0.229
1944.373,0.189
1944.376,0.121
1944.378,0.100
1944.381,-0.028
1944.384,-0.071
1944.387,-0.003
1944.389,0.030
1944.392,0.047
1944.395,0.166
1944.398,0.012
1944.400,0.042
1944.403,0.131
1944.406,0.296
1944.408,0.165
1944.411,0.179
1944.414,0.187
1944.417,0.148
1944.419,-0.217
1944.422,-0.273
1944.425,-0.124
1944.428,0.129
1944.430,0.088
1944.433,0.286
1944.436,0.010
1944.438,0.034
1944.441,0.238
1944.444,0.393
1944.447,0.277
1944.449,0.314
1944.452,0.310
1944.455,0.293
1944.458,0.000
1944.460,-0.332
1944.463,-0.447
1944.466,-0.421
1944.469,-0.238
1944.471,-0.140
1944.474,-0.021
1944.477,0.197
1944.479,0.150
1944.482,0.165
1944.485,0.049
1944.488,0.024
1944.490,0.180
1944.493,0.230
1944.496,0.231
1944.499,0.380
1944.501,0.294
1944.504,0.239
1944.507,0.163
1944.510,-0.014
1944.512,-0.151
1944.515,-0.180
1944.518,0.074
1944.521,0.252
1944.523,0.230
1944.526,0.214
1944.529,0.241
1944.531,0.115
1944.534,-0.030
1944.537,0.133
1944.540,0.324
1944.542,0.227
1944.545,-0.001
1944.548,-0.099
1944.551,-0.241
1944.553,-0.207
1944.556,-0.246
1944.559,-0.041
1944.562,0.160
1944.564,0.304
1944.567,0.213
1944.570,0.209
1944.572,0.218
1944.575,0.271
1944.578,0.196
1944.581,0.139
1944.583,0.282
1944.586,0.264
1944.589,0.141
1944.592,-0.006
1944.594,-0.095
1944.597,-0.084
1944.600,-0.080
1944.602,0.113
1944.605,0.256
1944.608,0.198
1944.611,0.160
1944.613,0.252
1944.616,0.262
1944.619,0.131
1944.622,0.097
1944.624,0.080
1944.627,0.176
1944.630,0.197
1944.633,0.134
1944.635,0.030
1944.638,0.177
1944.641,0.320
1944.643,0.129
1944.646,0.045
1944.649,0.081
1944.652,0.070
1944.654,0.037
1944.657,-0.024
1944.660,0.237
1944.663,0.242
1944.665,0.078
1944.668,0.195
1944.671,0.357
1944.673,0.615
1944.676,0.409
1944.679,0.432
1944.682,0.424
1944.684,0.423
1944.687,0.405
1944.690,0.450
1944.693,0.403
1944.695,0.442
1944.698,0.496
1944.701,0.384
1944.703,0.341
1944.706,0.397
1944.709,0.150
1944.712,0.051
1944.714,0.088
1944.717,0.107
1944.720,0.220
1944.723,0.285
1944.725,0.352
1944.728,0.423
1944.731,0.489
1944.734,0.535
1944.736,0.567
1944.739,0.493
1944.742,0.339
1944.745,0.245
1944.747,0.127
1944.750,-0.036
1944.753,0.044
1944.755,0.061
1944.758,0.367
1944.761,0.506
1944.764,0.612
1944.766,0.619
1944.769,0.588
1944.772,0.452
1944.775,0.520
1944.777,0.641
1944.780,0.698
1944.783,0.828
1944.786,0.796
1944.788,0.740
1944.791,0.681
1944.794,0.682
1944.797,0.662
1944.799,0.641
1944.802,0.574
1944.805,0.683
1944.807,0.467
1944.810,0.575
1944.813,0.519
1944.816,0.388
1944.818,0.426
1944.821,0.256
1944.824,0.028
1944.827,-0.032
1944.829,0.117
1944.832,0.138
1944.835,0.248
1944.837,0.362
1944.840,0.199
1944.843,0.132
1944.846,-0.061
1944.848,-0.100
1944.851,-0.040
1944.854,0.031
1944.857,0.117
1944.859,0.102
1944.862,0.197
1944.865,0.041
1944.867,0.003
1944.870,0.069
1944.873,0.182
1944.876,0.294
1944.878,0.217
1944.881,0.149
1944.884,0.042
1944.887,-0.170
1944.889,-0.427
1944.892,-0.556
1944.895,-0.701
1944.898,-0.739
1944.900,-0.771
1944.903,-0.836
1944.906,-0.913
1944.908,-1.062
1944.911,-1.250
1944.914,-1.268
1944.917,-1.032
1944.919,-0.814
1944.922,-0.630
1944.925,-0.479
1944.928,-0.201
1944.930,-0.203
1944.933,-0.437
1944.936,-0.479
1944.938,-0.600
1944.941,-0.611
1944.944,-0.388
1944.947,-0.618
1944.949,-0.672
1944.952,-0.512
1944.955,-0.531
1944.958,-0.430
1944.960,-0.448
1944.963,-0.502
1944.966,-0.485
1944.969,-0.505
1944.971,-0.762
1944.974,-0.852
1944.977,-0.716
1944.979,-0.528
1944.982,-0.289
1944.985,-0.239
1944.988,-0.113
1944.990,0.046
1944.993,0.254
1944.996,0.389
1944.999,0.045
1945.001,-0.159
1945.004,-0.334
1945.007,-0.444
1945.010,-0.652
1945.012,-0.777
1945.015,-0.823
1945.018,-0.522
1945.021,-0.479
1945.023,-0.549
1945.026,-0.649
1945.029,-0.461
1945.031,-0.217
1945.034,-0.039
1945.037,-0.126
1945.040,-0.199
1945.042,-0.153
1945.045,0.022
1945.048,0.371
1945.051,0.594
1945.053,0.610
1945.056,0.648
1945.059,0.433
1945.062,0.283
1945.064,0.031
1945.067,-0.147
1945.070,-0.338
1945.073,-0.630
1945.075,-0.694
1945.078,-1.005
1945.081,-1.047
1945.084,-1.114
1945.086,-1.004
1945.089,-0.734
1945.092,-0.607
1945.094,-0.703
1945.097,-0.515
1945.100,-0.488
1945.103,-0.305
1945.105,-0.013
1945.108,0.176
1945.111,-0.005
1945.114,-0.006
1945.116,-0.110
1945.119,-0.328
1945.122,-0.519
1945.125,-0.629
1945.127,-0.831
1945.130,-1.143
1945.133,-1.288
1945.136,-1.296
1945.138,-1.114
1945.141,-0.893
1945.144,-0.795
1945.147,-0.986
1945.149,-0.973
1945.152,-0.973
1945.155,-0.678
1945.158,-0.564
1945.160,-0.450
1945.163,-0.474
1945.166,-0.471
1945.168,-0.633
1945.171,-0.846
1945.174,-1.041
1945.177,-1.144
1945.179,-1.146
1945.182,-0.981
1945.185,-0.766
1945.188,-0.774
1945.190,-0.596
1945.193,-0.470
1945.196,-0.331
1945.199,-0.141
1945.201,-0.081
1945.204,0.052
1945.207,0.189
1945.210,0.232
1945.212,0.098
1945.215,0.260
1945.218,0.548
1945.221,0.614
1945.223,0.582
1945.226,0.536
1945.229,0.520
1945.232,0.640
1945.234,0.689
1945.237,0.634
1945.240,0.690
1945.242,0.522
1945.245,0.403
1945.248,0.290
1945.251,0.283
1945.253,0.158
1945.256,0.162
1945.259,0.191
1945.262,0.359
1945.264,0.533
1945.267,0.784
1945.270,1.019
1945.273,1.022
1945.275,0.908
1945.278,0.985
1945.281,0.859
1945.284,0.753
1945.286,0.680
1945.289,0.613
1945.292,0.601
1945.295,0.531
1945.297,0.574
1945.300,0.667
1945.303,0.452
1945.305,0.367
1945.308,0.176
1945.311,0.194
1945.314,0.187
1945.316,0.228
1945.319,0.368
1945.322,0.299
1945.325,0.117
1945.327,0.057
1945.330,0.031
1945.333,0.091
1945.336,0.098
1945.338,0.062
1945.341,0.134
1945.344,0.045
1945.347,0.073
1945.349,0.054
1945.352,-0.088
1945.355,-0.225
1945.358,-0.291
1945.360,-0.231
1945.363,-0.169
1945.366,-0.384
1945.369,-0.569
1945.371,-0.374
1945.374,-0.205
1945.377,-0.165
1945.379,-0.080
1945.382,-0.142
1945.385,-0.078
1945.388,-0.080
1945.390,-0.111
1945.393,-0.057
1945.396,-0.083
1945.399,0.077
1945.401,0.083
1945.404,0.183
1945.407,0.083
1945.410,-0.075
1945.412,-0.088
1945.415,-0.133
1945.418,-0.067
1945.421,0.007
1945.423,-0.097
1945.426,-0.104
1945.429,-0.093
1945.432,-0.044
1945.434,-0.102
1945.437,-0.036
1945.440,0.164
1945.443,0.160
1945.445,0.091
1945.448,0.074
1945.451,0.053
1945.453,0.054
1945.456,0.097
1945.459,0.053
1945.462,0.025
1945.464,0.094
1945.467,0.015
1945.470,0.163
1945.473,0.243
1945.475,0.073
1945.478,0.154
1945.481,0.167
1945.484,-0.101
1945.486,-0.344
1945.489,-0.360
1945.492,-0.327
1945.495,-0.061
1945.497,0.067
1945.500,-0.181
1945.503,-0.250
1945.505,-0.044
1945.508,0.038
1945.511,0.062
1945.514,0.061
1945.516,-0.014
1945.519,-0.125
1945.522,-0.299
1945.525,-0.484
1945.527,-0.282
1945.530,-0.249
1945.533,-0.151
1945.536,-0.427
1945.538,-0.333
1945.541,-0.279
1945.544,-0.228
1945.547,-0.213
1945.549,-0.136
1945.552,0.020
1945.555,0.038
1945.557,-0.094
1945.560,0.036
1945.563,0.108
1945.566,0.132
1945.568,0.146
1945.571,0.201
1945.574,0.255
1945.577,0.183
1945.579,0.145
1945.582,0.132
1945.585,0.235
1945.588,0.291
1945.590,0.263
1945.593,0.282
1945.596,0.386
1945.599,0.468
1945.601,0.441
1945.604,0.447
1945.607,0.431
1945.610,0.393
1945.612,0.315
1945.615,0.399
1945.618,0.393
1945.621,0.406
1945.623,0.312
1945.626,0.447
1945.629,0.375
1945.631,0.369
1945.634,0.539
1945.637,0.593
1945.640,0.502
1945.642,0.403
1945.645,0.381
1945.648,0.394
1945.651,0.354
1945.653,0.476
1945.656,0.491
1945.659,0.462
1945.662,0.255
1945.664,0.198
1945.667,0.239
1945.670,0.135
1945.673,0.177
1945.675,0.274
1945.678,0.411
1945.681,0.333
1945.684,0.270
1945.686,0.269
1945.689,0.143
1945.692,0.007
1945.695,0.019
1945.697,0.038
1945.700,0.037
1945.703,-0.026
1945.705,-0.085
1945.708,-0.238
1945.711,-0.020
1945.714,0.075
1945.716,0.168
1945.719,0.214
1945.722,0.161
1945.725,0.087
1945.727,0.083
1945.730,0.123
1945.733,0.100
1945.736,0.033
1945.738,-0.169
1945.741,-0.206
1945.744,-0.199
1945.747,-0.163
1945.749,-0.193
1945.752,-0.219
1945.755,-0.272
1945.758,-0.171
1945.760,0.003
1945.763,0.391
1945.766,0.456
1945.768,0.444
1945.771,0.396
1945.774,0.248
1945.777,0.319
1945.779,0.304
1945.782,0.391
1945.785,0.441
1945.788,0.412
1945.790,0.462
1945.793,0.446
1945.796,0.603
1945.799,0.465
1945.801,0.447
1945.804,0.283
1945.807,0.110
1945.810,-0.097
1945.812,-0.036
1945.815,0.142
1945.818,0.098
1945.821,0.176
1945.823,0.238
1945.826,0.404
1945.829,0.429
1945.832,0.408
1945.834,0.404
1945.837,0.532
1945.840,0.562
1945.842,0.485
1945.845,0.384
1945.848,0.257
1945.851,0.207
1945.853,0.159
1945.856,-0.189
1945.859,-0.461
1945.862,-0.428
1945.864,-0.256
1945.867,-0.196
1945.870,-0.461
1945.873,-0.482
1945.875,-0.602
1945.878,-0.761
1945.881,-0.932
1945.884,-0.833
1945.886,-0.774
1945.889,-0.782
1945.892,-0.713
1945.895,-0.716
1945.897,-0.604
1945.900,-0.320
1945.903,-0.180
1945.906,-0.387
1945.908,-0.483
1945.911,-0.176
1945.914,0.033
1945.916,-0.055
1945.919,-0.147
1945.922,-0.356
1945.925,-0.582
1945.927,-0.757
1945.930,-0.684
1945.933,-0.787
1945.936,-1.011
1945.938,-0.983
1945.941,-0.987
1945.944,-0.849
1945.947,-0.580
1945.949,-0.474
1945.952,-0.675
1945.955,-1.054
1945.958,-1.150
1945.960,-1.262
1945.963,-1.228
1945.966,-1.211
1945.969,-1.103
1945.971,-1.160
1945.974,-1.156
1945.977,-0.852
1945.979,-0.564
1945.982,-0.397
1945.985,-0.435
1945.988,-0.675
1945.990,-0.540
1945.993,-0.318
1945.996,-0.199
1945.999,-0.228
1946.001,-0.190
1946.004,0.009
1946.007,0.135
1946.010,0.497
1946.012,0.731
1946.015,0.788
1946.018,0.708
1946.021,0.841
1946.023,0.740
1946.026,0.679
1946.029,0.728
1946.031,0.753
1946.034,0.557
1946.037,0.271
1946.040,0.142
1946.042,0.025
1946.045,0.188
1946.048,0.470
1946.051,0.403
1946.053,0.295
1946.056,0.181
1946.059,0.293
1946.062,0.267
1946.064,-0.009
1946.067,-0.274
1946.070,-0.458
1946.073,-0.706
1946.075,-0.851
1946.078,-0.881
1946.081,-0.733
1946.084,-0.656
1946.086,-0.630
1946.089,-0.706
1946.092,-0.528
1946.094,-0.218
1946.097,0.125
1946.100,0.285
1946.103,0.265
1946.105,0.162
1946.108,-0.009
1946.111,-0.217
1946.114,-0.193
1946.116,0.143
1946.119,0.238
1946.122,0.183
1946.125,0.102
1946.127,0.116
1946.130,0.244
1946.133,0.394
1946.136,0.579
1946.138,0.436
1946.141,0.436
1946.144,0.373
1946.147,0.523
1946.149,0.555
1946.152,0.547
1946.155,0.143
1946.158,-0.127
1946.160,-0.026
1946.163,-0.079
1946.166,0.067
1946.168,0.107
1946.171,-0.069
1946.174,-0.138
1946.177,-0.121
1946.179,-0.369
1946.182,-0.497
1946.185,-0.519
1946.188,-0.361
1946.190,-0.296
1946.193,-0.178
1946.196,0.034
1946.199,0.139
1946.201,0.006
1946.204,-0.259
1946.207,-0.198
1946.210,0.035
1946.212,0.044
1946.215,0.073
1946.218,0.120
1946.221,0.147
1946.223,0.119
1946.226,0.169
1946.229,0.130
1946.232,0.255
1946.234,0.360
1946.237,0.593
1946.240,0.669
1946.242,0.673
1946.245,0.526
1946.248,0.774
1946.251,0.822
1946.253,0.990
1946.256,1.025
1946.259,1.061
1946.262,0.772
1946.264,0.700
1946.267,0.719
1946.270,0.550
1946.273,0.476
1946.275,0.493
1946.278,0.579
1946.281,0.747
1946.284,0.633
1946.286,0.675
1946.289,0.518
1946.292,0.457
1946.295,0.629
1946.297,0.609
1946.300,0.364
1946.303,0.496
1946.305,0.591
1946.308,0.799
1946.311,0.632
1946.314,0.736
1946.316,0.452
1946.319,0.279
1946.322,0.463
1946.325,0.455
1946.327,0.299
1946.330,0.109
1946.333,0.114
1946.336,0.202
1946.338,0.005
1946.341,0.134
1946.344,0.365
1946.347,0.441
1946.349,0.383
1946.352,0.347
1946.355,0.263
1946.358,0.174
1946.360,0.109
1946.363,0.142
1946.366,0.185
1946.369,0.240
1946.371,0.177
1946.374,0.119
1946.377,0.158
1946.379,0.069
1946.382,0.106
1946.385,0.195
1946.388,0.205
1946.390,0.050
1946.393,0.053
1946.396,0.207
1946.399,0.131
1946.401,0.188
1946.404,0.244
1946.407,0.251
1946.410,0.140
1946.412,-0.077
1946.415,-0.120
1946.418,-0.134
1946.421,-0.065
1946.423,-0.008
1946.426,0.004
1946.429,-0.172
1946.432,0.015
1946.434,0.149
1946.437,0.209
1946.440,0.214
1946.443,0.342
1946.445,0.098
1946.448,-0.167
1946.451,-0.173
1946.453,-0.144
1946.456,-0.048
1946.459,-0.014
1946.462,-0.109
1946.464,-0.217
1946.467,-0.228
1946.470,-0.264
1946.473,-0.349
1946.475,-0.503
1946.478,-0.504
1946.481,-0.305
1946.484,-0.155
1946.486,-0.098
1946.489,0.013
1946.492,0.032
1946.495,0.120
1946.497,0.127
1946.500,0.065
1946.503,0.098
1946.505,-0.031
1946.508,0.130
1946.511,0.141
1946.514,0.072
1946.516,0.055
1946.519,0.128
1946.522,0.081
1946.525,0.061
1946.527,0.263
1946.530,0.269
1946.533,0.042
1946.536,-0.144
1946.538,-0.075
1946.541,0.102
1946.544,0.130
1946.547,0.172
1946.549,0.204
1946.552,0.333
1946.555,0.236
1946.557,0.238
1946.560,0.249
1946.563,0.188
1946.566,0.015
1946.568,0.010
1946.571,0.072
1946.574,0.192
1946.577,0.243
1946.579,0.213
1946.582,0.151
1946.585,0.038
1946.588,0.042
1946.590,0.147
1946.593,0.217
1946.596,0.276
1946.599,0.206
1946.601,0.058
1946.604,0.070
1946.607,0.177
1946.610,0.327
1946.612,0.194
1946.615,0.044
1946.618,0.018
1946.621,-0.151
1946.623,-0.084
1946.626,-0.042
1946.629,0.105
1946.631,-0.012
1946.634,-0.020
1946.637,-0.027
1946.640,-0.150
1946.642,-0.051
1946.645,-0.152
1946.648,-0.150
1946.651,-0.292
1946.653,-0.299
1946.656,-0.297
1946.659,-0.351
1946.662,-0.335
1946.664,-0.399
1946.667,-0.475
1946.670,-0.416
1946.673,-0.264
1946.675,-0.120
1946.678,-0.087
1946.681,-0.160
1946.684,-0.164
1946.686,-0.137
1946.689,0.098
1946.692,0.191
1946.695,0.204
1946.697,0.070
1946.700,0.095
1946.703,0.140
1946.705,0.100
1946.708,-0.003
1946.711,-0.016
1946.714,-0.016
1946.716,0.005
1946.719,-0.116
1946.722,-0.061
1946.725,-0.211
1946.727,-0.233
1946.730,-0.069
1946.733,-0.065
1946.736,-0.146
1946.738,-0.285
1946.741,-0.288
1946.744,-0.360
1946.747,-0.252
1946.749,-0.248
1946.752,-0.250
1946.755,-0.271
1946.758,-0.275
1946.760,-0.187
1946.763,-0.185
1946.766,-0.430
1946.768,-0.555
1946.771,-0.282
1946.774,-0.166
1946.777,-0.080
1946.779,0.023
1946.782,-0.020
1946.785,0.014
1946.788,0.058
1946.790,0.169
1946.793,0.188
1946.796,0.119
1946.799,0.159
1946.801,0.311
1946.804,0.417
1946.807,0.406
1946.810,0.115
1946.812,-0.244
1946.815,-0.280
1946.818,-0.272
1946.821,-0.225
1946.823,-0.086
1946.826,0.064
1946.829,-0.019
1946.832,-0.158
1946.834,-0.143
1946.837,-0.135
1946.840,0.069
1946.842,0.152
1946.845,0.072
1946.848,0.036
1946.851,-0.192
1946.853,-0.191
1946.856,-0.076
1946.859,0.051
1946.862,0.108
1946.864,0.118
1946.867,0.261
1946.870,0.351
1946.873,0.329
1946.875,0.026
1946.878,-0.202
1946.881,-0.381
1946.884,-0.115
1946.886,0.152
1946.889,0.093
1946.892,-0.156
1946.895,-0.412
1946.897,-0.419
1946.900,-0.227
1946.903,-0.290
1946.906,-0.377
1946.908,-0.642
1946.911,-0.642
1946.914,-0.271
1946.916,-0.209
1946.919,-0.333
1946.922,-0.215
1946.925,-0.397
1946.927,-0.370
1946.930,-0.383
1946.933,-0.252
1946.936,-0.317
1946.938,-0.523
1946.941,-0.787
1946.944,-0.932
1946.947,-1.028
1946.949,-1.007
1946.952,-1.041
1946.955,-1.165
1946.958,-1.290
1946.960,-1.368
1946.963,-1.263
1946.966,-0.914
1946.969,-0.884
1946.971,-0.794
1946.974,-0.627
1946.977,-0.599
1946.979,-0.656
1946.982,-0.554
1946.985,-0.401
1946.988,-0.396
1946.990,-0.671
1946.993,-0.814
1946.996,-0.711
1946.999,-0.796
1947.001,-0.960
1947.004,-0.929
1947.007,-1.066
1947.010,-0.584
1947.012,-0.259
1947.015,0.083
1947.018,0.319
1947.021,0.477
1947.023,0.513
1947.026,0.415
1947.029,0.198
1947.031,-0.046
1947.034,-0.339
1947.037,-0.313
1947.040,-0.559
1947.042,-0.635
1947.045,-0.656
1947.048,-0.488
1947.051,-0.318
1947.053,-0.456
1947.056,-0.605
1947.059,-0.406
1947.062,-0.031
1947.064,0.143
1947.067,0.163
1947.070,0.068
1947.073,0.176
1947.075,0.251
1947.078,0.094
1947.081,-0.195
1947.084,-0.063
1947.086,-0.435
1947.089,-0.356
1947.092,-0.357
1947.094,-0.398
1947.097,-0.285
1947.100,-0.025
1947.103,-0.163
1947.105,-0.373
1947.108,-0.349
1947.111,-0.193
1947.114,-0.153
1947.116,-0.254
1947.119,0.097
1947.122,0.131
1947.125,0.139
1947.127,0.278
1947.130,0.199
1947.133,0.105
1947.136,-0.090
1947.138,-0.148
1947.141,0.072
1947.144,0.341
1947.147,0.619
1947.149,0.430
1947.152,0.242
1947.155,0.241
1947.158,0.254
1947.160,0.144
1947.163,0.037
1947.166,0.074
1947.168,0.090
1947.171,0.241
1947.174,0.384
1947.177,0.322
1947.179,0.273
1947.182,0.343
1947.185,0.377
1947.188,0.422
1947.190,0.477
1947.193,0.369
1947.196,0.448
1947.199,0.461
1947.201,0.297
1947.204,0.526
1947.207,0.589
1947.210,0.505
1947.212,0.646
1947.215,0.746
1947.218,0.939
1947.221,1.160
1947.223,1.172
1947.226,1.155
1947.229,0.842
1947.232,0.770
1947.234,0.855
1947.237,0.900
1947.240,0.976
1947.242,0.970
1947.245,0.971
1947.248,0.905
1947.251,0.811
1947.253,0.804
1947.256,0.742
1947.259,0.903
1947.262,1.031
1947.264,0.893
1947.267,0.873
1947.270,1.095
1947.273,1.094
1947.275,0.943
1947.278,0.534
1947.281,0.318
1947.284,0.496
1947.286,0.416
1947.289,0.214
1947.292,0.072
1947.295,0.116
1947.297,0.178
1947.300,-0.005
1947.303,0.084
1947.305,0.159
1947.308,0.295
1947.311,0.391
1947.314,0.210
1947.316,0.205
1947.319,0.221
1947.322,0.308
1947.325,0.420
1947.327,0.530
1947.330,0.542
1947.333,0.702
1947.336,0.524
1947.338,0.309
1947.341,0.354
1947.344,0.112
1947.347,0.140
1947.349,0.116
1947.352,0.090
1947.355,0.057
1947.358,-0.035
1947.360,0.178
1947.363,0.209
1947.366,0.197
1947.369,0.258
1947.371,0.302
1947.374,0.249
1947.377,0.243
1947.379,0.246
1947.382,0.309
1947.385,0.219
1947.388,0.187
1947.390,0.044
1947.393,0.087
1947.396,0.100
1947.399,0.072
1947.401,-0.215
1947.404,-0.273
1947.407,-0.184
1947.410,-0.318
1947.412,-0.298
1947.415,-0.227
1947.418,-0.162
1947.421,-0.076
1947.423,-0.122
1947.426,-0.240
1947.429,-0.203
1947.432,0.066
1947.434,0.113
1947.437,0.163
1947.440,0.091
1947.443,-0.009
1947.445,0.087
1947.448,0.095
1947.451,-0.008
1947.453,-0.144
1947.456,0.148
1947.459,0.327
1947.462,0.215
1947.464,0.113
1947.467,0.125
1947.470,0.053
1947.473,0.064
1947.475,0.032
1947.478,0.107
1947.481,0.200
1947.484,0.203
1947.486,0.152
1947.489,0.286
1947.492,-0.041
1947.495,-0.122
1947.497,-0.011
1947.500,0.124
1947.503,0.088
1947.505,0.236
1947.508,0.218
1947.511,0.053
1947.514,0.007
1947.516,0.086
1947.519,0.037
1947.522,0.096
1947.525,0.174
1947.527,0.219
1947.530,0.228
1947.533,0.415
1947.536,0.505
1947.538,0.280
1947.541,0.045
1947.544,-0.110
1947.547,-0.287
1947.549,-0.178
1947.552,-0.080
1947.555,-0.095
1947.557,-0.110
1947.560,-0.112
1947.563,-0.076
1947.566,0.026
1947.568,0.040
1947.571,-0.103
1947.574,-0.207
1947.577,-0.311
1947.579,-0.204
1947.582,-0.110
1947.585,-0.071
1947.588,0.055
1947.590,0.046
1947.593,0.026
1947.596,0.056
1947.599,0.057
1947.601,-0.015
1947.604,-0.008
1947.607,-0.118
1947.610,-0.037
1947.612,-0.039
1947.615,0.020
1947.618,-0.059
1947.621,-0.006
1947.623,-0.028
1947.626,-0.107
1947.629,-0.006
1947.631,0.079
1947.634,0.192
1947.637,0.141
1947.640,-0.041
1947.642,-0.196
1947.645,-0.294
1947.648,-0.341
1947.651,-0.272
1947.653,-0.246
1947.656,-0.047
1947.659,-0.047
1947.662,0.016
1947.664,0.015
1947.667,0.064
1947.670,0.129
1947.673,-0.050
1947.675,-0.112
1947.678,-0.087
1947.681,-0.033
1947.684,-0.230
1947.686,-0.228
1947.689,-0.098
1947.692,0.152
1947.695,0.320
1947.697,0.316
1947.700,0.174
1947.703,0.273
1947.705,0.232
1947.708,-0.001
1947.711,-0.133
1947.714,-0.011
1947.716,0.146
1947.719,0.129
1947.722,0.106
1947.725,0.135
1947.727,-0.051
1947.730,-0.185
1947.733,-0.048
1947.736,0.060
1947.738,0.154
1947.741,0.212
1947.744,0.315
1947.747,0.352
1947.749,0.323
1947.752,0.461
1947.755,0.512
1947.758,0.497
1947.760,0.591
1947.763,0.583
1947.766,0.522
1947.768,0.441
1947.771,0.176
1947.774,0.263
1947.777,0.624
1947.779,0.782
1947.782,0.824
1947.785,0.822
1947.788,0.877
1947.790,0.979
1947.793,1.004
1947.796,1.088
1947.799,1.008
1947.801,0.974
1947.804,0.962
1947.807,0.869
1947.810,0.697
1947.812,0.565
1947.815,0.591
1947.818,0.821
1947.821,0.840
1947.823,0.804
1947.826,0.765
1947.829,0.619
1947.832,0.644
1947.834,0.655
1947.837,0.583
1947.840,0.593
1947.842,0.471
1947.845,0.252
1947.848,0.230
1947.851,0.188
1947.853,-0.018
1947.856,-0.310
1947.859,-0.357
1947.862,-0.539
1947.864,-0.469
1947.867,-0.283
1947.870,-0.160
1947.873,0.063
1947.875,0.102
1947.878,0.239
1947.881,0.119
1947.884,-0.040
1947.886,0.011
1947.889,-0.015
1947.892,-0.067
1947.895,0.059
1947.897,-0.042
1947.900,0.002
1947.903,0.122
1947.906,0.262
1947.908,0.248
1947.911,0.259
1947.914,0.178
1947.916,0.083
1947.919,-0.203
1947.922,-0.108
1947.925,-0.228
1947.927,0.069
1947.930,-0.088
1947.933,-0.313
1947.936,-0.577
1947.938,-0.799
1947.941,-0.961
1947.944,-1.025
1947.947,-0.980
1947.949,-0.998
1947.952,-0.906
1947.955,-0.933
1947.958,-0.900
1947.960,-0.660
1947.963,-0.448
1947.966,-0.327
1947.969,-0.161
1947.971,0.033
1947.974,0.247
1947.977,0.235
1947.979,0.373
1947.982,0.414
1947.985,0.377
1947.988,0.521
1947.990,0.495
1947.993,0.561
1947.996,0.753
1947.999,1.004
1948.001,1.083
1948.004,1.116
1948.007,1.110
1948.010,1.173
1948.012,0.874
1948.015,0.659
1948.018,0.863
1948.021,1.229
1948.023,1.425
1948.026,1.268
1948.029,1.011
1948.031,0.957
1948.034,0.867
1948.037,0.643
1948.040,0.187
1948.042,0.148
1948.045,0.037
1948.048,0.169
1948.051,0.138
1948.053,0.194
1948.056,0.306
1948.059,0.372
1948.062,-0.078
1948.064,-0.273
1948.067,-0.341
1948.070,-0.218
1948.072,0.011
1948.075,0.049
1948.078,0.287
1948.081,0.390
1948.083,0.443
1948.086,0.274
1948.089,0.072
1948.092,-0.156
1948.094,-0.006
1948.097,0.138
1948.100,0.068
1948.102,-0.157
1948.105,-0.367
1948.108,-0.255
1948.111,-0.065
1948.113,0.091
1948.116,0.067
1948.119,-0.162
1948.122,-0.320
1948.124,-0.404
1948.127,-0.332
1948.130,-0.137
1948.133,-0.349
1948.135,-0.612
1948.138,-0.443
1948.141,-0.269
1948.143,-0.248
1948.146,-0.253
1948.149,-0.051
1948.152,0.107
1948.154,0.102
1948.157,-0.173
1948.160,-0.193
1948.163,-0.758
1948.165,-1.018
1948.168,-0.917
1948.171,-1.115
1948.173,-0.832
1948.176,-0.666
1948.179,-0.615
1948.182,-0.536
1948.184,-0.615
1948.187,-0.747
1948.190,-0.794
1948.193,-0.984
1948.195,-0.840
1948.198,-0.476
1948.201,-0.346
1948.203,-0.397
1948.206,-0.599
1948.209,-0.840
1948.212,-0.486
1948.214,-0.388
1948.217,-0.544
1948.220,-0.454
1948.223,-0.422
1948.225,-0.230
1948.228,-0.104
1948.231,0.186
1948.234,0.316
1948.236,0.407
1948.239,0.393
1948.242,0.497
1948.245,0.409
1948.247,0.496
1948.250,0.520
1948.253,0.491
1948.255,0.269
1948.258,0.116
1948.261,0.235
1948.264,0.367
1948.266,0.575
1948.269,0.527
1948.272,0.506
1948.275,0.461
1948.277,0.175
1948.280,-0.024
1948.283,-0.238
1948.286,-0.228
1948.288,-0.051
1948.291,0.027
1948.294,0.071
1948.297,0.136
1948.299,0.106
1948.302,0.170
1948.305,0.082
1948.307,-0.068
1948.310,-0.029
1948.313,0.043
1948.316,-0.165
1948.318,-0.210
1948.321,0.024
1948.324,0.326
1948.327,0.324
1948.329,0.492
1948.332,0.542
1948.335,0.658
1948.337,0.454
1948.340,0.279
1948.343,0.426
1948.346,0.527
1948.348,0.285
1948.351,-0.020
1948.354,-0.169
1948.357,-0.124
1948.359,0.001
1948.362,0.128
1948.365,0.266
1948.367,0.189
1948.370,0.172
1948.373,0.064
1948.376,-0.026
1948.378,-0.055
1948.381,-0.017
1948.384,0.148
1948.387,0.231
1948.389,0.288
1948.392,0.427
1948.395,0.472
1948.398,0.462
1948.400,0.568
1948.403,0.492
1948.406,0.385
1948.408,0.292
1948.411,0.301
1948.414,0.412
1948.417,0.463
1948.419,0.473
1948.422,0.401
1948.425,0.365
1948.428,0.310
1948.430,0.424
1948.433,0.496
1948.436,0.509
1948.438,0.368
1948.441,0.184
1948.444,0.200
1948.447,0.238
1948.449,0.125
1948.452,-0.001
1948.455,0.067
1948.458,0.151
1948.460,0.113
1948.463,0.121
1948.466,0.173
1948.469,0.181
1948.471,0.050
1948.474,0.005
1948.477,-0.020
1948.479,-0.005
1948.482,-0.069
1948.485,-0.082
1948.488,-0.014
1948.490,-0.060
1948.493,0.044
1948.496,0.051
1948.499,0.188
1948.501,0.216
1948.504,0.001
1948.507,0.086
1948.510,0.061
1948.512,-0.037
1948.515,0.156
1948.518,0.179
1948.521,0.155
1948.523,0.203
1948.526,0.178
1948.529,0.063
1948.531,-0.066
1948.534,-0.244
1948.537,-0.252
1948.540,-0.003
1948.542,0.198
1948.545,0.182
1948.548,0.151
1948.551,0.155
1948.553,0.134
1948.556,0.354
1948.559,0.176
1948.562,0.168
1948.564,0.177
1948.567,0.029
1948.570,-0.014
1948.572,-0.036
1948.575,0.057
1948.578,0.081
1948.581,0.099
1948.583,-0.066
1948.586,-0.104
1948.589,-0.063
1948.592,-0.008
1948.594,-0.066
1948.597,-0.099
1948.600,0.023
1948.602,0.034
1948.605,0.209
1948.608,0.295
1948.611,0.374
1948.613,0.318
1948.616,0.307
1948.619,0.303
1948.622,0.119
1948.624,-0.009
1948.627,0.169
1948.630,0.286
1948.633,0.116
1948.635,0.048
1948.638,-0.088
1948.641,-0.137
1948.643,-0.146
1948.646,-0.205
1948.649,-0.176
1948.652,-0.117
1948.654,-0.108
1948.657,-0.059
1948.660,-0.184
1948.663,-0.091
1948.665,-0.131
1948.668,-0.156
1948.671,-0.005
1948.673,-0.033
1948.676,0.007
1948.679,0.036
1948.682,-0.048
1948.684,-0.109
1948.687,-0.124
1948.690,-0.144
1948.693,-0.172
1948.695,-0.163
1948.698,-0.141
1948.701,-0.269
1948.703,-0.097
1948.706,-0.020
1948.709,0.004
1948.712,0.100
1948.714,0.200
1948.717,0.228
1948.720,0.330
1948.723,0.268
1948.725,0.024
1948.728,-0.037
1948.731,-0.092
1948.734,0.096
1948.736,0.141
1948.739,0.133
1948.742,0.109
1948.745,0.222
1948.747,0.362
1948.750,0.455
1948.753,0.443
1948.755,0.564
1948.758,0.451
1948.761,0.434
1948.764,0.319
1948.766,0.342
1948.769,0.296
1948.772,0.303
1948.775,0.244
1948.777,0.096
1948.780,0.018
1948.783,-0.011
1948.786,-0.061
1948.788,-0.134
1948.791,-0.039
1948.794,0.031
1948.797,-0.068
1948.799,-0.003
1948.802,0.188
1948.805,-0.042
1948.807,0.003
1948.810,0.062
1948.813,0.305
1948.816,0.398
1948.818,0.448
1948.821,0.436
1948.824,0.407
1948.827,0.441
1948.829,0.384
1948.832,0.312
1948.835,0.327
1948.837,0.237
1948.840,0.342
1948.843,0.282
1948.846,0.307
1948.848,0.218
1948.851,0.012
1948.854,0.023
1948.857,0.160
1948.859,0.124
1948.862,0.041
1948.865,0.141
1948.867,0.276
1948.870,0.255
1948.873,0.304
1948.876,0.240
1948.878,0.109
1948.881,-0.130
1948.884,-0.370
1948.887,-0.404
1948.889,-0.422
1948.892,-0.290
1948.895,-0.298
1948.898,-0.258
1948.900,-0.317
1948.903,-0.442
1948.906,-0.343
1948.908,-0.490
1948.911,-0.553
1948.914,-0.414
1948.917,0.040
1948.919,0.299
1948.922,0.304
1948.925,0.132
1948.928,0.061
1948.930,0.144
1948.933,0.026
1948.936,-0.112
1948.938,-0.109
1948.941,-0.164
1948.944,0.028
1948.947,0.185
1948.949,-0.033
1948.952,-0.304
1948.955,-0.338
1948.958,-0.545
1948.960,-0.608
1948.963,-0.958
1948.966,-1.198
1948.969,-0.924
1948.971,-0.815
1948.974,-0.782
1948.977,-0.580
1948.979,-0.738
1948.982,-0.841
1948.985,-0.631
1948.988,-0.288
1948.990,-0.428
1948.993,-0.638
1948.996,-0.842
1948.999,-0.737
1949.001,-0.433
1949.004,-0.207
1949.007,-0.443
1949.010,-0.427
1949.012,0.038
1949.015,0.405
1949.018,0.526
1949.021,0.553
1949.023,0.364
1949.026,0.347
1949.029,0.367
1949.031,0.574
1949.034,0.703
1949.037,0.800
1949.040,0.710
1949.042,0.510
1949.045,0.139
1949.048,0.069
1949.051,0.079
1949.053,-0.064
1949.056,0.112
1949.059,0.498
1949.062,0.635
1949.064,0.536
1949.067,0.435
1949.070,0.584
1949.073,0.551
1949.075,0.521
1949.078,0.497
1949.081,0.444
1949.084,0.149
1949.086,-0.068
1949.089,-0.400
1949.092,-0.470
1949.094,-0.461
1949.097,-0.394
1949.100,-0.327
1949.103,-0.599
1949.105,-0.760
1949.108,-0.888
1949.111,-1.019
1949.114,-1.210
1949.116,-1.199
1949.119,-1.113
1949.122,-1.063
1949.125,-0.960
1949.127,-0.737
1949.130,-0.455
1949.133,-0.179
1949.136,-0.057
1949.138,-0.250
1949.141,-0.322
1949.144,-0.328
1949.147,-0.325
1949.149,-0.448
1949.152,-0.433
1949.155,-0.364
1949.158,-0.392
1949.160,-0.373
1949.163,-0.407
1949.166,-0.070
1949.168,0.038
1949.171,0.178
1949.174,-0.105
1949.177,-0.376
1949.179,-0.432
1949.182,-0.465
1949.185,-0.518
1949.188,-0.602
1949.190,-0.617
1949.193,-0.709
1949.196,-0.852
1949.199,-0.842
1949.201,-0.718
1949.204,-0.668
1949.207,-0.672
1949.210,-0.663
1949.212,-0.770
1949.215,-0.761
1949.218,-0.594
1949.221,-0.432
1949.223,-0.154
1949.226,0.098
1949.229,0.161
1949.232,0.198
1949.234,0.289
1949.237,0.194
1949.240,0.172
1949.242,0.121
1949.245,-0.207
1949.248,-0.251
1949.251,-0.276
1949.253,-0.081
1949.256,0.012
1949.259,-0.023
1949.262,0.078
1949.264,0.448
1949.267,0.506
1949.270,0.420
1949.273,0.182
1949.275,0.062
1949.278,-0.049
1949.281,0.056
1949.284,0.147
1949.286,0.094
1949.289,-0.073
1949.292,0.031
1949.295,0.074
1949.297,0.148
1949.300,0.208
1949.303,0.162
1949.305,-0.023
1949.308,-0.119
1949.311,-0.485
1949.314,-0.417
1949.316,-0.173
1949.319,0.135
1949.322,0.196
1949.325,0.361
1949.327,0.184
1949.330,0.330
1949.333,0.445
1949.336,0.614
1949.338,0.337
1949.341,0.226
1949.344,0.297
1949.347,0.042
1949.349,0.013
1949.352,-0.046
1949.355,-0.211
1949.358,-0.047
1949.360,0.011
1949.363,-0.018
1949.366,0.078
1949.369,0.129
1949.371,0.230
1949.374,0.176
1949.377,0.173
1949.379,-0.037
1949.382,-0.173
1949.385,-0.066
1949.388,-0.161
1949.390,-0.270
1949.393,-0.208
1949.396,-0.177
1949.399,-0.101
1949.401,0.051
1949.404,0.128
1949.407,0.002
1949.410,-0.025
1949.412,0.019
1949.415,-0.026
1949.418,-0.166
1949.421,-0.256
1949.423,-0.276
1949.426,-0.283
1949.429,-0.322
1949.432,-0.446
1949.434,-0.430
1949.437,-0.384
1949.440,-0.232
1949.443,-0.295
1949.445,-0.276
1949.448,-0.246
1949.451,-0.288
1949.453,-0.353
1949.456,-0.329
1949.459,-0.310
1949.462,-0.262
1949.464,-0.325
1949.467,-0.196
1949.470,-0.063
1949.473,-0.010
1949.475,-0.127
1949.478,-0.218
1949.481,-0.193
1949.484,-0.093
1949.486,-0.069
1949.489,-0.016
1949.492,-0.058
1949.495,-0.151
1949.497,-0.016
1949.500,0.030
1949.503,0.097
1949.505,0.022
1949.508,-0.063
1949.511,-0.133
1949.514,-0.094
1949.516,-0.029
1949.519,-0.166
1949.522,-0.272
1949.525,-0.121
1949.527,0.137
1949.530,0.154
1949.533,0.137
1949.536,0.147
1949.538,0.005
1949.541,-0.046
1949.544,-0.031
1949.547,-0.208
1949.549,-0.396
1949.552,-0.472
1949.555,-0.421
1949.557,-0.206
1949.560,-0.252
1949.563,-0.051
1949.566,0.058
1949.568,-0.022
1949.571,0.022
1949.574,0.154
1949.577,0.079
1949.579,0.159
1949.582,0.195
1949.585,0.151
1949.588,0.191
1949.590,0.207
1949.593,0.173
1949.596,0.405
1949.599,0.423
1949.601,0.273
1949.604,0.227
1949.607,0.206
1949.610,0.276
1949.612,0.203
1949.615,-0.028
1949.618,-0.205
1949.621,-0.165
1949.623,-0.008
1949.626,0.104
1949.629,-0.023
1949.631,-0.052
1949.634,-0.119
1949.637,-0.271
1949.640,-0.199
1949.642,-0.075
1949.645,-0.114
1949.648,-0.385
1949.651,-0.484
1949.653,-0.458
1949.656,-0.249
1949.659,-0.225
1949.662,-0.128
1949.664,-0.163
1949.667,-0.125
1949.670,-0.127
1949.673,-0.071
1949.675,-0.037
1949.678,-0.153
1949.681,-0.269
1949.684,-0.257
1949.686,-0.341
1949.689,-0.376
1949.692,-0.471
1949.695,-0.331
1949.697,-0.234
1949.700,-0.323
1949.703,-0.269
1949.705,-0.076
1949.708,-0.067
1949.711,-0.206
1949.714,-0.138
1949.716,-0.090
1949.719,-0.064
1949.722,-0.121
1949.725,-0.121
1949.727,-0.253
1949.730,-0.219
1949.733,-0.262
1949.736,-0.063
1949.738,0.095
1949.741,0.094
1949.744,0.119
1949.747,0.105
1949.749,0.122
1949.752,0.316
1949.755,0.370
1949.758,0.466
1949.760,0.507
1949.763,0.480
1949.766,0.349
1949.768,0.324
1949.771,0.303
1949.774,0.393
1949.777,0.325
1949.779,0.321
1949.782,0.195
1949.785,0.166
1949.788,0.088
1949.790,0.055
1949.793,-0.122
1949.796,-0.175
1949.799,-0.136
1949.801,-0.155
1949.804,0.128
1949.807,0.184
1949.810,-0.021
1949.812,0.041
1949.815,0.139
1949.818,0.216
1949.821,0.259
1949.823,0.436
1949.826,0.698
1949.829,0.469
1949.832,0.192
1949.834,0.014
1949.837,0.150
1949.840,0.144
1949.842,0.055
1949.845,-0.114
1949.848,-0.045
1949.851,0.056
1949.853,0.077
1949.856,-0.027
1949.859,-0.078
1949.862,-0.057
1949.864,-0.045
1949.867,-0.049
1949.870,-0.188
1949.873,-0.313
1949.875,-0.301
1949.878,-0.250
1949.881,-0.167
1949.884,-0.098
1949.886,-0.128
1949.889,-0.245
1949.892,-0.385
1949.895,-0.531
1949.897,-0.363
1949.900,-0.283
1949.903,-0.377
1949.906,-0.329
1949.908,-0.099
1949.911,-0.162
1949.914,-0.380
1949.916,-0.233
1949.919,-0.275
1949.922,-0.282
1949.925,-0.122
1949.927,-0.018
1949.930,-0.038
1949.933,-0.032
1949.936,-0.027
1949.938,0.080
1949.941,0.079
1949.944,0.146
1949.947,0.056
1949.949,-0.206
1949.952,-0.516
1949.955,-0.640
1949.958,-0.748
1949.960,-0.554
1949.963,-0.476
1949.966,-0.316
1949.969,-0.192
1949.971,-0.506
1949.974,-0.953
1949.977,-1.043
1949.979,-1.226
1949.982,-0.963
1949.985,-0.536
1949.988,-0.091
1949.990,0.023
1949.993,-0.304
1949.996,-0.416
1949.999,-0.759
1950.001,-0.793
1950.004,-0.778
1950.007,-0.895
1950.010,-0.999
1950.012,-1.189
1950.015,-1.063
1950.018,-1.043
1950.021,-1.014
1950.023,-0.816
1950.026,-0.388
1950.029,-0.683
1950.031,-0.920
1950.034,-0.826
1950.037,-0.771
1950.040,-0.638
1950.042,-0.943
1950.045,-1.178
1950.048,-1.358
1950.051,-1.469
1950.053,-1.176
1950.056,-0.846
1950.059,-0.696
1950.062,-0.608
1950.064,-0.565
1950.067,-0.350
1950.070,-0.229
1950.073,-0.609
1950.075,-0.782
1950.078,-0.900
1950.081,-1.189
1950.084,-1.271
1950.086,-1.086
1950.089,-1.056
1950.092,-1.153
1950.094,-1.246
1950.097,-1.124
1950.100,-0.859
1950.103,-0.836
1950.105,-0.858
1950.108,-0.761
1950.111,-0.687
1950.114,-0.530
1950.116,-0.565
1950.119,-0.367
1950.122,-0.301
1950.125,-0.189
1950.127,-0.099
1950.130,-0.283
1950.133,-0.449
1950.136,-0.854
1950.138,-0.935
1950.141,-0.725
1950.144,-0.458
1950.147,-0.304
1950.149,-0.101
1950.152,0.042
1950.155,0.201
1950.158,0.251
1950.160,0.058
1950.163,-0.177
1950.166,-0.270
1950.168,-0.442
1950.171,-0.236
1950.174,-0.079
1950.177,-0.185
1950.179,-0.311
1950.182,-0.359
1950.185,-0.261
1950.188,-0.137
1950.190,-0.173
1950.193,-0.050
1950.196,0.043
1950.199,0.070
1950.201,0.389
1950.204,0.287
1950.207,0.175
1950.210,-0.078
1950.212,-0.221
1950.215,-0.030
1950.218,0.115
1950.221,0.392
1950.223,0.552
1950.226,0.498
1950.229,0.291
1950.232,0.243
1950.234,-0.106
1950.237,-0.212
1950.240,-0.318
1950.242,-0.203
1950.245,-0.121
1950.248,-0.207
1950.251,-0.140
1950.253,-0.031
1950.256,-0.093
1950.259,-0.040
1950.262,-0.017
1950.264,0.076
1950.267,0.024
1950.270,0.020
1950.273,-0.017
1950.275,-0.302
1950.278,-0.311
1950.281,-0.494
1950.284,-0.680
1950.286,-0.338
1950.289,-0.191
1950.292,-0.138
1950.295,-0.001
1950.297,0.129
1950.300,-0.003
1950.303,-0.045
1950.305,0.104
1950.308,-0.020
1950.311,0.031
1950.314,0.078
1950.316,0.131
1950.319,0.170
1950.322,0.153
1950.325,0.093
1950.327,0.067
1950.330,0.037
1950.333,0.050
1950.336,0.102
1950.338,0.183
1950.341,0.148
1950.344,0.034
1950.347,-0.202
1950.349,-0.326
1950.352,-0.241
1950.355,-0.102
1950.358,-0.137
1950.360,0.019
1950.363,-0.097
1950.366,-0.154
1950.369,-0.147
1950.371,-0.065
1950.374,0.061
1950.377,0.018
1950.379,0.158
1950.382,0.163
1950.385,0.160
1950.388,0.273
1950.390,0.299
1950.393,0.301
1950.396,0.129
1950.399,0.172
1950.401,0.214
1950.404,0.235
1950.407,0.286
1950.410,0.317
1950.412,0.294
1950.415,0.101
1950.418,0.031
1950.421,-0.074
1950.423,-0.107
1950.426,-0.101
1950.429,-0.141
1950.432,-0.056
1950.434,-0.223
1950.437,-0.122
1950.440,0.045
1950.443,0.077
1950.445,0.134
1950.448,0.193
1950.451,0.098
1950.453,-0.025
1950.456,-0.031
1950.459,-0.043
1950.462,-0.065
1950.464,0.010
1950.467,-0.020
1950.470,-0.023
1950.473,-0.176
1950.475,-0.137
1950.478,-0.007
1950.481,0.016
1950.484,-0.014
1950.486,0.049
1950.489,0.046
1950.492,0.118
1950.495,-0.057
1950.497,-0.026
1950.500,0.084
1950.503,0.244
1950.505,0.202
1950.508,0.068
1950.511,0.106
1950.514,-0.056
1950.516,-0.016
1950.519,0.038
1950.522,-0.022
1950.525,-0.112
1950.527,-0.191
1950.530,-0.235
1950.533,-0.315
1950.536,-0.374
1950.538,-0.301
1950.541,-0.372
1950.544,-0.274
1950.547,-0.058
1950.549,-0.081
1950.552,-0.272
1950.555,-0.320
1950.557,-0.348
1950.560,-0.221
1950.563,-0.240
1950.566,-0.391
1950.568,-0.276
1950.571,-0.241
1950.574,-0.178
1950.577,-0.210
1950.579,-0.298
1950.582,-0.247
1950.585,-0.377
1950.588,-0.556
1950.590,-0.516
1950.593,-0.530
1950.596,-0.544
1950.599,-0.531
1950.601,-0.437
1950.604,-0.483
1950.607,-0.391
1950.610,-0.393
1950.612,-0.348
1950.615,-0.407
1950.618,-0.441
1950.621,-0.326
1950.623,-0.398
1950.626,-0.499
1950.629,-0.506
1950.631,-0.458
1950.634,-0.363
1950.637,-0.346
1950.640,-0.271
1950.642,-0.279
1950.645,-0.376
1950.648,-0.409
1950.651,-0.272
1950.653,-0.265
1950.656,-0.311
1950.659,-0.334
1950.662,-0.388
1950.664,-0.391
1950.667,-0.317
1950.670,-0.277
1950.673,-0.177
1950.675,-0.161
1950.678,-0.214
1950.681,-0.223
1950.684,-0.266
1950.686,-0.340
1950.689,-0.179
1950.692,-0.002
1950.695,-0.077
1950.697,-0.171
1950.700,-0.197
1950.703,-0.297
1950.705,-0.315
1950.708,-0.338
1950.711,-0.238
1950.714,-0.231
1950.716,-0.286
1950.719,-0.176
1950.722,-0.001
1950.725,0.067
1950.727,-0.048
1950.730,-0.176
1950.733,-0.396
1950.736,-0.210
1950.738,-0.081
1950.741,-0.038
1950.744,0.116
1950.747,0.109
1950.749,0.225
1950.752,0.093
1950.755,0.020
1950.758,-0.184
1950.760,-0.343
1950.763,-0.385
1950.766,-0.284
1950.768,-0.347
1950.771,-0.359
1950.774,-0.108
1950.777,0.146
1950.779,0.181
1950.782,0.076
1950.785,-0.059
1950.788,-0.092
1950.790,-0.242
1950.793,-0.312
1950.796,-0.406
1950.799,-0.546
1950.801,-0.505
1950.804,-0.325
1950.807,-0.210
1950.810,-0.232
1950.812,-0.288
1950.815,-0.177
1950.818,-0.010
1950.821,0.031
1950.823,0.007
1950.826,0.063
1950.829,-0.089
1950.832,-0.255
1950.834,-0.656
1950.837,-0.716
1950.840,-0.706
1950.842,-0.822
1950.845,-0.840
1950.848,-0.823
1950.851,-0.831
1950.853,-1.012
1950.856,-1.039
1950.859,-0.954
1950.862,-1.005
1950.864,-0.956
1950.867,-1.013
1950.870,-0.820
1950.873,-0.698
1950.875,-0.567
1950.878,-0.476
1950.881,-0.782
1950.884,-0.985
1950.886,-1.212
1950.889,-1.209
1950.892,-1.055
1950.895,-1.158
1950.897,-1.187
1950.900,-1.199
1950.903,-1.050
1950.906,-0.862
1950.908,-0.917
1950.911,-0.668
1950.914,-0.609
1950.916,-0.691
1950.919,-0.680
1950.922,-0.525
1950.925,-0.400
1950.927,-0.615
1950.930,-0.566
1950.933,-0.190
1950.936,0.053
1950.938,0.281
1950.941,0.235
1950.944,0.287
1950.947,0.130
1950.949,0.230
1950.952,0.008
1950.955,-0.032
1950.958,-0.018
1950.960,-0.055
1950.963,-0.240
1950.966,-0.485
1950.969,-0.722
1950.971,-0.775
1950.974,-0.715
1950.977,-0.606
1950.979,-0.494
1950.982,-0.416
1950.985,-0.590
1950.988,-0.817
1950.990,-0.816
1950.993,-0.644
1950.996,-0.680
1950.999,-0.666
1951.001,-0.670
1951.004,-0.733
1951.007,-0.891
1951.010,-1.223
1951.012,-1.239
1951.015,-1.269
1951.018,-1.189
1951.021,-1.045
1951.023,-0.735
1951.026,-0.615
1951.029,-0.435
1951.031,-0.421
1951.034,-0.251
1951.037,-0.102
1951.040,-0.114
1951.042,0.000
1951.045,0.016
1951.048,-0.209
1951.051,-0.138
1951.053,-0.371
1951.056,-0.516
1951.059,-0.619
1951.062,-0.197
1951.064,-0.204
1951.067,-0.665
1951.070,-0.686
1951.073,-0.613
1951.075,-0.789
1951.078,-1.058
1951.081,-1.292
1951.084,-1.085
1951.086,-1.118
1951.089,-1.279
1951.092,-1.118
1951.094,-1.013
1951.097,-0.731
1951.100,-0.794
1951.103,-0.821
1951.105,-0.991
1951.108,-1.127
1951.111,-1.090
1951.114,-1.037
1951.116,-0.965
1951.119,-1.032
1951.122,-1.089
1951.125,-0.951
1951.127,-1.034
1951.130,-0.948
1951.133,-0.853
1951.136,-0.575
1951.138,-0.523
1951.141,-0.586
1951.144,-0.624
1951.147,-0.607
1951.149,-0.660
1951.152,-0.759
1951.155,-0.895
1951.158,-1.132
1951.160,-1.348
1951.163,-1.414
1951.166,-1.458
1951.168,-1.320
1951.171,-1.020
1951.174,-0.468
1951.177,-0.200
1951.179,-0.469
1951.182,-0.487
1951.185,-0.593
1951.188,-0.416
1951.190,-0.455
1951.193,-0.384
1951.196,-0.127
1951.199,0.083
1951.201,0.178
1951.204,0.085
1951.207,-0.094
1951.210,-0.184
1951.212,-0.243
1951.215,-0.156
1951.218,-0.142
1951.221,-0.245
1951.223,-0.049
1951.226,0.055
1951.229,0.045
1951.232,0.367
1951.234,0.565
1951.237,0.589
1951.240,0.581
1951.242,0.515
1951.245,0.498
1951.248,0.443
1951.251,0.373
1951.253,0.145
1951.256,0.237
1951.259,0.271
1951.262,0.154
1951.264,0.118
1951.267,0.318
1951.270,0.468
1951.273,0.374
1951.275,0.088
1951.278,-0.037
1951.281,0.002
1951.284,0.135
1951.286,0.286
1951.289,0.240
1951.292,0.117
1951.295,0.013
1951.297,0.025
1951.300,-0.117
1951.303,-0.256
1951.305,-0.136
1951.308,-0.068
1951.311,0.171
1951.314,0.474
1951.316,0.652
1951.319,0.795
1951.322,0.991
1951.325,0.924
1951.327,0.644
1951.330,0.663
1951.333,0.659
1951.336,0.723
1951.338,0.892
1951.341,0.791
1951.344,0.698
1951.347,0.554
1951.349,0.446
1951.352,0.380
1951.355,0.150
1951.358,-0.017
1951.360,-0.132
1951.363,-0.181
1951.366,-0.187
1951.369,0.039
1951.371,0.332
1951.374,0.377
1951.377,0.348
1951.379,0.307
1951.382,0.381
1951.385,0.407
1951.388,0.475
1951.390,0.590
1951.393,0.484
1951.396,0.400
1951.399,0.123
1951.401,0.067
1951.404,0.091
1951.407,-0.081
1951.410,-0.266
1951.412,-0.475
1951.415,-0.674
1951.418,-0.486
1951.421,-0.206
1951.423,-0.119
1951.426,-0.210
1951.429,-0.299
1951.432,-0.315
1951.434,-0.121
1951.437,0.144
1951.440,0.221
1951.443,0.363
1951.445,0.431
1951.448,0.402
1951.451,0.317
1951.453,0.168
1951.456,0.012
1951.459,0.106
1951.462,-0.014
1951.464,-0.081
1951.467,0.077
1951.470,0.120
1951.473,-0.056
1951.475,-0.155
1951.478,-0.191
1951.481,-0.436
1951.484,-0.513
1951.486,-0.459
1951.489,-0.270
1951.492,-0.317
1951.495,-0.459
1951.497,-0.405
1951.500,-0.438
1951.503,-0.168
1951.505,-0.031
1951.508,-0.127
1951.511,-0.251
1951.514,-0.223
1951.516,-0.194
1951.519,-0.011
1951.522,0.010
1951.525,-0.045
1951.527,-0.096
1951.530,-0.049
1951.533,0.067
1951.536,0.285
1951.538,0.324
1951.541,0.272
1951.544,0.200
1951.547,0.084
1951.549,-0.088
1951.552,-0.044
1951.555,0.114
1951.557,0.130
1951.560,0.297
1951.563,0.480
1951.566,0.224
1951.568,0.134
1951.571,0.237
1951.574,0.205
1951.577,0.060
1951.579,0.108
1951.582,0.157
1951.585,0.262
1951.588,0.198
1951.590,0.039
1951.593,0.019
1951.596,0.155
1951.599,0.269
1951.601,0.370
1951.604,0.254
1951.607,0.338
1951.610,0.303
1951.612,0.413
1951.615,0.401
1951.618,0.324
1951.621,0.085
1951.623,0.048
1951.626,0.252
1951.629,0.418
1951.631,0.368
1951.634,0.226
1951.637,0.134
1951.640,-0.023
1951.642,-0.142
1951.645,-0.048
1951.648,0.044
1951.651,-0.014
1951.653,-0.034
1951.656,-0.115
1951.659,0.074
1951.662,0.297
1951.664,0.254
1951.667,0.257
1951.670,0.418
1951.673,0.558
1951.675,0.584
1951.678,0.365
1951.681,0.126
1951.684,0.171
1951.686,0.361
1951.689,0.394
1951.692,0.400
1951.695,0.311
1951.697,0.294
1951.700,0.164
1951.703,0.120
1951.705,0.159
1951.708,0.104
1951.711,0.160
1951.714,0.082
1951.716,0.095
1951.719,0.392
1951.722,0.438
1951.725,0.308
1951.727,0.289
1951.730,0.060
1951.733,0.126
1951.736,0.094
1951.738,0.043
1951.741,0.117
1951.744,0.161
1951.747,0.305
1951.749,0.441
1951.752,0.511
1951.755,0.475
1951.758,0.384
1951.760,0.157
1951.763,0.163
1951.766,0.215
1951.768,0.433
1951.771,0.408
1951.774,0.162
1951.777,0.197
1951.779,0.383
1951.782,0.421
1951.785,0.541
1951.788,0.381
1951.790,0.161
1951.793,-0.085
1951.796,-0.120
1951.799,-0.030
1951.801,0.137
1951.804,0.320
1951.807,0.264
1951.810,0.189
1951.812,0.117
1951.815,0.247
1951.818,0.346
1951.821,0.435
1951.823,0.523
1951.826,0.457
1951.829,0.340
1951.832,0.029
1951.834,-0.146
1951.837,-0.278
1951.840,-0.225
1951.842,0.043
1951.845,0.176
1951.848,0.132
1951.851,0.080
1951.853,0.004
1951.856,0.205
1951.859,0.307
1951.862,0.267
1951.864,0.154
1951.867,0.089
1951.870,0.287
1951.873,0.189
1951.875,-0.225
1951.878,-0.625
1951.881,-0.825
1951.884,-0.631
1951.886,-0.469
1951.889,-0.590
1951.892,-0.734
1951.895,-0.730
1951.897,-0.644
1951.900,-0.489
1951.903,-0.201
1951.906,-0.054
1951.908,0.393
1951.911,0.749
1951.914,0.984
1951.916,1.218
1951.919,1.253
1951.922,1.254
1951.925,1.227
1951.927,1.240
1951.930,1.203
1951.933,0.943
1951.936,0.619
1951.938,0.442
1951.941,0.516
1951.944,0.735
1951.947,0.682
1951.949,0.364
1951.952,-0.225
1951.955,-0.386
1951.958,-0.420
1951.960,-0.243
1951.963,-0.166
1951.966,-0.154
1951.969,-0.282
1951.971,-0.229
1951.974,-0.214
1951.977,-0.171
1951.979,-0.131
1951.982,0.036
1951.985,0.204
1951.988,0.343
1951.990,0.718
1951.993,1.005
1951.996,1.119
1951.999,0.860
1952.001,0.607
1952.004,0.152
1952.007,0.089
1952.010,0.030
1952.012,-0.101
1952.015,-0.360
1952.018,-0.598
1952.021,-0.688
1952.023,-0.484
1952.026,-0.453
1952.029,-0.324
1952.031,-0.132
1952.034,0.159
1952.037,0.249
1952.040,0.371
1952.042,0.477
1952.045,0.660
1952.048,0.886
1952.051,0.921
1952.053,0.719
1952.056,0.516
1952.059,0.185
1952.062,0.177
1952.064,0.311
1952.067,0.474
1952.070,0.763
1952.072,0.959
1952.075,0.850
1952.078,0.529
1952.081,0.496
1952.083,0.717
1952.086,0.814
1952.089,0.606
1952.092,0.732
1952.094,0.888
1952.097,0.816
1952.100,0.527
1952.102,0.384
1952.105,0.670
1952.108,0.811
1952.111,0.874
1952.113,0.757
1952.116,0.498
1952.119,0.202
1952.122,0.013
1952.124,-0.262
1952.127,-0.339
1952.130,-0.424
1952.133,-0.618
1952.135,-0.636
1952.138,-0.467
1952.141,-0.277
1952.143,-0.318
1952.146,-0.417
1952.149,-0.492
1952.152,-0.547
1952.154,-0.417
1952.157,-0.285
1952.160,-0.082
1952.163,-0.042
1952.165,-0.218
1952.168,-0.380
1952.171,-0.549
1952.173,-0.649
1952.176,-0.709
1952.179,-0.663
1952.182,-0.367
1952.184,-0.138
1952.187,-0.101
1952.190,-0.080
1952.193,-0.192
1952.195,-0.126
1952.198,-0.067
1952.201,-0.234
1952.203,-0.241
1952.206,-0.308
1952.209,-0.336
1952.212,-0.494
1952.214,-0.548
1952.217,-0.547
1952.220,-0.573
1952.223,-0.713
1952.225,-0.655
1952.228,-0.526
1952.231,-0.371
1952.234,-0.187
1952.236,0.031
1952.239,0.174
1952.242,0.076
1952.245,0.035
1952.247,0.069
1952.250,0.114
1952.253,0.068
1952.255,0.085
1952.258,0.163
1952.261,0.229
1952.264,0.116
1952.266,0.083
1952.269,0.237
1952.272,-0.130
1952.275,-0.370
1952.277,-0.565
1952.280,-0.349
1952.283,-0.120
1952.286,0.068
1952.288,0.206
1952.291,0.556
1952.294,0.704
1952.297,0.707
1952.299,0.555
1952.302,0.448
1952.305,0.481
1952.307,0.402
1952.310,0.396
1952.313,0.345
1952.316,0.507
1952.318,0.442
1952.321,0.250
1952.324,0.272
1952.327,0.327
1952.329,0.259
1952.332,0.110
1952.335,0.211
1952.337,0.214
1952.340,0.281
1952.343,0.417
1952.346,0.408
1952.348,0.253
1952.351,0.079
1952.354,0.017
1952.357,0.111
1952.359,0.140
1952.362,0.284
1952.365,0.366
1952.367,0.228
1952.370,0.066
1952.373,0.117
1952.376,0.129
1952.378,0.060
1952.381,0.110
1952.384,-0.011
1952.387,-0.005
1952.389,-0.009
1952.392,-0.092
1952.395,-0.010
1952.398,0.075
1952.400,-0.165
1952.403,-0.175
1952.406,-0.087
1952.408,0.120
1952.411,0.058
1952.414,0.248
1952.417,0.260
1952.419,0.173
1952.422,0.205
1952.425,0.267
1952.428,0.272
1952.430,0.300
1952.433,0.328
1952.436,0.049
1952.438,-0.153
1952.441,-0.203
1952.444,-0.313
1952.447,-0.078
1952.449,0.007
1952.452,0.114
1952.455,0.208
1952.458,-0.036
1952.460,-0.062
1952.463,-0.021
1952.466,-0.108
1952.469,-0.102
1952.471,-0.078
1952.474,-0.133
1952.477,-0.001
1952.479,0.140
1952.482,0.076
1952.485,0.047
1952.488,-0.039
1952.490,0.086
1952.493,-0.003
1952.496,-0.051
1952.499,-0.054
1952.501,0.014
1952.504,0.143
1952.507,0.327
1952.510,0.285
1952.512,0.184
1952.515,0.194
1952.518,0.127
1952.521,0.072
1952.523,0.101
1952.526,0.213
1952.529,0.291
1952.531,0.277
1952.534,0.112
1952.537,0.160
1952.540,0.380
1952.542,0.409
1952.545,0.277
1952.548,0.205
1952.551,0.305
1952.553,0.241
1952.556,0.212
1952.559,0.162
1952.562,0.239
1952.564,0.035
1952.567,0.079
1952.570,0.179
1952.572,0.255
1952.575,0.189
1952.578,0.323
1952.581,0.339
1952.583,0.131
1952.586,0.081
1952.589,0.094
1952.592,0.191
1952.594,0.238
1952.597,0.159
1952.600,0.070
1952.602,0.173
1952.605,0.264
1952.608,0.148
1952.611,0.015
1952.613,-0.059
1952.616,-0.013
1952.619,-0.024
1952.622,0.099
1952.624,0.215
1952.627,0.195
1952.630,-0.081
1952.633,-0.031
1952.635,0.082
1952.638,0.175
1952.641,0.000
1952.643,-0.138
1952.646,-0.097
1952.649,-0.063
1952.652,0.050
1952.654,0.020
1952.657,0.081
1952.660,0.228
1952.663,0.344
1952.665,0.315
1952.668,0.478
1952.671,0.342
1952.673,0.122
1952.676,0.178
1952.679,0.146
1952.682,0.178
1952.684,0.225
1952.687,0.146
1952.690,0.090
1952.693,0.228
1952.695,0.342
1952.698,0.353
1952.701,0.371
1952.703,0.484
1952.706,0.521
1952.709,0.286
1952.712,0.091
1952.714,0.233
1952.717,-0.008
1952.720,0.002
1952.723,-0.150
1952.725,-0.195
1952.728,-0.334
1952.731,-0.146
1952.734,0.045
1952.736,0.150
1952.739,0.387
1952.742,0.522
1952.745,0.614
1952.747,0.540
1952.750,0.351
1952.753,0.158
1952.755,-0.025
1952.758,-0.135
1952.761,-0.188
1952.764,-0.199
1952.766,-0.214
1952.769,-0.254
1952.772,-0.357
1952.775,-0.341
1952.777,-0.429
1952.780,-0.390
1952.783,-0.201
1952.786,-0.267
1952.788,-0.385
1952.791,-0.498
1952.794,-0.343
1952.797,-0.332
1952.799,-0.360
1952.802,-0.448
1952.805,-0.480
1952.807,-0.417
1952.810,-0.252
1952.813,-0.225
1952.816,-0.091
1952.818,0.112
1952.821,0.065
1952.824,-0.194
1952.827,-0.250
1952.829,-0.176
1952.832,-0.212
1952.835,-0.163
1952.837,-0.482
1952.840,-0.684
1952.843,-0.672
1952.846,-0.816
1952.848,-0.884
1952.851,-0.931
1952.854,-0.940
1952.857,-1.024
1952.859,-1.204
1952.862,-1.254
1952.865,-1.197
1952.867,-1.005
1952.870,-0.793
1952.873,-0.692
1952.876,-0.679
1952.878,-0.621
1952.881,-0.494
1952.884,-0.619
1952.887,-0.747
1952.889,-0.805
1952.892,-0.703
1952.895,-0.711
1952.898,-0.870
1952.900,-1.057
1952.903,-1.391
1952.906,-1.552
1952.908,-1.494
1952.911,-1.482
1952.914,-1.566
1952.917,-1.398
1952.919,-1.165
1952.922,-0.898
1952.925,-0.687
1952.928,-0.507
1952.930,-0.248
1952.933,-0.038
1952.936,0.032
1952.938,-0.171
1952.941,-0.377
1952.944,-0.494
1952.947,-0.542
1952.949,-0.184
1952.952,0.026
1952.955,-0.124
1952.958,-0.279
1952.960,-0.351
1952.963,-0.498
1952.966,-0.325
1952.969,-0.152
1952.971,-0.213
1952.974,-0.342
1952.977,-0.311
1952.979,-0.167
1952.982,-0.059
1952.985,-0.139
1952.988,-0.322
1952.990,-0.327
1952.993,-0.217
1952.996,-0.307
1952.999,-0.292
1953.001,-0.258
1953.004,-0.110
1953.007,-0.026
1953.010,-0.031
1953.012,-0.298
1953.015,-0.651
1953.018,-0.706
1953.021,-0.315
1953.023,-0.006
1953.026,0.030
1953.029,-0.176
1953.031,-0.412
1953.034,-0.441
1953.037,-0.340
1953.040,-0.333
1953.042,-0.263
1953.045,-0.119
1953.048,0.082
1953.051,0.354
1953.053,0.897
1953.056,0.905
1953.059,0.835
1953.062,0.769
1953.064,0.693
1953.067,0.408
1953.070,0.225
1953.073,-0.089
1953.075,0.003
1953.078,0.103
1953.081,0.033
1953.084,-0.193
1953.086,-0.263
1953.089,-0.306
1953.092,-0.140
1953.094,-0.058
1953.097,-0.049
1953.100,-0.093
1953.103,-0.153
1953.105,-0.141
1953.108,0.028
1953.111,0.151
1953.114,0.326
1953.116,0.392
1953.119,0.128
1953.122,-0.077
1953.125,-0.056
1953.127,-0.054
1953.130,-0.069
1953.133,0.044
1953.136,0.122
1953.138,0.330
1953.141,0.554
1953.144,0.513
1953.147,0.603
1953.149,0.764
1953.152,0.820
1953.155,0.830
1953.158,1.007
1953.160,0.819
1953.163,0.749
1953.166,0.698
1953.168,0.939
1953.171,0.570
1953.174,0.398
1953.177,0.487
1953.179,0.516
1953.182,0.498
1953.185,0.466
1953.188,0.415
1953.190,0.366
1953.193,0.296
1953.196,0.323
1953.199,0.208
1953.201,0.436
1953.204,0.658
1953.207,0.895
1953.210,0.835
1953.212,0.708
1953.215,0.656
1953.218,0.395
1953.221,0.172
1953.223,0.110
1953.226,0.086
1953.229,0.078
1953.232,0.083
1953.234,0.192
1953.237,0.513
1953.240,0.724
1953.242,0.907
1953.245,1.006
1953.248,1.079
1953.251,1.258
1953.253,1.363
1953.256,1.150
1953.259,0.967
1953.262,0.871
1953.264,0.679
1953.267,0.653
1953.270,0.509
1953.273,0.447
1953.275,0.260
1953.278,0.168
1953.281,0.099
1953.284,0.156
1953.286,0.238
1953.289,0.280
1953.292,0.255
1953.295,0.380
1953.297,0.503
1953.300,0.571
1953.303,0.762
1953.305,1.004
1953.308,1.085
1953.311,1.070
1953.314,1.079
1953.316,1.251
1953.319,1.134
1953.322,0.820
1953.325,0.556
1953.327,0.296
1953.330,0.243
1953.333,0.146
1953.336,0.047
1953.338,0.146
1953.341,0.304
1953.344,0.516
1953.347,0.536
1953.349,0.321
1953.352,0.300
1953.355,0.159
1953.358,0.211
1953.360,0.319
1953.363,0.230
1953.366,0.300
1953.369,0.550
1953.371,0.770
1953.374,0.850
1953.377,0.695
1953.379,0.510
1953.382,0.425
1953.385,0.295
1953.388,0.306
1953.390,0.298
1953.393,0.455
1953.396,0.407
1953.399,0.483
1953.401,0.292
1953.404,0.111
1953.407,0.089
1953.410,0.205
1953.412,0.262
1953.415,0.393
1953.418,0.311
1953.421,0.315
1953.423,0.362
1953.426,0.388
1953.429,0.325
1953.432,0.346
1953.434,0.399
1953.437,0.407
1953.440,0.447
1953.443,0.525
1953.445,0.616
1953.448,0.408
1953.451,0.258
1953.453,0.391
1953.456,0.371
1953.459,0.468
1953.462,0.454
1953.464,0.379
1953.467,0.428
1953.470,0.377
1953.473,0.210
1953.475,0.286
1953.478,0.418
1953.481,0.401
1953.484,0.177
1953.486,-0.009
1953.489,-0.084
1953.492,0.109
1953.495,0.204
1953.497,0.171
1953.500,0.219
1953.503,0.154
1953.505,0.027
1953.508,0.055
1953.511,0.089
1953.514,0.297
1953.516,0.328
1953.519,0.345
1953.522,0.233
1953.525,0.134
1953.527,0.289
1953.530,0.390
1953.533,0.316
1953.536,0.266
1953.538,0.180
1953.541,0.268
1953.544,0.242
1953.547,0.145
1953.549,0.064
1953.552,0.061
1953.555,0.052
1953.557,0.107
1953.560,0.112
1953.563,0.304
1953.566,0.443
1953.568,0.309
1953.571,0.199
1953.574,0.239
1953.577,0.351
1953.579,0.161
1953.582,0.343
1953.585,0.546
1953.588,0.504
1953.590,0.244
1953.593,0.301
1953.596,0.440
1953.599,0.590
1953.601,0.571
1953.604,0.437
1953.607,0.379
1953.610,0.372
1953.612,0.253
1953.615,0.283
1953.618,0.361
1953.621,0.285
1953.623,0.141
1953.626,0.079
1953.629,0.113
1953.631,0.122
1953.634,0.048
1953.637,-0.067
1953.640,-0.096
1953.642,-0.091
1953.645,-0.012
1953.648,0.165
1953.651,0.201
1953.653,0.076
1953.656,0.101
1953.659,0.061
1953.662,0.287
1953.664,0.404
1953.667,0.385
1953.670,0.267
1953.673,0.069
1953.675,-0.053
1953.678,0.116
1953.681,0.190
1953.684,0.143
1953.686,0.152
1953.689,0.028
1953.692,-0.015
1953.695,-0.037
1953.697,0.124
1953.700,0.220
1953.703,0.194
1953.705,0.179
1953.708,0.003
1953.711,0.018
1953.714,0.097
1953.716,0.014
1953.719,-0.108
1953.722,-0.101
1953.725,0.054
1953.727,0.131
1953.730,0.093
1953.733,0.212
1953.736,0.149
1953.738,0.164
1953.741,0.224
1953.744,0.211
1953.747,0.218
1953.749,0.329
1953.752,0.200
1953.755,0.267
1953.758,0.140
1953.760,0.002
1953.763,-0.035
1953.766,-0.149
1953.768,0.072
1953.771,0.147
1953.774,0.286
1953.777,0.389
1953.779,0.474
1953.782,0.604
1953.785,0.668
1953.788,0.796
1953.790,0.703
1953.793,0.685
1953.796,0.583
1953.799,0.675
1953.801,0.565
1953.804,0.337
1953.807,0.494
1953.810,0.358
1953.812,0.311
1953.815,-0.048
1953.818,-0.145
1953.821,-0.208
1953.823,-0.330
1953.826,-0.614
1953.829,-0.801
1953.832,-0.742
1953.834,-0.592
1953.837,-0.568
1953.840,-0.615
1953.842,-0.656
1953.845,-0.721
1953.848,-0.961
1953.851,-1.151
1953.853,-1.079
1953.856,-0.934
1953.859,-0.782
1953.862,-0.721
1953.864,-0.424
1953.867,-0.214
1953.870,-0.152
1953.873,0.049
1953.875,0.093
1953.878,-0.187
1953.881,-0.419
1953.884,-0.500
1953.886,-0.406
1953.889,-0.192
1953.892,-0.136
1953.895,-0.013
1953.897,0.052
1953.900,0.005
1953.903,-0.165
1953.906,-0.374
1953.908,-0.625
1953.911,-0.296
1953.914,-0.209
1953.916,-0.151
1953.919,-0.184
1953.922,0.020
1953.925,-0.001
1953.927,0.070
1953.930,0.152
1953.933,0.007
1953.936,0.215
1953.938,0.439
1953.941,0.423
1953.944,0.230
1953.947,0.193
1953.949,0.382
1953.952,0.248
1953.955,0.200
1953.958,0.227
1953.960,-0.053
1953.963,-0.348
1953.966,-0.053
1953.969,-0.015
1953.971,-0.064
1953.974,-0.189
1953.977,-0.319
1953.979,-0.118
1953.982,-0.169
1953.985,-0.122
1953.988,-0.251
1953.990,-0.406
1953.993,-0.523
1953.996,-0.605
1953.999,-0.729
1954.001,-1.028
1954.004,-1.025
1954.007,-0.779
1954.010,-0.923
1954.012,-1.111
1954.015,-1.130
1954.018,-0.859
1954.021,-0.627
1954.023,-0.508
1954.026,-0.735
1954.029,-0.884
1954.031,-0.837
1954.034,-0.862
1954.037,-0.941
1954.040,-0.673
1954.042,-0.707
1954.045,-0.755
1954.048,-0.760
1954.051,-0.807
1954.053,-0.864
1954.056,-1.066
1954.059,-1.174
1954.062,-1.248
1954.064,-1.260
1954.067,-1.187
1954.070,-1.099
1954.073,-1.169
1954.075,-1.152
1954.078,-0.938
1954.081,-0.594
1954.084,-0.228
1954.086,-0.161
1954.089,-0.245
1954.092,-0.056
1954.094,0.309
1954.097,0.599
1954.100,0.774
1954.103,0.577
1954.105,0.563
1954.108,0.376
1954.111,0.031
1954.114,-0.394
1954.116,-0.804
1954.119,-0.797
1954.122,-0.606
1954.125,-0.480
1954.127,-0.831
1954.130,-1.132
1954.133,-1.279
1954.136,-1.079
1954.138,-0.885
1954.141,-0.637
1954.144,-0.465
1954.147,-0.377
1954.149,-0.635
1954.152,-0.866
1954.155,-1.042
1954.158,-0.929
1954.160,-0.863
1954.163,-0.997
1954.166,-0.994
1954.168,-1.149
1954.171,-1.257
1954.174,-1.147
1954.177,-0.930
1954.179,-0.653
1954.182,-0.508
1954.185,-0.218
1954.188,-0.175
1954.190,-0.258
1954.193,-0.290
1954.196,-0.243
1954.199,-0.100
1954.201,0.103
1954.204,0.103
1954.207,0.397
1954.210,0.406
1954.212,0.201
1954.215,0.014
1954.218,0.042
1954.221,0.228
1954.223,0.332
1954.226,0.435
1954.229,0.442
1954.232,0.224
1954.234,0.011
1954.237,-0.164
1954.240,-0.388
1954.242,-0.639
1954.245,-0.622
1954.248,-0.433
1954.251,-0.455
1954.253,-0.321
1954.256,-0.171
1954.259,0.011
1954.262,0.007
1954.264,-0.020
1954.267,0.090
1954.270,-0.023
1954.273,0.126
1954.275,0.156
1954.278,0.217
1954.281,0.254
1954.284,0.232
1954.286,0.174
1954.289,-0.070
1954.292,-0.005
1954.295,0.182
1954.297,0.062
1954.300,0.009
1954.303,0.142
1954.305,0.283
1954.308,0.126
1954.311,0.123
1954.314,0.056
1954.316,-0.092
1954.319,-0.011
1954.322,0.041
1954.325,-0.155
1954.327,-0.348
1954.330,-0.147
1954.333,-0.229
1954.336,-0.232
1954.338,-0.197
1954.341,0.047
1954.344,0.074
1954.347,-0.015
1954.349,-0.212
1954.352,-0.241
1954.355,-0.287
1954.358,-0.306
1954.360,-0.265
1954.363,-0.409
1954.366,-0.484
1954.369,-0.330
1954.371,-0.174
1954.374,-0.103
1954.377,-0.297
1954.379,-0.246
1954.382,-0.239
1954.385,-0.364
1954.388,-0.514
1954.390,-0.502
1954.393,-0.308
1954.396,-0.109
1954.399,-0.032
1954.401,0.084
1954.404,0.121
1954.407,0.040
1954.410,-0.003
1954.412,0.083
1954.415,0.069
1954.418,-0.140
1954.421,-0.287
1954.423,-0.331
1954.426,-0.542
1954.429,-0.686
1954.432,-0.550
1954.434,-0.355
1954.437,-0.220
1954.440,-0.039
1954.443,0.068
1954.445,0.199
1954.448,0.218
1954.451,0.242
1954.453,0.311
1954.456,0.300
1954.459,0.325
1954.462,0.257
1954.464,0.227
1954.467,0.126
1954.470,0.029
1954.473,-0.107
1954.475,-0.199
1954.478,0.009
1954.481,0.151
1954.484,0.301
1954.486,0.278
1954.489,0.090
1954.492,0.107
1954.495,0.052
1954.497,-0.074
1954.500,-0.157
1954.503,-0.114
1954.505,-0.077
1954.508,-0.007
1954.511,-0.052
1954.514,0.050
1954.516,0.060
1954.519,-0.032
1954.522,-0.171
1954.525,-0.148
1954.527,-0.123
1954.530,-0.180
1954.533,-0.136
1954.536,-0.030
1954.538,-0.097
1954.541,-0.175
1954.544,-0.165
1954.547,0.014
1954.549,0.065
1954.552,-0.032
1954.555,-0.277
1954.557,-0.271
1954.560,-0.120
1954.563,-0.021
1954.566,0.092
1954.568,0.123
1954.571,0.035
1954.574,0.126
1954.577,0.236
1954.579,0.204
1954.582,0.082
1954.585,-0.030
1954.588,-0.069
1954.590,-0.128
1954.593,-0.143
1954.596,-0.185
1954.599,-0.114
1954.601,-0.002
1954.604,-0.055
1954.607,-0.288
1954.610,-0.215
1954.612,-0.193
1954.615,-0.214
1954.618,-0.032
1954.621,0.013
1954.623,0.006
1954.626,0.040
1954.629,0.077
1954.631,0.009
1954.634,-0.084
1954.637,-0.104
1954.640,-0.038
1954.642,0.061
1954.645,0.039
1954.648,-0.022
1954.651,-0.014
1954.653,-0.096
1954.656,0.107
1954.659,0.205
1954.662,0.208
1954.664,0.232
1954.667,0.155
1954.670,0.095
1954.673,0.145
1954.675,0.078
1954.678,0.099
1954.681,-0.114
1954.684,-0.066
1954.686,-0.003
1954.689,0.103
1954.692,0.206
1954.695,0.171
1954.697,-0.134
1954.700,-0.241
1954.703,-0.349
1954.705,-0.341
1954.708,-0.240
1954.711,-0.196
1954.714,-0.148
1954.716,-0.045
1954.719,0.109
1954.722,0.103
1954.725,-0.046
1954.727,0.009
1954.730,0.152
1954.733,-0.005
1954.736,-0.100
1954.738,-0.161
1954.741,-0.239
1954.744,-0.435
1954.747,-0.603
1954.749,-0.484
1954.752,-0.576
1954.755,-0.600
1954.758,-0.670
1954.760,-0.606
1954.763,-0.623
1954.766,-0.644
1954.768,-0.510
1954.771,-0.236
1954.774,-0.058
1954.777,0.120
1954.779,0.188
1954.782,0.314
1954.785,0.299
1954.788,0.228
1954.790,0.446
1954.793,0.572
1954.796,0.539
1954.799,0.549
1954.801,0.654
1954.804,0.757
1954.807,0.762
1954.810,0.706
1954.812,0.880
1954.815,0.834
1954.818,0.739
1954.821,0.520
1954.823,0.560
1954.826,0.649
1954.829,0.461
1954.832,0.289
1954.834,0.297
1954.837,0.482
1954.840,0.449
1954.842,0.495
1954.845,0.615
1954.848,0.728
1954.851,0.929
1954.853,0.607
1954.856,0.392
1954.859,0.230
1954.862,0.177
1954.864,0.252
1954.867,0.273
1954.870,0.396
1954.873,0.512
1954.875,0.487
1954.878,0.701
1954.881,0.696
1954.884,0.559
1954.886,0.494
1954.889,0.162
1954.892,0.055
1954.895,-0.065
1954.897,-0.160
1954.900,-0.137
1954.903,-0.020
1954.906,0.119
1954.908,-0.019
1954.911,-0.262
1954.914,-0.385
1954.916,-0.526
1954.919,-0.620
1954.922,-0.758
1954.925,-0.638
1954.927,-0.378
1954.930,-0.289
1954.933,-0.290
1954.936,-0.349
1954.938,-0.311
1954.941,-0.275
1954.944,-0.405
1954.947,-0.682
1954.949,-0.669
1954.952,-0.426
1954.955,-0.203
1954.958,-0.222
1954.960,-0.104
1954.963,-0.169
1954.966,-0.064
1954.969,-0.022
1954.971,0.136
1954.974,0.274
1954.977,0.349
1954.979,0.476
1954.982,0.167
1954.985,0.005
1954.988,-0.159
1954.990,-0.300
1954.993,-0.481
1954.996,-0.542
1954.999,-0.441
1955.001,-0.186
1955.004,-0.075
1955.007,0.010
1955.010,0.281
1955.012,0.206
1955.015,0.244
1955.018,0.382
1955.021,0.569
1955.023,0.548
1955.026,0.359
1955.029,0.506
1955.031,0.624
1955.034,0.959
1955.037,1.109
1955.040,1.211
1955.042,1.086
1955.045,1.041
1955.048,1.157
1955.051,1.142
1955.053,1.028
1955.056,0.992
1955.059,0.880
1955.062,0.829
1955.064,0.695
1955.067,0.636
1955.070,0.591
1955.073,0.526
1955.075,0.529
1955.078,0.556
1955.081,0.566
1955.084,0.446
1955.086,0.418
1955.089,0.402
1955.092,0.337
1955.094,0.148
1955.097,-0.012
1955.100,-0.086
1955.103,-0.154
1955.105,-0.238
1955.108,-0.334
1955.111,-0.723
1955.114,-0.943
1955.116,-0.843
1955.119,-0.406
1955.122,-0.168
1955.125,-0.023
1955.127,0.124
1955.130,0.435
1955.133,0.403
1955.136,0.219
1955.138,0.207
1955.141,0.265
1955.144,0.127
1955.147,-0.084
1955.149,-0.173
1955.152,-0.487
1955.155,-0.437
1955.158,-0.480
1955.160,-0.519
1955.163,-0.745
1955.166,-0.897
1955.168,-1.132
1955.171,-1.025
1955.174,-1.197
1955.177,-1.053
1955.179,-0.882
1955.182,-0.936
1955.185,-0.769
1955.188,-0.804
1955.190,-0.760
1955.193,-0.754
1955.196,-0.727
1955.199,-0.564
1955.201,-0.452
1955.204,-0.235
1955.207,-0.370
1955.210,-0.705
1955.212,-0.906
1955.215,-0.750
1955.218,-0.639
1955.221,-0.726
1955.223,-0.710
1955.226,-0.673
1955.229,-0.613
1955.232,-0.672
1955.234,-0.565
1955.237,-0.343
1955.240,-0.157
1955.242,-0.137
1955.245,-0.099
1955.248,-0.115
1955.251,-0.113
1955.253,-0.074
1955.256,0.007
1955.259,0.209
1955.262,-0.020
1955.264,-0.109
1955.267,-0.093
1955.270,0.075
1955.273,0.054
1955.275,-0.069
1955.278,-0.261
1955.281,-0.314
1955.284,-0.302
1955.286,-0.527
1955.289,-0.399
1955.292,-0.173
1955.295,-0.076
1955.297,0.049
1955.300,0.246
1955.303,0.340
1955.305,0.360
1955.308,0.318
1955.311,0.014
1955.314,-0.093
1955.316,-0.141
1955.319,-0.365
1955.322,-0.402
1955.325,-0.149
1955.327,0.120
1955.330,0.155
1955.333,0.087
1955.336,0.073
1955.338,0.107
1955.341,0.155
1955.344,0.033
1955.347,-0.046
1955.349,-0.040
1955.352,-0.167
1955.355,-0.009
1955.358,0.166
1955.360,0.215
1955.363,0.368
1955.366,0.437
1955.369,0.297
1955.371,0.245
1955.374,0.159
1955.377,0.054
1955.379,-0.157
1955.382,-0.256
1955.385,-0.259
1955.388,-0.268
1955.390,-0.350
1955.393,-0.434
1955.396,-0.326
1955.399,-0.164
1955.401,0.195
1955.404,0.409
1955.407,0.300
1955.410,0.249
1955.412,0.278
1955.415,0.228
1955.418,0.130
1955.421,0.152
1955.423,0.096
1955.426,0.005
1955.429,0.330
1955.432,0.187
1955.434,0.226
1955.437,0.131
1955.440,0.288
1955.443,0.218
1955.445,0.260
1955.448,0.179
1955.451,0.291
1955.453,0.475
1955.456,0.508
1955.459,0.388
1955.462,0.222
1955.464,0.281
1955.467,0.230
1955.470,0.411
1955.473,0.262
1955.475,0.181
1955.478,0.112
1955.481,0.197
1955.484,0.213
1955.486,0.182
1955.489,0.165
1955.492,0.101
1955.495,0.111
1955.497,-0.048
1955.500,-0.174
1955.503,0.003
1955.505,-0.005
1955.508,0.022
1955.511,0.095
1955.514,0.057
1955.516,0.152
1955.519,0.203
1955.522,0.256
1955.525,0.146
1955.527,0.071
1955.530,0.241
1955.533,0.331
1955.536,0.279
1955.538,0.188
1955.541,0.263
1955.544,0.244
1955.547,-0.022
1955.549,-0.040
1955.552,0.043
1955.555,0.238
1955.557,0.267
1955.560,0.233
1955.563,0.257
1955.566,0.167
1955.568,-0.027
1955.571,-0.156
1955.574,-0.095
1955.577,-0.011
1955.579,0.227
1955.582,0.221
1955.585,0.323
1955.588,0.317
1955.590,0.396
1955.593,0.488
1955.596,0.454
1955.599,0.423
1955.601,0.280
1955.604,0.283
1955.607,0.528
1955.610,0.454
1955.612,0.406
1955.615,0.457
1955.618,0.519
1955.621,0.478
1955.623,0.516
1955.626,0.734
1955.629,0.762
1955.631,0.689
1955.634,0.604
1955.637,0.625
1955.640,0.607
1955.642,0.449
1955.645,0.406
1955.648,0.218
1955.651,0.327
1955.653,0.328
1955.656,0.242
1955.659,0.393
1955.662,0.567
1955.664,0.508
1955.667,0.276
1955.670,0.011
1955.673,-0.015
1955.675,-0.005
1955.678,0.049
1955.681,0.036
1955.684,0.043
1955.686,-0.068
1955.689,-0.086
1955.692,-0.153
1955.695,-0.114
1955.697,-0.059
1955.700,-0.061
1955.703,-0.073
1955.705,-0.071
1955.708,-0.084
1955.711,0.078
1955.714,0.037
1955.716,0.008
1955.719,0.076
1955.722,-0.025
1955.725,-0.178
1955.727,-0.287
1955.730,-0.291
1955.733,-0.410
1955.736,-0.372
1955.738,-0.469
1955.741,-0.508
1955.744,-0.433
1955.747,-0.498
1955.749,-0.551
1955.752,-0.474
1955.755,-0.319
1955.758,-0.234
1955.760,-0.070
1955.763,0.125
1955.766,-0.004
1955.768,-0.035
1955.771,0.249
1955.774,0.548
1955.777,0.611
1955.779,0.538
1955.782,0.359
1955.785,0.458
1955.788,0.624
1955.790,0.797
1955.793,0.792
1955.796,0.748
1955.799,0.743
1955.801,0.842
1955.804,0.731
1955.807,0.408
1955.810,0.440
1955.812,0.550
1955.815,0.652
1955.818,0.521
1955.821,0.490
1955.823,0.470
1955.826,0.303
1955.829,0.224
1955.832,0.352
1955.834,0.176
1955.837,0.064
1955.840,-0.018
1955.842,0.000
1955.845,0.126
1955.848,0.083
1955.851,0.017
1955.853,-0.004
1955.856,-0.162
1955.859,-0.199
1955.862,-0.442
1955.864,-0.447
1955.867,-0.312
1955.870,-0.311
1955.873,-0.664
1955.875,-1.029
1955.878,-0.972
1955.881,-0.641
1955.884,-0.508
1955.886,-0.246
1955.889,-0.213
1955.892,-0.340
1955.895,-0.469
1955.897,-0.518
1955.900,-0.489
1955.903,-0.522
1955.906,-0.632
1955.908,-0.582
1955.911,-0.508
1955.914,-0.430
1955.916,-0.577
1955.919,-0.440
1955.922,-0.260
1955.925,-0.570
1955.927,-0.803
1955.930,-0.856
1955.933,-0.738
1955.936,-0.322
1955.938,-0.004
1955.941,-0.186
1955.944,-0.245
1955.947,-0.275
1955.949,-0.316
1955.952,-0.481
1955.955,-0.683
1955.958,-0.871
1955.960,-0.854
1955.963,-0.895
1955.966,-0.847
1955.969,-0.957
1955.971,-0.920
1955.974,-0.569
1955.977,-0.178
1955.979,0.052
1955.982,-0.245
1955.985,-0.283
1955.988,-0.426
1955.990,-0.632
1955.993,-0.671
1955.996,-0.671
1955.999,-0.770
1956.001,-0.769
1956.004,-0.651
1956.007,-0.622
1956.010,-0.533
1956.012,-0.310
1956.015,-0.206
1956.018,-0.251
1956.021,-0.215
1956.023,0.154
1956.026,0.514
1956.029,0.376
1956.031,0.190
1956.034,0.007
1956.037,-0.264
1956.040,-0.449
1956.042,-0.550
1956.045,-0.590
1956.048,-0.642
1956.051,-0.583
1956.053,-0.495
1956.056,-0.262
1956.059,-0.116
1956.062,0.210
1956.064,0.330
1956.067,0.389
1956.070,0.262
1956.072,0.170
1956.075,-0.037
1956.078,-0.547
1956.081,-1.168
1956.083,-1.382
1956.086,-1.032
1956.089,-0.673
1956.092,-0.529
1956.094,-0.384
1956.097,-0.213
1956.100,-0.024
1956.102,0.045
1956.105,0.142
1956.108,-0.098
1956.111,-0.447
1956.113,-0.329
1956.116,-0.420
1956.119,-0.484
1956.122,-0.385
1956.124,-0.351
1956.127,-0.522
1956.130,-0.640
1956.133,-0.813
1956.135,-0.678
1956.138,-0.669
1956.141,-0.735
1956.143,-0.726
1956.146,-0.430
1956.149,-0.275
1956.152,-0.408
1956.154,-0.554
1956.157,-0.804
1956.160,-0.923
1956.163,-0.594
1956.165,-0.197
1956.168,-0.355
1956.171,0.028
1956.173,-0.047
1956.176,0.018
1956.179,-0.195
1956.182,-0.449
1956.184,-0.658
1956.187,-0.573
1956.190,-0.621
1956.193,-0.622
1956.195,-0.577
1956.198,-0.418
1956.201,-0.242
1956.203,-0.096
1956.206,0.055
1956.209,0.085
1956.212,0.047
1956.214,-0.216
1956.217,-0.402
1956.220,-0.335
1956.223,-0.272
1956.225,-0.496
1956.228,-0.529
1956.231,-0.511
1956.234,-0.467
1956.236,-0.551
1956.239,-0.823
1956.242,-0.761
1956.245,-0.625
1956.247,-0.572
1956.250,-0.336
1956.253,-0.327
1956.255,-0.210
1956.258,-0.167
1956.261,-0.145
1956.264,-0.308
1956.266,-0.336
1956.269,-0.093
1956.272,0.013
1956.275,-0.160
1956.277,-0.337
1956.280,-0.152
1956.283,0.252
1956.286,0.246
1956.288,0.085
1956.291,-0.020
1956.294,0.000
1956.297,-0.406
1956.299,-0.390
1956.302,-0.388
1956.305,-0.489
1956.307,-0.728
1956.310,-0.944
1956.313,-0.977
1956.316,-1.151
1956.318,-0.939
1956.321,-0.630
1956.324,-0.454
1956.327,-0.420
1956.329,-0.423
1956.332,-0.286
1956.335,-0.316
1956.337,-0.363
1956.340,-0.400
1956.343,-0.497
1956.346,-0.494
1956.348,-0.403
1956.351,-0.394
1956.354,-0.354
1956.357,-0.456
1956.359,-0.713
1956.362,-0.570
1956.365,-0.674
1956.367,-0.708
1956.370,-0.718
1956.373,-0.618
1956.376,-0.677
1956.378,-0.677
1956.381,-0.692
1956.384,-0.749
1956.387,-0.575
1956.389,-0.372
1956.392,-0.389
1956.395,-0.548
1956.398,-0.516
1956.400,-0.536
1956.403,-0.644
1956.406,-0.685
1956.408,-0.502
1956.411,-0.386
1956.414,-0.260
1956.417,-0.403
1956.419,-0.676
1956.422,-0.618
1956.425,-0.434
1956.428,-0.366
1956.430,-0.309
1956.433,-0.165
1956.436,-0.199
1956.438,-0.122
1956.441,-0.208
1956.444,-0.439
1956.447,-0.399
1956.449,-0.219
1956.452,-0.159
1956.455,-0.038
1956.458,0.216
1956.460,0.070
1956.463,-0.082
1956.466,-0.328
1956.469,-0.345
1956.471,-0.311
1956.474,-0.435
1956.477,-0.552
1956.479,-0.525
1956.482,-0.492
1956.485,-0.404
1956.488,-0.317
1956.490,-0.293
1956.493,-0.376
1956.496,-0.370
1956.499,-0.307
1956.501,-0.140
1956.504,-0.123
1956.507,-0.093
1956.510,-0.045
1956.512,-0.079
1956.515,-0.186
1956.518,-0.053
1956.521,0.095
1956.523,-0.143
1956.526,-0.118
1956.529,-0.145
1956.531,-0.227
1956.534,-0.300
1956.537,-0.241
1956.540,-0.316
1956.542,-0.230
1956.545,-0.286
1956.548,-0.142
1956.551,-0.022
1956.553,-0.015
1956.556,-0.031
1956.559,-0.085
1956.562,-0.281
1956.564,-0.136
1956.567,-0.079
1956.570,-0.317
1956.572,-0.444
1956.575,-0.310
1956.578,-0.217
1956.581,-0.228
1956.583,-0.367
1956.586,-0.553
1956.589,-0.632
1956.592,-0.575
1956.594,-0.481
1956.597,-0.595
1956.600,-0.675
1956.602,-0.648
1956.605,-0.733
1956.608,-0.674
1956.611,-0.863
1956.613,-0.828
1956.616,-0.682
1956.619,-0.612
1956.622,-0.816
1956.624,-0.914
1956.627,-0.635
1956.630,-0.695
1956.633,-0.906
1956.635,-0.996
1956.638,-0.771
1956.641,-0.776
1956.643,-0.807
1956.646,-0.537
1956.649,-0.432
1956.652,-0.477
1956.654,-0.388
1956.657,-0.402
1956.660,-0.506
1956.663,-0.521
1956.665,-0.485
1956.668,-0.469
1956.671,-0.568
1956.673,-0.550
1956.676,-0.525
1956.679,-0.331
1956.682,-0.171
1956.684,-0.186
1956.687,-0.468
1956.690,-0.532
1956.693,-0.378
1956.695,-0.418
1956.698,-0.418
1956.701,-0.407
1956.703,-0.267
1956.706,-0.126
1956.709,-0.124
1956.712,-0.055
1956.714,-0.133
1956.717,-0.338
1956.720,-0.399
1956.723,-0.381
1956.725,-0.396
1956.728,-0.750
1956.731,-0.855
1956.734,-0.656
1956.736,-0.566
1956.739,-0.742
1956.742,-0.655
1956.745,-0.345
1956.747,-0.043
1956.750,0.118
1956.753,0.137
1956.755,0.230
1956.758,0.281
1956.761,0.040
1956.764,0.017
1956.766,-0.072
1956.769,-0.365
1956.772,-0.690
1956.775,-0.769
1956.777,-0.544
1956.780,-0.351
1956.783,-0.191
1956.786,-0.332
1956.788,-0.332
1956.791,-0.473
1956.794,-0.660
1956.797,-0.769
1956.799,-0.901
1956.802,-0.706
1956.805,-0.413
1956.807,-0.439
1956.810,-0.381
1956.813,-0.492
1956.816,-0.387
1956.818,-0.356
1956.821,-0.277
1956.824,-0.479
1956.827,-0.728
1956.829,-0.908
1956.832,-0.602
1956.835,-0.396
1956.837,-0.317
1956.840,-0.371
1956.843,-0.431
1956.846,-0.433
1956.848,-0.300
1956.851,-0.449
1956.854,-0.658
1956.857,-0.779
1956.859,-0.878
1956.862,-0.923
1956.865,-0.734
1956.867,-0.755
1956.870,-0.918
1956.873,-0.939
1956.876,-0.929
1956.878,-0.729
1956.881,-0.472
1956.884,-0.446
1956.887,-0.258
1956.889,-0.434
1956.892,-0.542
1956.895,-0.509
1956.898,-0.429
1956.900,-0.577
1956.903,-0.462
1956.906,-0.227
1956.908,-0.056
1956.911,0.032
1956.914,-0.071
1956.917,0.046
1956.919,-0.049
1956.922,-0.176
1956.925,-0.322
1956.928,-0.245
1956.930,-0.258
1956.933,-0.394
1956.936,-0.468
1956.938,-0.624
1956.941,-0.561
1956.944,-0.509
1956.947,-0.524
1956.949,-0.709
1956.952,-0.704
1956.955,-0.498
1956.958,-0.417
1956.960,-0.517
1956.963,-0.414
1956.966,-0.278
1956.969,-0.103
1956.971,-0.114
1956.974,-0.229
1956.977,-0.234
1956.979,-0.269
1956.982,-0.190
1956.985,0.030
1956.988,0.118
1956.990,0.045
1956.993,-0.017
1956.996,-0.024
1956.999,-0.148
1957.001,-0.156
1957.004,-0.184
1957.007,-0.328
1957.010,-0.131
1957.012,-0.024
1957.015,-0.294
1957.018,-0.534
1957.021,-0.728
1957.023,-0.697
1957.026,-0.878
1957.029,-0.774
1957.031,-0.591
1957.034,-0.259
1957.037,-0.120
1957.040,0.013
1957.042,0.113
1957.045,0.148
1957.048,0.102
1957.051,0.069
1957.053,0.092
1957.056,0.184
1957.059,0.064
1957.062,-0.082
1957.064,-0.149
1957.067,-0.127
1957.070,-0.221
1957.073,-0.222
1957.075,-0.260
1957.078,-0.492
1957.081,-0.885
1957.084,-0.878
1957.086,-0.840
1957.089,-0.665
1957.092,-0.459
1957.094,-0.409
1957.097,-0.619
1957.100,-0.721
1957.103,-0.628
1957.105,-0.404
1957.108,-0.284
1957.111,-0.397
1957.114,-0.437
1957.116,-0.357
1957.119,0.174
1957.122,0.540
1957.125,0.547
1957.127,0.524
1957.130,0.461
1957.133,0.336
1957.136,0.103
1957.138,0.013
1957.141,-0.084
1957.144,-0.325
1957.147,-0.195
1957.149,-0.129
1957.152,0.012
1957.155,-0.029
1957.158,-0.095
1957.160,-0.076
1957.163,-0.230
1957.166,-0.303
1957.168,-0.571
1957.171,-0.726
1957.174,-0.700
1957.177,-0.769
1957.179,-0.651
1957.182,-0.543
1957.185,-0.601
1957.188,-0.549
1957.190,-0.469
1957.193,-0.414
1957.196,-0.279
1957.199,-0.260
1957.201,-0.408
1957.204,-0.495
1957.207,-0.204
1957.210,0.260
1957.212,0.670
1957.215,0.659
1957.218,0.302
1957.221,0.058
1957.223,0.179
1957.226,-0.116
1957.229,-0.188
1957.232,-0.156
1957.234,-0.262
1957.237,0.043
1957.240,0.050
1957.242,0.032
1957.245,0.115
1957.248,-0.013
1957.251,-0.104
1957.253,-0.187
1957.256,-0.015
1957.259,0.028
1957.262,0.227
1957.264,0.327
1957.267,-0.182
1957.270,-0.398
1957.273,-0.328
1957.275,-0.053
1957.278,0.074
1957.281,-0.044
1957.284,-0.189
1957.286,-0.050
1957.289,0.339
1957.292,0.578
1957.295,0.483
1957.297,0.353
1957.300,0.175
1957.303,0.278
1957.305,0.197
1957.308,0.145
1957.311,0.261
1957.314,0.275
1957.316,0.208
1957.319,0.300
1957.322,0.207
1957.325,0.142
1957.327,0.092
1957.330,0.211
1957.333,0.181
1957.336,0.330
1957.338,0.283
1957.341,0.159
1957.344,0.068
1957.347,-0.023
1957.349,-0.145
1957.352,-0.005
1957.355,0.048
1957.358,-0.002
1957.360,0.094
1957.363,0.206
1957.366,0.458
1957.369,0.477
1957.371,0.183
1957.374,0.197
1957.377,0.043
1957.379,0.017
1957.382,-0.024
1957.385,-0.131
1957.388,-0.191
1957.390,-0.158
1957.393,-0.250
1957.396,-0.250
1957.399,0.015
1957.401,0.107
1957.404,0.092
1957.407,0.089
1957.410,0.150
1957.412,0.231
1957.415,0.128
1957.418,0.108
1957.421,0.262
1957.423,0.463
1957.426,0.341
1957.429,0.041
1957.432,0.037
1957.434,0.187
1957.437,0.173
1957.440,0.058
1957.443,-0.032
1957.445,-0.016
1957.448,0.076
1957.451,0.234
1957.453,0.309
1957.456,0.307
1957.459,0.308
1957.462,0.335
1957.464,0.356
1957.467,0.367
1957.470,0.352
1957.473,0.311
1957.475,0.450
1957.478,0.590
1957.481,0.482
1957.484,0.429
1957.486,0.327
1957.489,0.208
1957.492,0.153
1957.495,0.004
1957.497,-0.179
1957.500,-0.255
1957.503,0.122
1957.505,0.347
1957.508,0.300
1957.511,0.001
1957.514,-0.297
1957.516,-0.346
1957.519,-0.339
1957.522,-0.418
1957.525,-0.402
1957.527,-0.305
1957.530,-0.400
1957.533,-0.266
1957.536,-0.183
1957.538,-0.159
1957.541,-0.346
1957.544,-0.426
1957.547,-0.397
1957.549,-0.432
1957.552,-0.427
1957.555,-0.462
1957.557,-0.261
1957.560,-0.153
1957.563,0.006
1957.566,-0.019
1957.568,-0.035
1957.571,-0.293
1957.574,-0.470
1957.577,-0.241
1957.579,-0.203
1957.582,-0.107
1957.585,-0.068
1957.588,0.082
1957.590,0.275
1957.593,0.340
1957.596,0.245
1957.599,0.085
1957.601,-0.040
1957.604,-0.180
1957.607,-0.151
1957.610,-0.052
1957.612,-0.061
1957.615,-0.033
1957.618,-0.018
1957.621,0.373
1957.623,0.407
1957.626,0.339
1957.629,0.371
1957.631,0.382
1957.634,0.449
1957.637,0.308
1957.640,0.324
1957.642,0.188
1957.645,-0.074
1957.648,-0.082
1957.651,-0.218
1957.653,-0.075
1957.656,0.040
1957.659,0.055
1957.662,0.052
1957.664,-0.033
1957.667,-0.205
1957.670,-0.275
1957.673,-0.183
1957.675,-0.187
1957.678,-0.144
1957.681,0.055
1957.684,0.113
1957.686,-0.043
1957.689,0.055
1957.692,0.078
1957.695,0.046
1957.697,0.062
1957.700,-0.002
1957.703,-0.033
1957.705,0.057
1957.708,0.042
1957.711,0.072
1957.714,0.084
1957.716,-0.043
1957.719,0.027
1957.722,0.066
1957.725,0.102
1957.727,0.053
1957.730,-0.011
1957.733,0.035
1957.736,0.180
1957.738,0.262
1957.741,0.397
1957.744,0.612
1957.747,0.728
1957.749,0.630
1957.752,0.398
1957.755,0.137
1957.758,-0.102
1957.760,-0.216
1957.763,-0.006
1957.766,-0.001
1957.768,0.015
1957.771,-0.092
1957.774,-0.260
1957.777,-0.113
1957.779,0.144
1957.782,0.189
1957.785,0.244
1957.788,0.230
1957.790,0.073
1957.793,0.032
1957.796,0.103
1957.799,0.184
1957.801,0.246
1957.804,0.034
1957.807,-0.254
1957.810,-0.341
1957.812,-0.118
1957.815,-0.141
1957.818,-0.388
1957.821,-0.326
1957.823,-0.126
1957.826,0.123
1957.829,0.331
1957.832,0.497
1957.834,0.641
1957.837,0.741
1957.840,0.829
1957.842,0.909
1957.845,0.760
1957.848,0.377
1957.851,-0.018
1957.853,-0.260
1957.856,-0.235
1957.859,-0.193
1957.862,-0.240
1957.864,-0.196
1957.867,0.060
1957.870,0.578
1957.873,0.608
1957.875,0.542
1957.878,0.300
1957.881,-0.057
1957.884,-0.417
1957.886,-0.569
1957.889,-0.517
1957.892,-0.614
1957.895,-0.479
1957.897,-0.218
1957.900,0.024
1957.903,0.095
1957.906,0.055
1957.908,-0.013
1957.911,-0.093
1957.914,-0.180
1957.916,-0.282
1957.919,-0.163
1957.922,-0.099
1957.925,-0.061
1957.927,0.066
1957.930,0.222
1957.933,0.256
1957.936,0.195
1957.938,0.377
1957.941,0.233
1957.944,0.382
1957.947,0.775
1957.949,1.027
1957.952,0.906
1957.955,0.831
1957.958,0.801
1957.960,0.716
1957.963,0.874
1957.966,1.050
1957.969,1.153
1957.971,0.984
1957.974,0.914
1957.977,1.063
1957.979,1.056
1957.982,0.788
1957.985,0.428
1957.988,0.440
1957.990,0.191
1957.993,-0.176
1957.996,-0.265
1957.999,-0.074
1958.001,0.302
1958.004,0.428
1958.007,0.470
1958.010,0.824
1958.012,0.871
1958.015,0.619
1958.018,0.580
1958.021,0.506
1958.023,0.468
1958.026,0.439
1958.029,0.535
1958.031,0.394
1958.034,0.389
1958.037,0.352
1958.040,0.389
1958.042,0.575
1958.045,0.856
1958.048,0.957
1958.051,0.983
1958.053,1.247
1958.056,1.269
1958.059,1.127
1958.062,1.297
1958.064,1.419
1958.067,1.562
1958.070,1.288
1958.073,1.039
1958.075,1.101
1958.078,1.056
1958.081,0.726
1958.084,0.350
1958.086,0.343
1958.089,0.446
1958.092,0.825
1958.094,0.996
1958.097,1.041
1958.100,0.894
1958.103,0.549
1958.105,0.289
1958.108,0.379
1958.111,0.364
1958.114,0.233
1958.116,-0.026
1958.119,-0.089
1958.122,-0.204
1958.125,-0.298
1958.127,-0.232
1958.130,0.007
1958.133,0.389
1958.136,0.500
1958.138,0.390
1958.141,0.434
1958.144,0.832
1958.147,0.823
1958.149,0.812
1958.152,0.955
1958.155,0.770
1958.158,0.329
1958.160,0.275
1958.163,0.261
1958.166,0.235
1958.168,0.275
1958.171,0.386
1958.174,0.480
1958.177,0.752
1958.179,1.026
1958.182,0.901
1958.185,0.761
1958.188,0.678
1958.190,0.694
1958.193,0.641
1958.196,0.464
1958.199,0.152
1958.201,-0.191
1958.204,-0.278
1958.207,-0.274
1958.210,-0.221
1958.212,-0.348
1958.215,-0.569
1958.218,-0.368
1958.221,-0.182
1958.223,-0.165
1958.226,-0.057
1958.229,0.131
1958.232,0.268
1958.234,0.429
1958.237,0.305
1958.240,0.283
1958.242,0.352
1958.245,0.325
1958.248,0.425
1958.251,0.621
1958.253,0.875
1958.256,1.025
1958.259,0.939
1958.262,0.600
1958.264,0.393
1958.267,0.153
1958.270,0.336
1958.273,0.389
1958.275,0.290
1958.278,0.197
1958.281,0.456
1958.284,0.625
1958.286,0.568
1958.289,0.504
1958.292,0.613
1958.295,0.793
1958.297,0.573
1958.300,0.310
1958.303,0.042
1958.305,-0.140
1958.308,-0.025
1958.311,0.074
1958.314,-0.042
1958.316,-0.045
1958.319,-0.146
1958.322,-0.265
1958.325,-0.196
1958.327,-0.168
1958.330,-0.148
1958.333,-0.079
1958.336,-0.049
1958.338,-0.018
1958.341,0.188
1958.344,0.145
1958.347,0.134
1958.349,0.498
1958.352,0.526
1958.355,0.312
1958.358,0.141
1958.360,0.297
1958.363,0.279
1958.366,0.560
1958.369,0.712
1958.371,0.763
1958.374,0.723
1958.377,0.670
1958.379,0.665
1958.382,0.580
1958.385,0.601
1958.388,0.369
1958.390,0.460
1958.393,0.468
1958.396,0.344
1958.399,0.127
1958.401,0.244
1958.404,0.219
1958.407,0.235
1958.410,0.262
1958.412,0.053
1958.415,-0.027
1958.418,0.151
1958.421,0.226
1958.423,0.220
1958.426,0.264
1958.429,0.197
1958.432,0.069
1958.434,-0.055
1958.437,-0.222
1958.440,-0.303
1958.443,-0.455
1958.445,-0.349
1958.448,-0.331
1958.451,-0.293
1958.453,-0.263
1958.456,-0.455
1958.459,-0.837
1958.462,-0.898
1958.464,-0.820
1958.467,-0.768
1958.470,-0.589
1958.473,-0.425
1958.475,-0.113
1958.478,-0.029
1958.481,-0.353
1958.484,-0.378
1958.486,-0.031
1958.489,-0.076
1958.492,0.089
1958.495,0.208
1958.497,0.260
1958.500,0.311
1958.503,0.261
1958.505,0.242
1958.508,0.092
1958.511,0.082
1958.514,0.005
1958.516,-0.061
1958.519,0.205
1958.522,0.107
1958.525,-0.052
1958.527,0.050
1958.530,0.141
1958.533,0.174
1958.536,0.343
1958.538,0.332
1958.541,0.338
1958.544,0.343
1958.547,0.455
1958.549,0.324
1958.552,0.222
1958.555,0.059
1958.557,-0.108
1958.560,-0.012
1958.563,0.127
1958.566,-0.153
1958.568,-0.205
1958.571,-0.180
1958.574,-0.324
1958.577,-0.510
1958.579,-0.450
1958.582,-0.346
1958.585,-0.396
1958.588,-0.421
1958.590,-0.402
1958.593,-0.454
1958.596,-0.517
1958.599,-0.639
1958.601,-0.581
1958.604,-0.361
1958.607,-0.212
1958.610,-0.092
1958.612,0.077
1958.615,0.054
1958.618,0.018
1958.621,-0.038
1958.623,-0.099
1958.626,-0.062
1958.629,-0.176
1958.631,-0.270
1958.634,-0.362
1958.637,-0.393
1958.640,-0.378
1958.642,-0.328
1958.645,-0.306
1958.648,-0.552
1958.651,-0.595
1958.653,-0.312
1958.656,-0.212
1958.659,-0.283
1958.662,-0.225
1958.664,-0.179
1958.667,-0.051
1958.670,0.026
1958.673,0.047
1958.675,0.069
1958.678,-0.163
1958.681,-0.327
1958.684,-0.443
1958.686,-0.511
1958.689,-0.379
1958.692,-0.522
1958.695,-0.472
1958.697,-0.449
1958.700,-0.536
1958.703,-0.701
1958.705,-0.744
1958.708,-0.860
1958.711,-0.912
1958.714,-0.975
1958.716,-0.781
1958.719,-0.724
1958.722,-0.582
1958.725,-0.251
1958.727,0.212
1958.730,0.421
1958.733,0.423
1958.736,0.244
1958.738,-0.173
1958.741,-0.279
1958.744,-0.368
1958.747,-0.251
1958.749,-0.442
1958.752,-0.377
1958.755,-0.278
1958.758,-0.217
1958.760,0.073
1958.763,0.085
1958.766,0.133
1958.768,0.154
1958.771,0.012
1958.774,-0.219
1958.777,-0.375
1958.779,-0.107
1958.782,-0.080
1958.785,0.069
1958.788,0.210
1958.790,0.149
1958.793,0.106
1958.796,0.277
1958.799,0.207
1958.801,0.103
1958.804,0.048
1958.807,-0.125
1958.810,-0.212
1958.812,-0.109
1958.815,-0.039
1958.818,-0.038
1958.821,0.211
1958.823,0.241
1958.826,0.314
1958.829,0.291
1958.832,0.083
1958.834,-0.019
1958.837,0.149
1958.840,0.393
1958.842,0.267
1958.845,0.284
1958.848,0.216
1958.851,0.088
1958.853,0.005
1958.856,-0.204
1958.859,-0.024
1958.862,0.142
1958.864,0.070
1958.867,-0.068
1958.870,-0.112
1958.873,-0.200
1958.875,-0.238
1958.878,-0.270
1958.881,-0.080
1958.884,0.207
1958.886,0.346
1958.889,0.211
1958.892,0.031
1958.895,-0.217
1958.897,-0.347
1958.900,-0.467
1958.903,-0.549
1958.906,-0.615
1958.908,-0.569
1958.911,-0.733
1958.914,-0.536
1958.916,-0.294
1958.919,-0.211
1958.922,-0.132
1958.925,0.054
1958.927,0.054
1958.930,-0.062
1958.933,0.121
1958.936,0.038
1958.938,-0.092
1958.941,-0.124
1958.944,-0.182
1958.947,-0.151
1958.949,-0.232
1958.952,-0.468
1958.955,-0.182
1958.958,0.376
1958.960,0.568
1958.963,0.507
1958.966,0.380
1958.969,0.335
1958.971,0.329
1958.974,0.592
1958.977,0.486
1958.979,-0.075
1958.982,-0.404
1958.985,-0.548
1958.988,-0.450
1958.990,-0.478
1958.993,-0.569
1958.996,-0.546
1958.999,-0.527
1959.001,-0.617
1959.004,-0.713
1959.007,-0.952
1959.010,-1.100
1959.012,-1.249
1959.015,-0.904
1959.018,-0.405
1959.021,-0.294
1959.023,-0.099
1959.026,0.211
1959.029,0.168
1959.031,0.166
1959.034,0.331
1959.037,0.300
1959.040,0.210
1959.042,0.078
1959.045,0.460
1959.048,0.777
1959.051,0.969
1959.053,0.808
1959.056,0.574
1959.059,0.419
1959.062,0.588
1959.064,0.755
1959.067,0.749
1959.070,0.588
1959.073,0.658
1959.075,0.648
1959.078,0.585
1959.081,0.338
1959.084,0.294
1959.086,0.350
1959.089,0.398
1959.092,0.356
1959.094,0.375
1959.097,0.153
1959.100,-0.035
1959.103,0.045
1959.105,0.040
1959.108,-0.142
1959.111,-0.124
1959.114,-0.162
1959.116,0.193
1959.119,0.401
1959.122,0.257
1959.125,-0.220
1959.127,-0.245
1959.130,-0.311
1959.133,-0.405
1959.136,-0.578
1959.138,-0.385
1959.141,-0.173
1959.144,0.042
1959.147,0.347
1959.149,0.373
1959.152,0.178
1959.155,0.261
1959.158,0.367
1959.160,0.622
1959.163,0.694
1959.166,0.607
1959.168,0.804
1959.171,0.896
1959.174,0.595
1959.177,0.599
1959.179,0.468
1959.182,0.284
1959.185,0.170
1959.188,0.246
1959.190,0.487
1959.193,0.572
1959.196,0.559
1959.199,0.383
1959.201,0.392
1959.204,0.464
1959.207,0.397
1959.210,0.471
1959.212,0.636
1959.215,0.760
1959.218,0.776
1959.221,0.784
1959.223,0.873
1959.226,0.946
1959.229,0.850
1959.232,0.848
1959.234,0.867
1959.237,0.901
1959.240,0.782
1959.242,0.783
1959.245,0.943
1959.248,1.127
1959.251,1.066
1959.253,0.738
1959.256,0.644
1959.259,0.651
1959.262,0.522
1959.264,0.659
1959.267,0.886
1959.270,0.752
1959.273,0.687
1959.275,0.751
1959.278,0.637
1959.281,0.615
1959.284,0.788
1959.286,0.936
1959.289,0.603
1959.292,0.659
1959.295,0.540
1959.297,0.623
1959.300,0.495
1959.303,0.323
1959.305,0.285
1959.308,0.124
1959.311,0.246
1959.314,0.414
1959.316,0.526
1959.319,0.675
1959.322,0.848
1959.325,0.822
1959.327,0.613
1959.330,0.487
1959.333,0.469
1959.336,0.097
1959.338,-0.156
1959.341,-0.001
1959.344,0.036
1959.347,0.373
1959.349,0.266
1959.352,-0.009
1959.355,-0.126
1959.358,-0.158
1959.360,0.071
1959.363,0.139
1959.366,0.205
1959.369,0.112
1959.371,0.261
1959.374,0.334
1959.377,0.189
1959.379,-0.052
1959.382,0.175
1959.385,0.286
1959.388,0.272
1959.390,0.373
1959.393,0.278
1959.396,0.202
1959.399,0.204
1959.401,0.247
1959.404,0.246
1959.407,0.263
1959.410,0.075
1959.412,0.034
1959.415,0.139
1959.418,0.149
1959.421,0.284
1959.423,0.255
1959.426,0.150
1959.429,0.166
1959.432,0.249
1959.434,0.109
1959.437,0.271
1959.440,0.297
1959.443,0.257
1959.445,0.176
1959.448,0.060
1959.451,-0.212
1959.453,-0.318
1959.456,0.019
1959.459,0.194
1959.462,0.222
1959.464,0.246
1959.467,0.121
1959.470,-0.000
1959.473,0.135
1959.475,0.185
1959.478,0.403
1959.481,0.422
1959.484,0.293
1959.486,0.099
1959.489,-0.082
1959.492,0.189
1959.495,0.303
1959.497,0.212
1959.500,0.170
1959.503,-0.004
1959.505,-0.033
1959.508,0.046
1959.511,0.262
1959.514,0.204
1959.516,0.184
1959.519,0.264
1959.522,0.313
1959.525,0.545
1959.527,0.631
1959.530,0.585
1959.533,0.422
1959.536,0.119
1959.538,-0.169
1959.541,-0.186
1959.544,0.028
1959.547,0.028
1959.549,-0.174
1959.552,-0.084
1959.555,-0.115
1959.557,-0.392
1959.560,-0.293
1959.563,-0.125
1959.566,0.021
1959.568,0.158
1959.571,0.509
1959.574,0.669
1959.577,0.555
1959.579,0.359
1959.582,0.059
1959.585,-0.097
1959.588,0.010
1959.590,0.046
1959.593,0.276
1959.596,0.368
1959.599,0.207
1959.601,0.149
1959.604,0.215
1959.607,0.230
1959.610,0.223
1959.612,0.078
1959.615,-0.138
1959.618,-0.167
1959.621,-0.047
1959.623,-0.225
1959.626,-0.350
1959.629,-0.268
1959.631,-0.430
1959.634,-0.221
1959.637,-0.144
1959.640,0.016
1959.642,-0.094
1959.645,-0.078
1959.648,-0.007
1959.651,0.003
1959.653,-0.042
1959.656,-0.134
1959.659,-0.127
1959.662,-0.221
1959.664,-0.119
1959.667,-0.247
1959.670,-0.132
1959.673,-0.268
1959.675,-0.196
1959.678,-0.069
1959.681,-0.012
1959.684,0.128
1959.686,0.058
1959.689,-0.054
1959.692,-0.279
1959.695,-0.549
1959.697,-0.694
1959.700,-0.570
1959.703,-0.601
1959.705,-0.428
1959.708,-0.279
1959.711,-0.242
1959.714,-0.392
1959.716,-0.396
1959.719,-0.275
1959.722,-0.248
1959.725,-0.304
1959.727,-0.102
1959.730,0.064
1959.733,0.090
1959.736,0.050
1959.738,0.114
1959.741,0.002
1959.744,-0.047
1959.747,-0.084
1959.749,0.050
1959.752,0.090
1959.755,0.099
1959.758,-0.109
1959.760,-0.251
1959.763,-0.299
1959.766,-0.429
1959.768,-0.314
1959.771,-0.134
1959.774,-0.127
1959.777,-0.122
1959.779,-0.258
1959.782,-0.341
1959.785,-0.229
1959.788,-0.235
1959.790,-0.126
1959.793,-0.019
1959.796,-0.013
1959.799,-0.079
1959.801,-0.234
1959.804,-0.309
1959.807,-0.103
1959.810,-0.215
1959.812,-0.206
1959.815,-0.301
1959.818,-0.378
1959.821,-0.470
1959.823,-0.552
1959.826,-0.545
1959.829,-0.335
1959.832,-0.339
1959.834,-0.285
1959.837,-0.297
1959.840,-0.431
1959.842,-0.605
1959.845,-0.701
1959.848,-0.645
1959.851,-0.641
1959.853,-0.501
1959.856,-0.461
1959.859,-0.364
1959.862,-0.386
1959.864,-0.516
1959.867,-0.627
1959.870,-0.799
1959.873,-0.910
1959.875,-0.873
1959.878,-0.829
1959.881,-0.553
1959.884,-0.519
1959.886,-0.497
1959.889,-0.514
1959.892,-0.513
1959.895,-0.382
1959.897,-0.404
1959.900,-0.563
1959.903,-0.641
1959.906,-0.710
1959.908,-0.467
1959.911,-0.300
1959.914,-0.291
1959.916,-0.163
1959.919,-0.073
1959.922,-0.261
1959.925,-0.589
1959.927,-1.074
1959.930,-1.074
1959.933,-1.016
1959.936,-0.931
1959.938,-0.711
1959.941,-0.481
1959.944,-0.489
1959.947,-0.449
1959.949,-0.356
1959.952,-0.233
1959.955,-0.128
1959.958,-0.085
1959.960,-0.071
1959.963,0.093
1959.966,0.035
1959.969,0.114
1959.971,0.084
1959.974,0.078
1959.977,0.175
1959.979,0.156
1959.982,0.333
1959.985,0.629
1959.988,0.664
1959.990,0.558
1959.993,0.472
1959.996,0.453
1959.999,0.346
1960.001,0.166
1960.004,0.071
1960.007,0.205
1960.010,-0.027
1960.012,-0.279
1960.015,-0.148
1960.018,-0.137
1960.021,0.118
1960.023,0.074
1960.026,0.232
1960.029,0.113
1960.031,0.119
1960.034,0.148
1960.037,0.129
1960.040,-0.168
1960.042,-0.471
1960.045,-0.498
1960.048,-0.370
1960.051,-0.398
1960.053,-0.532
1960.056,-0.477
1960.059,-0.586
1960.062,-0.573
1960.064,-0.417
1960.067,-0.055
1960.070,0.182
1960.072,0.155
1960.075,0.316
1960.078,0.304
1960.081,0.230
1960.083,0.442
1960.086,0.601
1960.089,0.715
1960.092,0.584
1960.094,0.255
1960.097,0.145
1960.100,0.101
1960.102,0.087
1960.105,0.127
1960.108,0.329
1960.111,0.418
1960.113,0.439
1960.116,0.754
1960.119,1.049
1960.122,0.877
1960.124,0.995
1960.127,0.951
1960.130,0.895
1960.133,0.828
1960.135,0.952
1960.138,0.790
1960.141,0.759
1960.143,0.679
1960.146,0.750
1960.149,0.693
1960.152,0.248
1960.154,-0.120
1960.157,-0.228
1960.160,-0.229
1960.163,-0.494
1960.165,-0.815
1960.168,-1.112
1960.171,-1.033
1960.173,-0.876
1960.176,-0.943
1960.179,-0.919
1960.182,-1.008
1960.184,-0.989
1960.187,-0.851
1960.190,-0.688
1960.193,-1.044
1960.195,-1.319
1960.198,-1.339
1960.201,-1.244
1960.203,-1.159
1960.206,-1.124
1960.209,-1.126
1960.212,-0.892
1960.214,-0.826
1960.217,-0.932
1960.220,-1.256
1960.223,-1.347
1960.225,-1.362
1960.228,-1.202
1960.231,-1.297
1960.234,-1.266
1960.236,-0.934
1960.239,-0.730
1960.242,-0.587
1960.245,-0.367
1960.247,-0.436
1960.250,-0.449
1960.253,-0.149
1960.255,-0.102
1960.258,0.097
1960.261,0.250
1960.264,0.139
1960.266,0.081
1960.269,-0.084
1960.272,-0.322
1960.275,-0.644
1960.277,-0.792
1960.280,-0.501
1960.283,-0.143
1960.286,-0.017
1960.288,-0.096
1960.291,-0.194
1960.294,-0.250
1960.297,-0.059
1960.299,0.084
1960.302,0.292
1960.305,0.497
1960.307,0.441
1960.310,0.338
1960.313,0.034
1960.316,-0.294
1960.318,-0.710
1960.321,-0.853
1960.324,-0.653
1960.327,-0.650
1960.329,-0.769
1960.332,-0.658
1960.335,-0.671
1960.337,-0.664
1960.340,-0.780
1960.343,-0.766
1960.346,-0.778
1960.348,-0.554
1960.351,-0.502
1960.354,-0.649
1960.357,-0.600
1960.359,-0.506
1960.362,-0.507
1960.365,-0.486
1960.367,-0.304
1960.370,-0.149
1960.373,-0.174
1960.376,-0.210
1960.378,-0.386
1960.381,-0.598
1960.384,-0.705
1960.387,-0.504
1960.389,-0.447
1960.392,-0.045
1960.395,0.200
1960.398,0.143
1960.400,0.075
1960.403,-0.058
1960.406,0.011
1960.408,0.119
1960.411,0.200
1960.414,0.038
1960.417,0.010
1960.419,0.266
1960.422,0.151
1960.425,0.144
1960.428,0.096
1960.430,0.153
1960.433,0.111
1960.436,0.008
1960.438,0.088
1960.441,0.145
1960.444,0.171
1960.447,0.088
1960.449,0.058
1960.452,0.201
1960.455,0.286
1960.458,0.331
1960.460,0.140
1960.463,0.095
1960.466,0.317
1960.469,0.189
1960.471,0.019
1960.474,0.178
1960.477,0.168
1960.479,-0.045
1960.482,-0.153
1960.485,-0.377
1960.488,-0.390
1960.490,-0.366
1960.493,-0.279
1960.496,-0.157
1960.499,-0.046
1960.501,-0.309
1960.504,-0.385
1960.507,-0.516
1960.510,-0.649
1960.512,-0.592
1960.515,-0.604
1960.518,-0.614
1960.521,-0.449
1960.523,-0.420
1960.526,-0.253
1960.529,-0.102
1960.531,-0.178
1960.534,-0.212
1960.537,0.021
1960.540,0.013
1960.542,-0.157
1960.545,-0.427
1960.548,-0.530
1960.551,-0.313
1960.553,0.066
1960.556,0.072
1960.559,-0.091
1960.562,0.049
1960.564,0.173
1960.567,0.216
1960.570,0.390
1960.572,0.392
1960.575,0.373
1960.578,0.279
1960.581,-0.012
1960.583,-0.236
1960.586,-0.163
1960.589,-0.188
1960.592,-0.236
1960.594,-0.074
1960.597,0.061
1960.600,0.181
1960.602,0.224
1960.605,0.264
1960.608,0.268
1960.611,0.298
1960.613,0.029
1960.616,-0.106
1960.619,0.101
1960.622,0.243
1960.624,0.259
1960.627,0.232
1960.630,0.116
1960.633,0.090
1960.635,-0.011
1960.638,-0.088
1960.641,-0.085
1960.643,-0.307
1960.646,-0.558
1960.649,-0.681
1960.652,-0.665
1960.654,-0.567
1960.657,-0.199
1960.660,0.088
1960.663,0.175
1960.665,0.142
1960.668,0.123
1960.671,0.200
1960.673,0.308
1960.676,0.346
1960.679,0.259
1960.682,0.190
1960.684,0.094
1960.687,-0.236
1960.690,-0.467
1960.693,-0.102
1960.695,0.105
1960.698,0.115
1960.701,-0.198
1960.703,-0.370
1960.706,-0.420
1960.709,-0.216
1960.712,-0.076
1960.714,-0.170
1960.717,-0.234
1960.720,-0.242
1960.723,-0.071
1960.725,0.004
1960.728,0.303
1960.731,0.280
1960.734,-0.012
1960.736,-0.438
1960.739,-0.311
1960.742,-0.094
1960.745,0.144
1960.747,0.099
1960.750,-0.029
1960.753,-0.001
1960.755,0.237
1960.758,0.355
1960.761,0.533
1960.764,0.735
1960.766,0.687
1960.769,0.651
1960.772,0.521
1960.775,0.394
1960.777,0.243
1960.780,0.133
1960.783,0.195
1960.786,0.269
1960.788,0.210
1960.791,0.159
1960.794,-0.213
1960.797,-0.346
1960.799,-0.478
1960.802,-0.449
1960.805,-0.264
1960.807,-0.001
1960.810,0.200
1960.813,0.051
1960.816,-0.117
1960.818,-0.208
1960.821,-0.131
1960.824,0.094
1960.827,0.062
1960.829,0.071
1960.832,0.321
1960.835,0.627
1960.837,0.602
1960.840,0.594
1960.843,0.331
1960.846,0.150
1960.848,0.024
1960.851,-0.221
1960.854,-0.356
1960.857,-0.397
1960.859,-0.357
1960.862,-0.345
1960.865,-0.402
1960.867,-0.428
1960.870,-0.480
1960.873,-0.468
1960.876,-0.528
1960.878,-0.651
1960.881,-0.856
1960.884,-0.942
1960.887,-0.979
1960.889,-1.137
1960.892,-1.253
1960.895,-1.267
1960.898,-1.026
1960.900,-0.747
1960.903,-0.703
1960.906,-0.655
1960.908,-0.522
1960.911,-0.598
1960.914,-0.605
1960.917,-0.530
1960.919,-0.302
1960.922,-0.039
1960.925,0.124
1960.928,0.311
1960.930,0.559
1960.933,0.852
1960.936,1.009
1960.938,1.082
1960.941,0.975
1960.944,0.799
1960.947,0.624
1960.949,0.495
1960.952,0.580
1960.955,0.398
1960.958,0.364
1960.960,0.180
1960.963,0.102
1960.966,0.310
1960.969,0.247
1960.971,0.362
1960.974,0.459
1960.977,0.502
1960.979,0.568
1960.982,0.439
1960.985,0.492
1960.988,0.410
1960.990,0.467
1960.993,0.425
1960.996,0.392
1960.999,-0.164
1961.001,-0.279
1961.004,-0.282
1961.007,-0.375
1961.010,-0.338
1961.012,-0.149
1961.015,-0.121
1961.018,-0.091
1961.021,0.084
1961.023,0.227
1961.026,-0.003
1961.029,0.147
1961.031,0.277
1961.034,0.281
1961.037,0.282
1961.040,0.304
1961.042,0.525
1961.045,0.394
1961.048,0.304
1961.051,0.340
1961.053,0.341
1961.056,0.457
1961.059,0.455
1961.062,0.438
1961.064,0.338
1961.067,0.296
1961.070,0.088
1961.073,0.164
1961.075,0.219
1961.078,0.182
1961.081,0.232
1961.084,0.513
1961.086,0.629
1961.089,0.752
1961.092,0.887
1961.094,1.075
1961.097,1.235
1961.100,1.083
1961.103,0.927
1961.105,0.699
1961.108,0.412
1961.111,0.351
1961.114,0.274
1961.116,0.209
1961.119,0.096
1961.122,0.026
1961.125,-0.095
1961.127,-0.173
1961.130,-0.228
1961.133,-0.120
1961.136,0.118
1961.138,0.395
1961.141,0.556
1961.144,0.650
1961.147,0.369
1961.149,0.220
1961.152,0.136
1961.155,0.176
1961.158,0.147
1961.160,0.191
1961.163,0.340
1961.166,0.273
1961.168,-0.058
1961.171,-0.285
1961.174,-0.275
1961.177,-0.113
1961.179,0.080
1961.182,0.125
1961.185,0.069
1961.188,-0.015
1961.190,0.130
1961.193,0.173
1961.196,0.222
1961.199,0.341
1961.201,0.552
1961.204,0.516
1961.207,0.395
1961.210,0.294
1961.212,0.084
1961.215,0.051
1961.218,0.343
1961.221,0.343
1961.223,0.660
1961.226,0.735
1961.229,0.665
1961.232,0.649
1961.234,0.534
1961.237,0.504
1961.240,0.604
1961.242,0.668
1961.245,0.630
1961.248,0.680
1961.251,0.900
1961.253,0.860
1961.256,0.740
1961.259,0.478
1961.262,0.350
1961.264,0.369
1961.267,0.257
1961.270,0.052
1961.273,0.167
1961.275,0.486
1961.278,0.483
1961.281,0.421
1961.284,0.426
1961.286,0.631
1961.289,0.408
1961.292,0.334
1961.295,0.617
1961.297,0.795
1961.300,0.726
1961.303,0.797
1961.305,0.655
1961.308,0.401
1961.311,0.375
1961.314,0.233
1961.316,0.205
1961.319,0.231
1961.322,0.499
1961.325,0.471
1961.327,0.085
1961.330,0.042
1961.333,0.071
1961.336,0.073
1961.338,0.172
1961.341,0.225
1961.344,0.121
1961.347,0.092
1961.349,0.188
1961.352,0.213
1961.355,0.047
1961.358,-0.052
1961.360,0.144
1961.363,0.379
1961.366,0.494
1961.369,0.696
1961.371,0.590
1961.374,0.603
1961.377,0.763
1961.379,0.755
1961.382,0.577
1961.385,0.471
1961.388,0.657
1961.390,0.840
1961.393,0.771
1961.396,0.816
1961.399,0.747
1961.401,0.572
1961.404,0.611
1961.407,0.555
1961.410,0.464
1961.412,0.496
1961.415,0.551
1961.418,0.497
1961.421,0.461
1961.423,0.237
1961.426,0.281
1961.429,0.374
1961.432,0.547
1961.434,0.647
1961.437,0.653
1961.440,0.540
1961.443,0.358
1961.445,0.334
1961.448,0.241
1961.451,0.032
1961.453,-0.268
1961.456,-0.452
1961.459,-0.268
1961.462,-0.154
1961.464,-0.076
1961.467,0.005
1961.470,0.151
1961.473,0.235
1961.475,0.313
1961.478,0.522
1961.481,0.562
1961.484,0.465
1961.486,0.417
1961.489,0.439
1961.492,0.321
1961.495,0.451
1961.497,0.309
1961.500,0.262
1961.503,0.351
1961.505,0.493
1961.508,0.469
1961.511,0.395
1961.514,0.090
1961.516,-0.089
1961.519,-0.229
1961.522,-0.151
1961.525,-0.135
1961.527,-0.189
1961.530,-0.078
1961.533,-0.254
1961.536,-0.290
1961.538,-0.162
1961.541,-0.339
1961.544,-0.177
1961.547,-0.074
1961.549,-0.008
1961.552,-0.106
1961.555,-0.274
1961.557,-0.167
1961.560,-0.073
1961.563,-0.192
1961.566,-0.293
1961.568,-0.212
1961.571,-0.155
1961.574,-0.023
1961.577,-0.069
1961.579,0.175
1961.582,0.229
1961.585,0.408
1961.588,0.445
1961.590,0.210
1961.593,0.044
1961.596,-0.197
1961.599,-0.388
1961.601,-0.359
1961.604,-0.311
1961.607,-0.425
1961.610,-0.455
1961.612,-0.498
1961.615,-0.461
1961.618,-0.239
1961.621,-0.086
1961.623,0.116
1961.626,0.026
1961.629,0.251
1961.631,0.328
1961.634,0.047
1961.637,-0.056
1961.640,-0.270
1961.642,-0.315
1961.645,-0.179
1961.648,0.071
1961.651,0.229
1961.653,0.391
1961.656,0.389
1961.659,0.288
1961.662,0.007
1961.664,0.276
1961.667,0.330
1961.670,0.285
1961.673,0.072
1961.675,-0.049
1961.678,-0.045
1961.681,-0.105
1961.684,-0.230
1961.686,0.017
1961.689,0.220
1961.692,0.442
1961.695,0.329
1961.697,0.265
1961.700,0.273
1961.703,0.349
1961.705,0.042
1961.708,-0.034
1961.711,-0.034
1961.714,0.059
1961.716,0.011
1961.719,0.135
1961.722,0.125
1961.725,0.045
1961.727,0.099
1961.730,0.106
1961.733,0.141
1961.736,0.101
1961.738,-0.087
1961.741,-0.462
1961.744,-0.500
1961.747,-0.397
1961.749,-0.568
1961.752,-0.581
1961.755,-0.417
1961.758,-0.144
1961.760,-0.081
1961.763,-0.099
1961.766,-0.304
1961.768,-0.211
1961.771,-0.163
1961.774,-0.225
1961.777,-0.201
1961.779,-0.208
1961.782,0.055
1961.785,0.001
1961.788,-0.337
1961.790,-0.475
1961.793,-0.455
1961.796,-0.352
1961.799,-0.245
1961.801,-0.324
1961.804,-0.380
1961.807,-0.430
1961.810,-0.230
1961.812,0.100
1961.815,0.247
1961.818,0.232
1961.821,0.103
1961.823,0.031
1961.826,0.113
1961.829,0.522
1961.832,0.775
1961.834,0.650
1961.837,0.447
1961.840,0.305
1961.842,0.156
1961.845,-0.066
1961.848,-0.259
1961.851,-0.438
1961.853,-0.508
1961.856,-0.367
1961.859,-0.405
1961.862,-0.433
1961.864,-0.355
1961.867,-0.234
1961.870,-0.149
1961.873,-0.137
1961.875,-0.107
1961.878,0.023
1961.881,-0.162
1961.884,-0.205
1961.886,-0.057
1961.889,0.142
1961.892,0.366
1961.895,0.285
1961.897,-0.049
1961.900,-0.340
1961.903,-0.371
1961.906,-0.171
1961.908,-0.308
1961.911,-0.522
1961.914,-0.275
1961.916,-0.129
1961.919,-0.060
1961.922,0.496
1961.925,0.739
1961.927,0.797
1961.930,0.428
1961.933,-0.001
1961.936,-0.212
1961.938,-0.311
1961.941,-0.595
1961.944,-0.776
1961.947,-0.888
1961.949,-0.998
1961.952,-1.120
1961.955,-1.104
1961.958,-1.022
1961.960,-0.825
1961.963,-0.639
1961.966,-0.761
1961.969,-0.763
1961.971,-0.496
1961.974,-0.344
1961.977,-0.365
1961.979,-0.455
1961.982,-0.476
1961.985,-0.486
1961.988,-0.457
1961.990,-0.417
1961.993,-0.320
1961.996,-0.138
1961.999,-0.028
1962.001,-0.001
1962.004,-0.128
1962.007,-0.050
1962.010,0.104
1962.012,0.514
1962.015,0.766
1962.018,0.638
1962.021,0.691
1962.023,0.430
1962.026,-0.066
1962.029,-0.170
1962.031,-0.186
1962.034,-0.134
1962.037,0.008
1962.040,0.076
1962.042,0.003
1962.045,0.088
1962.048,0.351
1962.051,0.492
1962.053,0.410
1962.056,0.510
1962.059,0.494
1962.062,0.299
1962.064,0.392
1962.067,0.487
1962.070,0.289
1962.073,-0.024
1962.075,-0.391
1962.078,-0.392
1962.081,-0.110
1962.084,0.178
1962.086,0.266
1962.089,0.689
1962.092,0.801
1962.094,0.653
1962.097,0.393
1962.100,-0.029
1962.103,-0.249
1962.105,-0.143
1962.108,0.027
1962.111,0.165
1962.114,0.413
1962.116,0.740
1962.119,0.941
1962.122,1.077
1962.125,1.056
1962.127,1.037
1962.130,0.949
1962.133,0.631
1962.136,0.524
1962.138,0.587
1962.141,0.613
1962.144,0.204
1962.147,0.080
1962.149,0.007
1962.152,-0.127
1962.155,-0.134
1962.158,-0.225
1962.160,-0.313
1962.163,-0.313
1962.166,-0.213
1962.168,0.201
1962.171,0.369
1962.174,0.454
1962.177,0.476
1962.179,0.533
1962.182,0.668
1962.185,0.449
1962.188,0.349
1962.190,0.039
1962.193,-0.248
1962.196,-0.033
1962.199,0.170
1962.201,0.075
1962.204,-0.080
1962.207,0.109
1962.210,0.215
1962.212,0.584
1962.215,0.727
1962.218,0.205
1962.221,0.015
1962.223,0.201
1962.226,0.402
1962.229,0.652
1962.232,0.771
1962.234,0.728
1962.237,0.792
1962.240,0.737
1962.242,0.698
1962.245,0.550
1962.248,0.508
1962.251,0.240
1962.253,0.177
1962.256,0.315
1962.259,0.670
1962.262,0.772
1962.264,0.841
1962.267,0.748
1962.270,0.569
1962.273,0.387
1962.275,0.310
1962.278,0.336
1962.281,0.380
1962.284,0.345
1962.286,0.414
1962.289,0.213
1962.292,0.018
1962.295,0.228
1962.297,0.540
1962.300,0.843
1962.303,0.569
1962.305,0.412
1962.308,0.160
1962.311,0.111
1962.314,0.068
1962.316,-0.032
1962.319,0.026
1962.322,0.087
1962.325,0.005
1962.327,0.156
1962.330,0.319
1962.333,0.066
1962.336,0.038
1962.338,-0.005
1962.341,0.093
1962.344,-0.017
1962.347,0.029
1962.349,0.181
1962.352,0.109
1962.355,-0.148
1962.358,-0.169
1962.360,-0.302
1962.363,-0.191
1962.366,-0.195
1962.369,-0.293
1962.371,-0.111
1962.374,-0.406
1962.377,-0.374
1962.379,-0.234
1962.382,-0.147
1962.385,-0.059
1962.388,-0.146
1962.390,-0.082
1962.393,-0.153
1962.396,-0.077
1962.399,0.009
1962.401,0.048
1962.404,0.024
1962.407,-0.006
1962.410,-0.047
1962.412,0.079
1962.415,0.140
1962.418,0.053
1962.421,-0.172
1962.423,-0.199
1962.426,-0.034
1962.429,0.028
1962.432,-0.097
1962.434,-0.145
1962.437,-0.108
1962.440,-0.062
1962.443,-0.203
1962.445,-0.509
1962.448,-0.587
1962.451,-0.415
1962.453,-0.459
1962.456,-0.243
1962.459,-0.071
1962.462,0.068
1962.464,0.079
1962.467,0.158
1962.470,0.123
1962.473,0.187
1962.475,0.338
1962.478,0.499
1962.481,0.517
1962.484,0.156
1962.486,-0.011
1962.489,0.084
1962.492,0.008
1962.495,-0.171
1962.497,-0.260
1962.500,-0.129
1962.503,0.091
1962.505,0.096
1962.508,-0.073
1962.511,-0.125
1962.514,-0.231
1962.516,-0.209
1962.519,-0.329
1962.522,-0.245
1962.525,-0.099
1962.527,-0.347
1962.530,-0.378
1962.533,-0.207
1962.536,-0.160
1962.538,-0.156
1962.541,0.074
1962.544,0.256
1962.547,0.255
1962.549,0.333
1962.552,0.285
1962.555,0.194
1962.557,0.045
1962.560,-0.091
1962.563,-0.139
1962.566,-0.406
1962.568,-0.575
1962.571,-0.458
1962.574,-0.460
1962.577,-0.505
1962.579,-0.574
1962.582,-0.492
1962.585,-0.653
1962.588,-0.696
1962.590,-0.436
1962.593,-0.283
1962.596,-0.164
1962.599,-0.063
1962.601,-0.255
1962.604,-0.139
1962.607,-0.051
1962.610,-0.106
1962.612,0.084
1962.615,0.253
1962.618,0.295
1962.621,0.201
1962.623,0.078
1962.626,0.141
1962.629,-0.121
1962.631,-0.285
1962.634,-0.382
1962.637,-0.475
1962.640,-0.610
1962.642,-0.543
1962.645,-0.413
1962.648,-0.391
1962.651,-0.083
1962.653,-0.207
1962.656,-0.366
1962.659,-0.346
1962.662,-0.099
1962.664,0.174
1962.667,0.267
1962.670,0.232
1962.673,0.296
1962.675,0.106
1962.678,-0.179
1962.681,-0.240
1962.684,-0.235
1962.686,-0.077
1962.689,-0.003
1962.692,0.165
1962.695,0.222
1962.697,0.231
1962.700,0.363
1962.703,0.144
1962.705,-0.040
1962.708,-0.131
1962.711,-0.216
1962.714,-0.256
1962.716,-0.255
1962.719,-0.352
1962.722,-0.472
1962.725,-0.434
1962.727,-0.407
1962.730,-0.445
1962.733,-0.447
1962.736,-0.536
1962.738,-0.712
1962.741,-0.829
1962.744,-0.512
1962.747,-0.127
1962.749,0.186
1962.752,0.318
1962.755,0.273
1962.758,0.285
1962.760,0.238
1962.763,0.167
1962.766,0.053
1962.768,-0.010
1962.771,-0.056
1962.774,-0.028
1962.777,-0.161
1962.779,-0.035
1962.782,0.093
1962.785,0.078
1962.788,0.118
1962.790,0.057
1962.793,-0.014
1962.796,-0.112
1962.799,-0.061
1962.801,-0.016
1962.804,0.097
1962.807,0.112
1962.810,-0.042
1962.812,-0.127
1962.815,-0.080
1962.818,0.013
1962.821,0.303
1962.823,0.317
1962.826,0.201
1962.829,0.154
1962.832,0.134
1962.834,0.313
1962.837,0.246
1962.840,-0.039
1962.842,-0.081
1962.845,-0.041
1962.848,-0.182
1962.851,0.086
1962.853,-0.046
1962.856,-0.469
1962.859,-0.370
1962.862,-0.279
1962.864,-0.186
1962.867,-0.008
1962.870,0.202
1962.873,0.149
1962.875,0.022
1962.878,-0.177
1962.881,-0.300
1962.884,-0.324
1962.886,-0.383
1962.889,-0.632
1962.892,-0.523
1962.895,-0.465
1962.897,-0.419
1962.900,-0.057
1962.903,0.291
1962.906,0.390
1962.908,0.490
1962.911,0.515
1962.914,0.526
1962.916,0.637
1962.919,0.507
1962.922,0.368
1962.925,0.082
1962.927,-0.087
1962.930,-0.292
1962.933,-0.304
1962.936,-0.278
1962.938,-0.499
1962.941,-0.692
1962.944,-0.691
1962.947,-0.365
1962.949,-0.160
1962.952,0.084
1962.955,0.343
1962.958,0.570
1962.960,0.679
1962.963,0.807
1962.966,0.670
1962.969,0.557
1962.971,0.508
1962.974,0.270
1962.977,-0.038
1962.979,-0.396
1962.982,-0.310
1962.985,-0.252
1962.988,0.038
1962.990,0.199
1962.993,0.003
1962.996,-0.110
1962.999,0.133
1963.001,0.404
1963.004,0.601
1963.007,0.581
1963.010,0.636
1963.012,0.765
1963.015,0.728
1963.018,0.746
1963.021,0.651
1963.023,0.325
1963.026,-0.053
1963.029,-0.488
1963.031,-0.736
1963.034,-0.826
1963.037,-0.886
1963.040,-0.714
1963.042,-0.491
1963.045,-0.509
1963.048,-0.434
1963.051,-0.207
1963.053,0.101
1963.056,0.054
1963.059,-0.140
1963.062,-0.029
1963.064,0.123
1963.067,0.359
1963.070,0.631
1963.073,0.642
1963.075,0.484
1963.078,0.569
1963.081,0.817
1963.084,0.838
1963.086,1.221
1963.089,0.982
1963.092,0.770
1963.094,0.935
1963.097,1.282
1963.100,1.692
1963.103,1.523
1963.105,1.215
1963.108,1.002
1963.111,0.946
1963.114,0.706
1963.116,0.571
1963.119,0.448
1963.122,0.286
1963.125,0.043
1963.127,0.269
1963.130,0.604
1963.133,0.931
1963.136,1.062
1963.138,0.963
1963.141,0.843
1963.144,0.734
1963.147,0.685
1963.149,0.547
1963.152,0.581
1963.155,0.443
1963.158,0.322
1963.160,0.383
1963.163,0.562
1963.166,0.552
1963.168,0.581
1963.171,0.421
1963.174,0.465
1963.177,0.362
1963.179,0.329
1963.182,0.246
1963.185,0.094
1963.188,0.064
1963.190,-0.009
1963.193,-0.072
1963.196,-0.058
1963.199,-0.015
1963.201,-0.072
1963.204,0.043
1963.207,0.082
1963.210,-0.208
1963.212,-0.719
1963.215,-0.813
1963.218,-0.908
1963.221,-0.754
1963.223,-0.507
1963.226,-0.312
1963.229,-0.234
1963.232,-0.341
1963.234,-0.781
1963.237,-0.625
1963.240,-0.296
1963.242,-0.399
1963.245,-0.554
1963.248,-0.527
1963.251,-0.534
1963.253,-0.677
1963.256,-0.532
1963.259,-0.609
1963.262,-0.383
1963.264,-0.110
1963.267,0.146
1963.270,0.419
1963.273,0.678
1963.275,0.722
1963.278,0.829
1963.281,0.848
1963.284,0.553
1963.286,0.409
1963.289,0.325
1963.292,0.304
1963.295,0.306
1963.297,0.147
1963.300,0.024
1963.303,0.098
1963.305,-0.034
1963.308,-0.304
1963.311,-0.344
1963.314,-0.320
1963.316,-0.111
1963.319,-0.234
1963.322,-0.262
1963.325,-0.159
1963.327,-0.234
1963.330,-0.387
1963.333,-0.554
1963.336,-0.483
1963.338,-0.356
1963.341,-0.419
1963.344,-0.183
1963.347,-0.363
1963.349,-0.277
1963.352,-0.047
1963.355,-0.074
1963.358,-0.048
1963.360,-0.089
1963.363,-0.050
1963.366,0.087
1963.369,0.046
1963.371,0.172
1963.374,0.008
1963.377,-0.134
1963.379,-0.155
1963.382,-0.282
1963.385,-0.438
1963.388,-0.423
1963.390,-0.384
1963.393,-0.148
1963.396,-0.124
1963.399,-0.030
1963.401,0.071
1963.404,0.005
1963.407,-0.077
1963.410,0.013
1963.412,0.055
1963.415,0.107
1963.418,0.098
1963.421,0.087
1963.423,0.012
1963.426,0.064
1963.429,0.030
1963.432,0.002
1963.434,0.061
1963.437,0.135
1963.440,0.203
1963.443,0.022
1963.445,0.025
1963.448,0.265
1963.451,0.353
1963.453,0.106
1963.456,-0.184
1963.459,-0.372
1963.462,-0.376
1963.464,-0.263
1963.467,-0.436
1963.470,-0.616
1963.473,-0.463
1963.475,-0.154
1963.478,-0.199
1963.481,0.064
1963.484,0.152
1963.486,0.338
1963.489,0.318
1963.492,0.120
1963.495,0.039
1963.497,-0.021
1963.500,0.073
1963.503,0.196
1963.505,0.343
1963.508,0.515
1963.511,0.453
1963.514,0.465
1963.516,0.163
1963.519,0.032
1963.522,-0.098
1963.525,-0.201
1963.527,-0.257
1963.530,-0.197
1963.533,-0.293
1963.536,-0.071
1963.538,0.233
1963.541,0.494
1963.544,0.751
1963.547,0.955
1963.549,0.942
1963.552,0.572
1963.555,0.256
1963.557,-0.021
1963.560,0.029
1963.563,0.213
1963.566,0.129
1963.568,-0.002
1963.571,0.110
1963.574,-0.019
1963.577,-0.043
1963.579,-0.100
1963.582,-0.074
1963.585,0.296
1963.588,0.355
1963.590,0.493
1963.593,0.381
1963.596,0.255
1963.599,0.152
1963.601,0.119
1963.604,0.220
1963.607,0.245
1963.610,0.282
1963.612,0.297
1963.615,0.447
1963.618,0.550
1963.621,0.454
1963.623,0.326
1963.626,0.383
1963.629,0.279
1963.631,0.308
1963.634,0.354
1963.637,0.429
1963.640,0.439
1963.642,0.497
1963.645,0.502
1963.648,0.533
1963.651,0.372
1963.653,0.464
1963.656,0.474
1963.659,0.437
1963.662,0.495
1963.664,0.448
1963.667,0.442
1963.670,0.549
1963.673,0.414
1963.675,0.326
1963.678,0.314
1963.681,0.318
1963.684,0.438
1963.686,0.679
1963.689,0.803
1963.692,0.401
1963.695,0.219
1963.697,0.043
1963.700,-0.004
1963.703,-0.026
1963.705,0.177
1963.708,0.428
1963.711,0.646
1963.714,0.563
1963.716,0.475
1963.719,0.310
1963.722,0.320
1963.725,0.373
1963.727,0.397
1963.730,0.528
1963.733,0.688
1963.736,0.500
1963.738,0.479
1963.741,0.526
1963.744,0.334
1963.747,0.128
1963.749,0.123
1963.752,0.236
1963.755,0.380
1963.758,0.424
1963.760,0.836
1963.763,0.985
1963.766,0.948
1963.768,0.876
1963.771,0.757
1963.774,0.804
1963.777,0.681
1963.779,0.557
1963.782,0.500
1963.785,0.547
1963.788,0.489
1963.790,0.546
1963.793,0.540
1963.796,0.552
1963.799,0.640
1963.801,0.645
1963.804,0.594
1963.807,0.617
1963.810,0.569
1963.812,0.517
1963.815,0.648
1963.818,0.602
1963.821,0.644
1963.823,0.669
1963.826,0.733
1963.829,0.706
1963.832,0.702
1963.834,0.379
1963.837,0.187
1963.840,0.498
1963.842,0.729
1963.845,0.839
1963.848,0.688
1963.851,0.493
1963.853,0.287
1963.856,0.258
1963.859,0.637
1963.862,0.814
1963.864,0.598
1963.867,0.203
1963.870,-0.072
1963.873,0.039
1963.875,0.127
1963.878,0.010
1963.881,0.048
1963.884,0.153
1963.886,0.117
1963.889,0.040
1963.892,0.141
1963.895,0.151
1963.897,0.166
1963.900,0.180
1963.903,0.352
1963.906,0.318
1963.908,-0.013
1963.911,-0.221
1963.914,-0.313
1963.916,-0.169
1963.919,0.058
1963.922,0.226
1963.925,0.199
1963.927,0.087
1963.930,0.011
1963.933,0.029
1963.936,-0.022
1963.938,-0.239
1963.941,-0.444
1963.944,-0.605
1963.947,-0.950
1963.949,-0.947
1963.952,-0.589
1963.955,-0.371
1963.958,-0.232
1963.960,-0.352
1963.963,-0.406
1963.966,-0.175
1963.969,0.143
1963.971,0.199
1963.974,0.294
1963.977,0.357
1963.979,0.273
1963.982,0.107
1963.985,0.138
1963.988,0.314
1963.990,0.146
1963.993,0.142
1963.996,0.187
1963.999,0.448
1964.001,0.749
1964.004,0.826
1964.007,0.655
1964.010,0.605
1964.012,0.732
1964.015,0.812
1964.018,0.504
1964.021,0.165
1964.023,0.040
1964.026,0.040
1964.029,0.040
1964.031,-0.190
1964.034,-0.290
1964.037,-0.261
1964.040,-0.260
1964.042,-0.295
1964.045,-0.252
1964.048,-0.204
1964.051,-0.236
1964.053,-0.402
1964.056,-0.135
1964.059,-0.018
1964.062,-0.049
1964.064,-0.097
1964.067,0.013
1964.070,0.094
1964.072,-0.034
1964.075,-0.331
1964.078,-0.235
1964.081,-0.057
1964.083,0.129
1964.086,0.214
1964.089,0.290
1964.092,0.412
1964.094,0.766
1964.097,0.719
1964.100,0.558
1964.102,0.086
1964.105,-0.409
1964.108,-0.698
1964.111,-0.625
1964.113,-0.605
1964.116,-0.412
1964.119,-0.245
1964.122,-0.264
1964.124,-0.571
1964.127,-0.759
1964.130,-0.849
1964.133,-0.617
1964.135,-0.411
1964.138,-0.465
1964.141,-0.430
1964.143,-0.408
1964.146,-0.702
1964.149,-0.595
1964.152,-0.529
1964.154,-0.445
1964.157,-0.278
1964.160,0.060
1964.163,0.141
1964.165,0.060
1964.168,-0.090
1964.171,-0.168
1964.173,-0.129
1964.176,-0.453
1964.179,-0.876
1964.182,-0.955
1964.184,-0.774
1964.187,-0.597
1964.190,-0.430
1964.193,-0.161
1964.195,-0.059
1964.198,-0.091
1964.201,0.093
1964.203,0.073
1964.206,0.154
1964.209,-0.126
1964.212,-0.300
1964.214,-0.313
1964.217,-0.344
1964.220,-0.417
1964.223,-0.491
1964.225,-0.697
1964.228,-0.791
1964.231,-0.829
1964.234,-0.662
1964.236,-0.664
1964.239,-0.651
1964.242,-0.761
1964.245,-0.661
1964.247,-0.484
1964.250,-0.398
1964.253,-0.306
1964.255,-0.367
1964.258,-0.548
1964.261,-0.544
1964.264,-0.398
1964.266,-0.353
1964.269,-0.534
1964.272,-0.511
1964.275,-0.331
1964.277,-0.139
1964.280,0.094
1964.283,0.082
1964.286,-0.015
1964.288,-0.338
1964.291,-0.566
1964.294,-0.700
1964.297,-0.757
1964.299,-0.737
1964.302,-0.675
1964.305,-0.461
1964.307,-0.409
1964.310,-0.365
1964.313,-0.286
1964.316,-0.311
1964.318,-0.262
1964.321,-0.244
1964.324,-0.050
1964.327,-0.043
1964.329,0.036
1964.332,-0.066
1964.335,-0.317
1964.337,-0.314
1964.340,-0.113
1964.343,-0.043
1964.346,0.085
1964.348,0.212
1964.351,0.072
1964.354,-0.122
1964.357,-0.302
1964.359,-0.612
1964.362,-0.656
1964.365,-0.423
1964.367,-0.404
1964.370,-0.401
1964.373,-0.300
1964.376,-0.237
1964.378,-0.345
1964.381,-0.143
1964.384,-0.120
1964.387,-0.082
1964.389,-0.052
1964.392,-0.198
1964.395,-0.086
1964.398,-0.327
1964.400,-0.786
1964.403,-0.628
1964.406,-0.639
1964.408,-0.453
1964.411,-0.522
1964.414,-0.477
1964.417,-0.415
1964.419,-0.279
1964.422,-0.257
1964.425,-0.231
1964.428,-0.226
1964.430,-0.355
1964.433,-0.337
1964.436,0.013
1964.438,0.142
1964.441,0.004
1964.444,0.057
1964.447,0.115
1964.449,0.123
1964.452,0.095
1964.455,0.208
1964.458,-0.056
1964.460,-0.322
1964.463,-0.154
1964.466,-0.063
1964.469,0.097
1964.471,0.190
1964.474,0.386
1964.477,0.402
1964.479,0.117
1964.482,0.022
1964.485,0.178
1964.488,0.215
1964.490,0.236
1964.493,0.135
1964.496,0.106
1964.499,-0.031
1964.501,-0.108
1964.504,-0.216
1964.507,-0.473
1964.510,-0.427
1964.512,-0.205
1964.515,0.236
1964.518,0.406
1964.521,0.430
1964.523,0.365
1964.526,0.315
1964.529,0.257
1964.531,0.315
1964.534,0.412
1964.537,0.256
1964.540,0.027
1964.542,-0.167
1964.545,-0.193
1964.548,-0.287
1964.551,-0.490
1964.553,-0.311
1964.556,-0.190
1964.559,-0.153
1964.562,0.047
1964.564,0.078
1964.567,0.103
1964.570,-0.081
1964.572,-0.041
1964.575,-0.034
1964.578,-0.129
1964.581,-0.168
1964.583,-0.193
1964.586,-0.367
1964.589,-0.496
1964.592,-0.430
1964.594,-0.274
1964.597,-0.262
1964.600,-0.212
1964.602,-0.414
1964.605,-0.649
1964.608,-0.644
1964.611,-0.506
1964.613,-0.428
1964.616,-0.307
1964.619,-0.465
1964.622,-0.580
1964.624,-0.523
1964.627,-0.331
1964.630,-0.076
1964.633,-0.215
1964.635,-0.178
1964.638,-0.068
1964.641,-0.039
1964.643,-0.135
1964.646,-0.182
1964.649,-0.330
1964.652,-0.358
1964.654,-0.260
1964.657,0.066
1964.660,0.187
1964.663,-0.106
1964.665,-0.097
1964.668,-0.398
1964.671,-0.658
1964.673,-0.715
1964.676,-0.552
1964.679,-0.351
1964.682,-0.300
1964.684,-0.718
1964.687,-0.805
1964.690,-0.931
1964.693,-0.812
1964.695,-0.864
1964.698,-0.897
1964.701,-0.823
1964.703,-0.755
1964.706,-0.347
1964.709,-0.390
1964.712,-0.349
1964.714,-0.307
1964.717,-0.447
1964.720,-0.372
1964.723,-0.205
1964.725,-0.074
1964.728,-0.050
1964.731,0.031
1964.734,-0.221
1964.736,-0.542
1964.739,-0.662
1964.742,-0.825
1964.745,-0.834
1964.747,-0.540
1964.750,-0.476
1964.753,-0.403
1964.755,-0.563
1964.758,-0.629
1964.761,-0.607
1964.764,-0.588
1964.766,-0.507
1964.769,-0.592
1964.772,-0.393
1964.775,-0.465
1964.777,-0.450
1964.780,-0.124
1964.783,-0.027
1964.786,-0.054
1964.788,-0.136
1964.791,-0.264
1964.794,-0.302
1964.797,-0.474
1964.799,-0.842
1964.802,-0.992
1964.805,-0.964
1964.807,-1.034
1964.810,-1.037
1964.813,-1.029
1964.816,-0.988
1964.818,-0.952
1964.821,-0.820
1964.824,-0.506
1964.827,-0.291
1964.829,-0.305
1964.832,-0.439
1964.835,-0.438
1964.837,-0.433
1964.840,-0.348
1964.843,-0.121
1964.846,0.086
1964.848,0.147
1964.851,0.192
1964.854,0.081
1964.857,-0.035
1964.859,-0.049
1964.862,-0.109
1964.865,-0.073
1964.867,-0.078
1964.870,-0.128
1964.873,0.018
1964.876,0.108
1964.878,-0.017
1964.881,-0.134
1964.884,-0.298
1964.887,-0.489
1964.889,-0.719
1964.892,-0.852
1964.895,-0.831
1964.898,-0.674
1964.900,-0.309
1964.903,-0.279
1964.906,-0.664
1964.908,-0.816
1964.911,-0.865
1964.914,-1.084
1964.917,-0.905
1964.919,-0.678
1964.922,-0.646
1964.925,-0.513
1964.928,-0.424
1964.930,-0.483
1964.933,-0.491
1964.936,-0.355
1964.938,-0.332
1964.941,-0.500
1964.944,-0.613
1964.947,-0.522
1964.949,-0.389
1964.952,-0.609
1964.955,-0.650
1964.958,-0.778
1964.960,-0.690
1964.963,-0.640
1964.966,-0.540
1964.969,-0.438
1964.971,-0.241
1964.974,0.074
1964.977,0.315
1964.979,0.175
1964.982,0.141
1964.985,0.022
1964.988,-0.233
1964.990,-0.293
1964.993,-0.383
1964.996,-0.401
1964.999,-0.414
1965.001,-0.505
1965.004,-0.441
1965.007,-0.410
1965.010,-0.474
1965.012,-0.581
1965.015,-0.530
1965.018,-0.623
1965.021,-0.709
1965.023,-0.734
1965.026,-0.757
1965.029,-0.700
1965.031,-0.343
1965.034,0.017
1965.037,0.277
1965.040,0.355
1965.042,0.550
1965.045,0.827
1965.048,1.050
1965.051,1.028
1965.053,1.081
1965.056,0.965
1965.059,0.942
1965.062,0.919
1965.064,0.870
1965.067,0.520
1965.070,0.247
1965.073,-0.032
1965.075,-0.297
1965.078,-0.058
1965.081,0.294
1965.084,0.118
1965.086,-0.260
1965.089,-0.527
1965.092,-0.496
1965.094,-0.356
1965.097,-0.264
1965.100,-0.115
1965.103,0.082
1965.105,0.059
1965.108,-0.277
1965.111,-0.399
1965.114,-0.537
1965.116,-0.418
1965.119,-0.439
1965.122,-0.494
1965.125,-0.604
1965.127,-0.631
1965.130,-0.407
1965.133,-0.387
1965.136,-0.364
1965.138,-0.359
1965.141,-0.329
1965.144,-0.317
1965.147,-0.282
1965.149,-0.128
1965.152,0.073
1965.155,0.293
1965.158,0.404
1965.160,0.524
1965.163,0.712
1965.166,0.577
1965.168,0.254
1965.171,0.535
1965.174,0.682
1965.177,0.705
1965.179,0.673
1965.182,0.657
1965.185,0.529
1965.188,0.435
1965.190,0.477
1965.193,0.482
1965.196,0.213
1965.199,0.044
1965.201,0.131
1965.204,0.329
1965.207,0.190
1965.210,-0.280
1965.212,-0.333
1965.215,-0.407
1965.218,-0.475
1965.221,-0.613
1965.223,-0.796
1965.226,-0.963
1965.229,-0.931
1965.232,-0.845
1965.234,-0.554
1965.237,-0.291
1965.240,-0.117
1965.242,-0.019
1965.245,-0.058
1965.248,-0.056
1965.251,0.100
1965.253,-0.013
1965.256,0.000
1965.259,-0.086
1965.262,-0.035
1965.264,0.116
1965.267,-0.044
1965.270,-0.191
1965.273,-0.171
1965.275,-0.031
1965.278,0.103
1965.281,0.204
1965.284,0.341
1965.286,0.295
1965.289,-0.047
1965.292,-0.384
1965.295,-0.448
1965.297,-0.498
1965.300,-0.532
1965.303,-0.401
1965.305,-0.434
1965.308,-0.257
1965.311,-0.151
1965.314,-0.155
1965.316,-0.102
1965.319,-0.227
1965.322,-0.170
1965.325,-0.272
1965.327,-0.249
1965.330,-0.170
1965.333,0.030
1965.336,0.074
1965.338,0.316
1965.341,0.193
1965.344,0.104
1965.347,0.228
1965.349,0.290
1965.352,0.296
1965.355,0.261
1965.358,0.264
1965.360,0.078
1965.363,0.153
1965.366,0.148
1965.369,0.006
1965.371,-0.060
1965.374,-0.291
1965.377,-0.364
1965.379,-0.336
1965.382,-0.236
1965.385,-0.287
1965.388,-0.246
1965.390,-0.168
1965.393,-0.051
1965.396,0.027
1965.399,0.139
1965.401,0.243
1965.404,0.230
1965.407,0.222
1965.410,0.172
1965.412,0.002
1965.415,-0.007
1965.418,0.161
1965.421,-0.054
1965.423,-0.303
1965.426,-0.270
1965.429,-0.397
1965.432,-0.461
1965.434,-0.038
1965.437,0.268
1965.440,0.069
1965.443,0.099
1965.445,0.145
1965.448,-0.065
1965.451,-0.081
1965.453,0.032
1965.456,0.023
1965.459,-0.028
1965.462,-0.033
1965.464,0.042
1965.467,0.084
1965.470,0.044
1965.473,-0.078
1965.475,-0.151
1965.478,-0.231
1965.481,-0.404
1965.484,-0.248
1965.486,-0.244
1965.489,-0.319
1965.492,-0.333
1965.495,-0.194
1965.497,0.061
1965.500,0.247
1965.503,0.328
1965.505,0.266
1965.508,0.138
1965.511,0.064
1965.514,0.100
1965.516,-0.111
1965.519,-0.253
1965.522,-0.363
1965.525,-0.625
1965.527,-0.487
1965.530,-0.337
1965.533,-0.245
1965.536,-0.415
1965.538,-0.505
1965.541,-0.438
1965.544,-0.493
1965.547,-0.666
1965.549,-0.710
1965.552,-0.657
1965.555,-0.446
1965.557,-0.272
1965.560,-0.339
1965.563,-0.394
1965.566,-0.281
1965.568,-0.332
1965.571,-0.411
1965.574,-0.509
1965.577,-0.199
1965.579,0.175
1965.582,0.149
1965.585,0.128
1965.588,0.099
1965.590,-0.039
1965.593,-0.087
1965.596,-0.274
1965.599,-0.360
1965.601,-0.316
1965.604,-0.153
1965.607,-0.100
1965.610,0.071
1965.612,0.133
1965.615,0.007
1965.618,0.020
1965.621,-0.031
1965.623,-0.057
1965.626,-0.043
1965.629,0.016
1965.631,-0.103
1965.634,-0.233
1965.637,-0.227
1965.640,-0.220
1965.642,-0.064
1965.645,0.131
1965.648,0.201
1965.651,0.170
1965.653,-0.111
1965.656,-0.338
1965.659,-0.538
1965.662,-0.541
1965.664,-0.568
1965.667,-0.628
1965.670,-0.661
1965.673,-0.721
1965.675,-0.692
1965.678,-0.739
1965.681,-0.719
1965.684,-0.734
1965.686,-0.341
1965.689,-0.318
1965.692,-0.415
1965.695,-0.648
1965.697,-0.726
1965.700,-0.749
1965.703,-0.598
1965.705,-0.442
1965.708,-0.365
1965.711,-0.198
1965.714,-0.289
1965.716,-0.235
1965.719,0.017
1965.722,0.151
1965.725,0.230
1965.727,0.263
1965.730,0.155
1965.733,-0.256
1965.736,-0.651
1965.738,-0.838
1965.741,-0.948
1965.744,-0.473
1965.747,-0.256
1965.749,-0.323
1965.752,-0.432
1965.755,-0.180
1965.758,0.014
1965.760,-0.009
1965.763,0.051
1965.766,0.322
1965.768,0.302
1965.771,0.064
1965.774,-0.161
1965.777,-0.094
1965.779,0.159
1965.782,0.417
1965.785,0.469
1965.788,0.532
1965.790,0.634
1965.793,0.462
1965.796,0.242
1965.799,0.049
1965.801,0.017
1965.804,0.236
1965.807,0.250
1965.810,0.244
1965.812,0.069
1965.815,-0.173
1965.818,-0.194
1965.821,0.085
1965.823,0.084
1965.826,-0.032
1965.829,0.050
1965.832,0.007
1965.834,0.109
1965.837,0.262
1965.840,0.047
1965.842,-0.067
1965.845,-0.292
1965.848,-0.171
1965.851,0.012
1965.853,-0.185
1965.856,-0.588
1965.859,-0.908
1965.862,-0.972
1965.864,-0.973
1965.867,-0.860
1965.870,-0.608
1965.873,-0.455
1965.875,-0.411
1965.878,-0.477
1965.881,-0.386
1965.884,-0.334
1965.886,-0.562
1965.889,-0.346
1965.892,-0.198
1965.895,-0.243
1965.897,-0.512
1965.900,-0.614
1965.903,-0.459
1965.906,-0.383
1965.908,-0.414
1965.911,-0.554
1965.914,-0.709
1965.916,-0.546
1965.919,-0.245
1965.922,-0.012
1965.925,0.050
1965.927,0.078
1965.930,0.143
1965.933,0.107
1965.936,0.118
1965.938,0.135
1965.941,0.256
1965.944,0.173
1965.947,0.059
1965.949,-0.055
1965.952,-0.167
1965.955,-0.237
1965.958,-0.398
1965.960,-0.548
1965.963,-0.516
1965.966,-0.510
1965.969,-0.406
1965.971,-0.441
1965.974,-0.208
1965.977,-0.060
1965.979,-0.119
1965.982,-0.253
1965.985,-0.314
1965.988,-0.111
1965.990,0.185
1965.993,0.424
1965.996,0.439
1965.999,0.402
1966.001,0.584
1966.004,0.505
1966.007,0.423
1966.010,0.350
1966.012,0.158
1966.015,-0.139
1966.018,-0.390
1966.021,-0.574
1966.023,-0.667
1966.026,-0.783
1966.029,-0.666
1966.031,-0.467
1966.034,-0.306
1966.037,-0.587
1966.040,-0.908
1966.042,-0.945
1966.045,-0.868
1966.048,-0.891
1966.051,-0.946
1966.053,-0.840
1966.056,-0.540
1966.059,-0.443
1966.062,-0.210
1966.064,0.009
1966.067,0.222
1966.070,0.234
1966.073,-0.115
1966.075,-0.168
1966.078,-0.208
1966.081,-0.166
1966.084,0.005
1966.086,0.137
1966.089,-0.178
1966.092,-0.367
1966.094,-0.417
1966.097,-0.227
1966.100,0.165
1966.103,0.315
1966.105,0.334
1966.108,0.247
1966.111,0.237
1966.114,0.040
1966.116,-0.055
1966.119,0.028
1966.122,0.152
1966.125,-0.072
1966.127,-0.173
1966.130,-0.377
1966.133,-0.485
1966.136,-0.628
1966.138,-0.627
1966.141,-0.485
1966.144,-0.262
1966.147,0.110
1966.149,0.716
1966.152,0.884
1966.155,0.882
1966.158,0.694
1966.160,0.561
1966.163,0.406
1966.166,0.178
1966.168,0.155
1966.171,-0.095
1966.174,-0.152
1966.177,-0.121
1966.179,-0.007
1966.182,0.197
1966.185,0.521
1966.188,0.761
1966.190,0.810
1966.193,1.004
1966.196,1.069
1966.199,0.933
1966.201,0.643
1966.204,0.465
1966.207,0.201
1966.210,-0.063
1966.212,-0.294
1966.215,-0.304
1966.218,-0.240
1966.221,-0.222
1966.223,-0.240
1966.226,0.019
1966.229,0.231
1966.232,0.292
1966.234,0.617
1966.237,0.872
1966.240,0.744
1966.242,0.873
1966.245,0.870
1966.248,1.113
1966.251,0.748
1966.253,0.347
1966.256,-0.015
1966.259,-0.156
1966.262,0.069
1966.264,-0.007
1966.267,-0.138
1966.270,-0.165
1966.273,-0.036
1966.275,-0.011
1966.278,0.064
1966.281,0.049
1966.284,0.205
1966.286,0.267
1966.289,0.327
1966.292,0.403
1966.295,0.346
1966.297,0.386
1966.300,0.260
1966.303,0.189
1966.305,-0.074
1966.308,-0.012
1966.311,-0.118
1966.314,-0.261
1966.316,-0.409
1966.319,-0.522
1966.322,-0.445
1966.325,-0.265
1966.327,-0.299
1966.330,0.004
1966.333,0.231
1966.336,0.364
1966.338,0.459
1966.341,0.426
1966.344,0.475
1966.347,0.327
1966.349,-0.041
1966.352,-0.152
1966.355,-0.314
1966.358,-0.477
1966.360,-0.318
1966.363,-0.215
1966.366,-0.167
1966.369,-0.039
1966.371,-0.039
1966.374,0.115
1966.377,0.110
1966.379,0.028
1966.382,0.061
1966.385,0.051
1966.388,0.181
1966.390,0.121
1966.393,0.170
1966.396,-0.108
1966.399,-0.253
1966.401,-0.116
1966.404,-0.111
1966.407,-0.054
1966.410,0.010
1966.412,0.090
1966.415,0.137
1966.418,0.245
1966.421,0.307
1966.423,0.391
1966.426,0.324
1966.429,0.539
1966.432,0.465
1966.434,0.495
1966.437,0.377
1966.440,0.160
1966.443,0.017
1966.445,-0.013
1966.448,-0.060
1966.451,-0.018
1966.453,-0.155
1966.456,-0.069
1966.459,0.052
1966.462,-0.038
1966.464,-0.106
1966.467,0.195
1966.470,0.224
1966.473,0.006
1966.475,0.126
1966.478,0.196
1966.481,0.252
1966.484,0.299
1966.486,0.172
1966.489,0.074
1966.492,-0.068
1966.495,-0.091
1966.497,0.306
1966.500,0.360
1966.503,0.322
1966.505,0.391
1966.508,0.373
1966.511,0.326
1966.514,0.255
1966.516,0.229
1966.519,0.271
1966.522,0.325
1966.525,0.346
1966.527,0.531
1966.530,0.477
1966.533,0.137
1966.536,0.128
1966.538,0.326
1966.541,0.616
1966.544,0.776
1966.547,0.572
1966.549,0.460
1966.552,0.421
1966.555,0.499
1966.557,0.551
1966.560,0.538
1966.563,0.319
1966.566,0.091
1966.568,0.048
1966.571,0.009
1966.574,-0.085
1966.577,-0.008
1966.579,0.179
1966.582,0.273
1966.585,0.352
1966.588,0.333
1966.590,0.155
1966.593,-0.168
1966.596,-0.335
1966.599,-0.305
1966.601,-0.077
1966.604,-0.021
1966.607,-0.028
1966.610,-0.244
1966.612,-0.225
1966.615,-0.306
1966.618,-0.333
1966.621,-0.022
1966.623,0.222
1966.626,0.223
1966.629,0.294
1966.631,0.277
1966.634,0.186
1966.637,0.020
1966.640,-0.175
1966.642,-0.185
1966.645,-0.330
1966.648,-0.359
1966.651,-0.259
1966.653,-0.252
1966.656,-0.019
1966.659,0.207
1966.662,0.194
1966.664,-0.052
1966.667,-0.277
1966.670,-0.293
1966.673,-0.217
1966.675,-0.348
1966.678,-0.578
1966.681,-0.713
1966.684,-0.570
1966.686,-0.397
1966.689,-0.253
1966.692,-0.305
1966.695,-0.110
1966.697,0.157
1966.700,0.140
1966.703,0.310
1966.705,0.289
1966.708,-0.101
1966.711,-0.162
1966.714,-0.167
1966.716,-0.063
1966.719,0.013
1966.722,0.084
1966.725,0.202
1966.727,0.461
1966.730,0.433
1966.733,0.486
1966.736,0.753
1966.738,0.723
1966.741,0.815
1966.744,0.643
1966.747,0.408
1966.749,0.003
1966.752,-0.205
1966.755,-0.054
1966.758,0.177
1966.760,0.257
1966.763,0.303
1966.766,0.239
1966.768,0.231
1966.771,0.153
1966.774,-0.089
1966.777,-0.178
1966.779,-0.284
1966.782,-0.279
1966.785,-0.292
1966.788,-0.494
1966.790,-0.686
1966.793,-0.644
1966.796,-0.715
1966.799,-0.877
1966.801,-0.627
1966.804,-0.479
1966.807,-0.368
1966.810,-0.478
1966.812,-0.223
1966.815,-0.192
1966.818,-0.253
1966.821,-0.430
1966.823,-0.426
1966.826,-0.252
1966.829,-0.132
1966.832,-0.307
1966.834,-0.534
1966.837,-0.431
1966.840,-0.410
1966.842,-0.372
1966.845,-0.545
1966.848,-0.393
1966.851,-0.399
1966.853,-0.480
1966.856,-0.830
1966.859,-0.884
1966.862,-0.998
1966.864,-1.156
1966.867,-1.148
1966.870,-1.092
1966.873,-0.672
1966.875,-0.438
1966.878,-0.234
1966.881,0.008
1966.884,0.098
1966.886,0.124
1966.889,0.297
1966.892,0.293
1966.895,0.303
1966.897,0.350
1966.900,0.321
1966.903,0.056
1966.906,-0.025
1966.908,-0.151
1966.911,-0.271
1966.914,-0.511
1966.916,-0.530
1966.919,-0.501
1966.922,-0.267
1966.925,-0.344
1966.927,-0.369
1966.930,-0.212
1966.933,0.082
1966.936,0.040
1966.938,-0.372
1966.941,-0.473
1966.944,-0.479
1966.947,-0.674
1966.949,-0.808
1966.952,-0.636
1966.955,-0.601
1966.958,-0.520
1966.960,-0.384
1966.963,-0.509
1966.966,-0.522
1966.969,-0.715
1966.971,-0.947
1966.974,-0.906
1966.977,-0.751
1966.979,-0.606
1966.982,-0.705
1966.985,-0.754
1966.988,-0.725
1966.990,-0.688
1966.993,-0.555
1966.996,-0.306
1966.999,-0.143
1967.001,-0.277
1967.004,-0.318
1967.007,-0.483
1967.010,-0.505
1967.012,-0.518
1967.015,-0.522
1967.018,-0.340
1967.021,-0.087
1967.023,-0.027
1967.026,-0.057
1967.029,0.044
1967.031,0.070
1967.034,0.156
1967.037,0.048
1967.040,-0.477
1967.042,-0.764
1967.045,-0.686
1967.048,-0.525
1967.051,-0.250
1967.053,0.286
1967.056,0.571
1967.059,0.383
1967.062,0.387
1967.064,0.392
1967.067,0.261
1967.070,0.142
1967.073,0.055
1967.075,-0.120
1967.078,-0.208
1967.081,-0.623
1967.084,-0.780
1967.086,-0.886
1967.089,-0.847
1967.092,-0.827
1967.094,-0.844
1967.097,-0.880
1967.100,-0.883
1967.103,-1.030
1967.105,-0.960
1967.108,-0.761
1967.111,-0.713
1967.114,-0.736
1967.116,-0.796
1967.119,-0.633
1967.122,-0.407
1967.125,-0.447
1967.127,-0.596
1967.130,-0.487
1967.133,-0.253
1967.136,0.151
1967.138,0.310
1967.141,0.442
1967.144,0.054
1967.147,-0.149
1967.149,-0.303
1967.152,-0.221
1967.155,-0.118
1967.158,0.146
1967.160,0.224
1967.163,0.131
1967.166,0.202
1967.168,0.425
1967.171,0.135
1967.174,-0.200
1967.177,-0.561
1967.179,-0.733
1967.182,-0.459
1967.185,-0.116
1967.188,0.090
1967.190,0.653
1967.193,0.819
1967.196,0.837
1967.199,0.944
1967.201,0.600
1967.204,0.240
1967.207,0.206
1967.210,-0.093
1967.212,-0.021
1967.215,-0.014
1967.218,-0.083
1967.221,-0.079
1967.223,-0.137
1967.226,-0.074
1967.229,-0.160
1967.232,0.364
1967.234,0.794
1967.237,0.605
1967.240,0.479
1967.242,0.234
1967.245,-0.039
1967.248,-0.226
1967.251,-0.222
1967.253,-0.227
1967.256,-0.040
1967.259,0.013
1967.262,-0.316
1967.264,-0.495
1967.267,-0.301
1967.270,-0.263
1967.273,-0.268
1967.275,-0.254
1967.278,-0.128
1967.281,0.212
1967.284,0.608
1967.286,0.777
1967.289,0.770
1967.292,0.608
1967.295,0.607
1967.297,0.616
1967.300,0.784
1967.303,1.084
1967.305,1.057
1967.308,0.826
1967.311,0.589
1967.314,0.684
1967.316,0.474
1967.319,0.437
1967.322,0.318
1967.325,0.407
1967.327,0.527
1967.330,0.529
1967.333,0.658
1967.336,0.528
1967.338,0.670
1967.341,0.788
1967.344,0.693
1967.347,0.663
1967.349,0.738
1967.352,0.709
1967.355,0.578
1967.358,0.413
1967.360,0.363
1967.363,0.456
1967.366,0.565
1967.369,0.444
1967.371,0.413
1967.374,0.651
1967.377,0.938
1967.379,0.955
1967.382,0.403
1967.385,0.471
1967.388,0.633
1967.390,0.647
1967.393,0.558
1967.396,0.517
1967.399,0.378
1967.401,0.428
1967.404,0.414
1967.407,0.310
1967.410,0.052
1967.412,0.043
1967.415,0.125
1967.418,0.099
1967.421,-0.159
1967.423,-0.042
1967.426,0.060
1967.429,-0.101
1967.432,-0.148
1967.434,-0.114
1967.437,-0.051
1967.440,-0.235
1967.443,-0.490
1967.445,-0.621
1967.448,-0.479
1967.451,-0.357
1967.453,-0.413
1967.456,-0.199
1967.459,-0.127
1967.462,-0.188
1967.464,-0.118
1967.467,-0.048
1967.470,-0.052
1967.473,0.098
1967.475,0.011
1967.478,-0.066
1967.481,-0.101
1967.484,-0.037
1967.486,-0.037
1967.489,-0.006
1967.492,0.101
1967.495,0.093
1967.497,-0.038
1967.500,-0.014
1967.503,0.071
1967.505,0.028
1967.508,-0.054
1967.511,0.146
1967.514,0.287
1967.516,0.343
1967.519,0.558
1967.522,0.385
1967.525,0.207
1967.527,0.155
1967.530,0.204
1967.533,0.290
1967.536,0.215
1967.538,0.039
1967.541,0.103
1967.544,0.085
1967.547,0.177
1967.549,0.058
1967.552,0.060
1967.555,0.139
1967.557,0.088
1967.560,0.067
1967.563,0.059
1967.566,0.212
1967.568,0.182
1967.571,0.151
1967.574,0.149
1967.577,0.069
1967.579,0.117
1967.582,0.517
1967.585,0.292
1967.588,0.366
1967.590,0.194
1967.593,-0.046
1967.596,-0.127
1967.599,-0.273
1967.601,-0.336
1967.604,-0.200
1967.607,-0.185
1967.610,-0.174
1967.612,-0.333
1967.615,-0.448
1967.618,-0.143
1967.621,0.099
1967.623,0.122
1967.626,0.052
1967.629,0.167
1967.631,0.418
1967.634,0.370
1967.637,0.083
1967.640,-0.071
1967.642,-0.314
1967.645,-0.288
1967.648,-0.318
1967.651,-0.190
1967.653,-0.399
1967.656,-0.284
1967.659,0.035
1967.662,0.121
1967.664,-0.176
1967.667,-0.357
1967.670,-0.302
1967.673,-0.271
1967.675,-0.313
1967.678,-0.017
1967.681,0.087
1967.684,-0.084
1967.686,-0.186
1967.689,-0.283
1967.692,-0.412
1967.695,-0.337
1967.697,-0.380
1967.700,-0.397
1967.703,-0.022
1967.705,0.408
1967.708,0.381
1967.711,0.315
1967.714,0.314
1967.716,0.075
1967.719,0.009
1967.722,0.089
1967.725,0.045
1967.727,-0.111
1967.730,0.109
1967.733,0.161
1967.736,0.398
1967.738,0.220
1967.741,-0.055
1967.744,-0.067
1967.747,-0.082
1967.749,-0.109
1967.752,-0.101
1967.755,0.066
1967.758,0.082
1967.760,0.230
1967.763,0.241
1967.766,0.459
1967.768,0.648
1967.771,0.745
1967.774,0.701
1967.777,0.360
1967.779,0.394
1967.782,0.638
1967.785,0.581
1967.788,0.464
1967.790,0.666
1967.793,0.592
1967.796,0.517
1967.799,0.370
1967.801,0.308
1967.804,0.429
1967.807,0.650
1967.810,0.643
1967.812,0.629
1967.815,0.623
1967.818,0.752
1967.821,0.752
1967.823,0.797
1967.826,0.520
1967.829,0.385
1967.832,0.432
1967.834,0.363
1967.837,0.244
1967.840,0.089
1967.842,-0.237
1967.845,-0.525
1967.848,-0.443
1967.851,-0.547
1967.853,-0.510
1967.856,-0.428
1967.859,-0.147
1967.862,-0.105
1967.864,0.132
1967.867,0.315
1967.870,0.312
1967.873,0.020
1967.875,0.042
1967.878,0.036
1967.881,-0.246
1967.884,-0.339
1967.886,-0.245
1967.889,-0.030
1967.892,0.145
1967.895,0.137
1967.897,0.231
1967.900,0.068
1967.903,-0.298
1967.906,-0.463
1967.908,-0.613
1967.911,-0.761
1967.914,-0.820
1967.916,-0.908
1967.919,-0.973
1967.922,-0.806
1967.925,-0.733
1967.927,-0.442
1967.930,-0.168
1967.933,0.008
1967.936,0.206
1967.938,0.366
1967.941,0.488
1967.944,0.684
1967.947,0.653
1967.949,0.364
1967.952,0.262
1967.955,0.361
1967.958,0.504
1967.960,0.618
1967.963,0.671
1967.966,0.365
1967.969,0.037
1967.971,-0.350
1967.974,-0.337
1967.977,-0.581
1967.979,-0.629
1967.982,-0.737
1967.985,-0.544
1967.988,-0.350
1967.990,-0.116
1967.993,0.025
1967.996,0.063
1967.999,0.041
1968.001,0.006
1968.004,-0.176
1968.007,-0.391
1968.010,-0.252
1968.012,-0.272
1968.015,-0.329
1968.018,-0.594
1968.021,-0.838
1968.023,-0.928
1968.026,-0.757
1968.029,-0.564
1968.031,-0.708
1968.034,-0.569
1968.037,-0.342
1968.040,-0.214
1968.042,-0.417
1968.045,-0.460
1968.048,-0.155
1968.051,-0.075
1968.053,-0.300
1968.056,-0.501
1968.059,-0.424
1968.062,-0.375
1968.064,-0.618
1968.067,-0.923
1968.070,-1.040
1968.072,-0.939
1968.075,-0.697
1968.078,-0.604
1968.081,-0.502
1968.083,-0.435
1968.086,-0.521
1968.089,-0.585
1968.092,-0.585
1968.094,-0.268
1968.097,-0.200
1968.100,-0.122
1968.102,-0.066
1968.105,-0.170
1968.108,-0.146
1968.111,-0.358
1968.113,-0.379
1968.116,-0.593
1968.119,-0.760
1968.122,-0.522
1968.124,-0.571
1968.127,-0.532
1968.130,-0.607
1968.133,-0.611
1968.135,-0.440
1968.138,-0.139
1968.141,-0.165
1968.143,0.001
1968.146,0.216
1968.149,0.349
1968.152,0.527
1968.154,0.588
1968.157,0.637
1968.160,0.587
1968.163,0.777
1968.165,0.778
1968.168,0.877
1968.171,0.853
1968.173,0.894
1968.176,0.888
1968.179,0.824
1968.182,0.602
1968.184,0.646
1968.187,0.613
1968.190,0.471
1968.193,0.628
1968.195,0.452
1968.198,0.643
1968.201,0.817
1968.203,0.924
1968.206,0.890
1968.209,0.767
1968.212,0.835
1968.214,0.779
1968.217,0.860
1968.220,0.978
1968.223,0.861
1968.225,0.765
1968.228,0.856
1968.231,0.881
1968.234,0.974
1968.236,1.070
1968.239,1.008
1968.242,0.903
1968.245,0.713
1968.247,0.348
1968.250,0.161
1968.253,0.098
1968.255,-0.029
1968.258,0.165
1968.261,0.243
1968.264,0.251
1968.266,0.368
1968.269,0.420
1968.272,0.483
1968.275,0.519
1968.277,0.450
1968.280,0.771
1968.283,0.732
1968.286,0.796
1968.288,0.805
1968.291,0.951
1968.294,0.963
1968.297,0.825
1968.299,0.483
1968.302,0.335
1968.305,0.023
1968.307,-0.279
1968.310,-0.398
1968.313,-0.505
1968.316,-0.616
1968.318,-0.578
1968.321,-0.199
1968.324,-0.306
1968.327,-0.154
1968.329,-0.043
1968.332,-0.069
1968.335,-0.174
1968.337,-0.279
1968.340,-0.545
1968.343,-0.715
1968.346,-0.656
1968.348,-0.260
1968.351,0.175
1968.354,0.362
1968.357,0.496
1968.359,0.427
1968.362,0.544
1968.365,0.449
1968.367,0.084
1968.370,-0.098
1968.373,-0.294
1968.376,-0.364
1968.378,-0.417
1968.381,-0.491
1968.384,-0.411
1968.387,-0.399
1968.389,-0.268
1968.392,-0.176
1968.395,-0.001
1968.398,-0.444
1968.400,-0.509
1968.403,-0.475
1968.406,-0.318
1968.408,-0.168
1968.411,-0.098
1968.414,-0.328
1968.417,-0.331
1968.419,-0.242
1968.422,-0.436
1968.425,-0.541
1968.428,-0.670
1968.430,-0.572
1968.433,-0.225
1968.436,-0.143
1968.438,-0.193
1968.441,-0.092
1968.444,0.109
1968.447,-0.180
1968.449,-0.567
1968.452,-0.563
1968.455,-0.220
1968.458,0.111
1968.460,0.190
1968.463,0.068
1968.466,-0.070
1968.469,-0.247
1968.471,-0.186
1968.474,0.097
1968.477,0.131
1968.479,0.150
1968.482,0.031
1968.485,0.000
1968.488,0.038
1968.490,0.099
1968.493,0.073
1968.496,0.096
1968.499,0.219
1968.501,0.136
1968.504,-0.018
1968.507,-0.200
1968.510,-0.248
1968.512,-0.240
1968.515,-0.143
1968.518,-0.147
1968.521,-0.154
1968.523,-0.113
1968.526,-0.150
1968.529,-0.185
1968.531,-0.384
1968.534,-0.356
1968.537,-0.351
1968.540,-0.548
1968.542,-0.461
1968.545,-0.650
1968.548,-0.605
1968.551,-0.713
1968.553,-0.575
1968.556,-0.469
1968.559,-0.419
1968.562,-0.255
1968.564,-0.230
1968.567,-0.175
1968.570,-0.085
1968.572,-0.011
1968.575,-0.125
1968.578,-0.285
1968.581,-0.408
1968.583,-0.533
1968.586,-0.536
1968.589,-0.285
1968.592,-0.194
1968.594,-0.278
1968.597,-0.276
1968.600,-0.223
1968.602,-0.164
1968.605,-0.260
1968.608,-0.180
1968.611,-0.141
1968.613,-0.315
1968.616,-0.147
1968.619,0.036
1968.622,-0.089
1968.624,-0.134
1968.627,-0.011
1968.630,-0.028
1968.633,-0.311
1968.635,-0.466
1968.638,-0.452
1968.641,-0.322
1968.643,-0.424
1968.646,-0.435
1968.649,-0.440
1968.652,-0.269
1968.654,-0.247
1968.657,-0.378
1968.660,-0.510
1968.663,-0.743
1968.665,-0.760
1968.668,-0.706
1968.671,-0.715
1968.673,-0.928
1968.676,-0.771
1968.679,-0.457
1968.682,-0.448
1968.684,-0.483
1968.687,-0.331
1968.690,-0.169
1968.693,-0.454
1968.695,-0.605
1968.698,-0.703
1968.701,-0.610
1968.703,-0.360
1968.706,-0.358
1968.709,-0.351
1968.712,-0.317
1968.714,-0.543
1968.717,-0.745
1968.720,-0.805
1968.723,-0.767
1968.725,-0.553
1968.728,-0.189
1968.731,-0.122
1968.734,-0.077
1968.736,0.010
1968.739,-0.035
1968.742,0.072
1968.745,0.042
1968.747,-0.298
1968.750,-0.422
1968.753,-0.439
1968.755,-0.290
1968.758,-0.074
1968.761,-0.019
1968.764,-0.227
1968.766,-0.250
1968.769,-0.273
1968.772,-0.158
1968.775,-0.164
1968.777,-0.164
1968.780,0.312
1968.783,0.542
1968.786,0.531
1968.788,0.591
1968.791,0.473
1968.794,0.435
1968.797,0.210
1968.799,0.104
1968.802,0.212
1968.805,0.399
1968.807,0.146
1968.810,0.168
1968.813,0.147
1968.816,-0.031
1968.818,0.146
1968.821,0.152
1968.824,0.004
1968.827,0.093
1968.829,0.197
1968.832,0.255
1968.835,0.306
1968.837,0.206
1968.840,0.095
1968.843,0.024
1968.846,-0.096
1968.848,-0.132
1968.851,-0.359
1968.854,-0.387
1968.857,-0.505
1968.859,-0.660
1968.862,-0.732
1968.865,-0.815
1968.867,-0.753
1968.870,-0.663
1968.873,-0.467
1968.876,-0.436
1968.878,-0.414
1968.881,-0.582
1968.884,-0.568
1968.887,-0.598
1968.889,-0.585
1968.892,-0.377
1968.895,-0.270
1968.898,-0.478
1968.900,-0.441
1968.903,-0.428
1968.906,-0.680
1968.908,-0.681
1968.911,-0.656
1968.914,-0.814
1968.917,-0.977
1968.919,-1.146
1968.922,-1.147
1968.925,-1.047
1968.928,-0.983
1968.930,-0.966
1968.933,-1.032
1968.936,-1.006
1968.938,-1.007
1968.941,-1.203
1968.944,-1.137
1968.947,-0.803
1968.949,-0.660
1968.952,-0.394
1968.955,-0.209
1968.958,0.088
1968.960,0.273
1968.963,0.600
1968.966,0.794
1968.969,0.559
1968.971,0.219
1968.974,-0.198
1968.977,-0.668
1968.979,-0.707
1968.982,-0.766
1968.985,-0.796
1968.988,-1.199
1968.990,-1.286
1968.993,-1.398
1968.996,-1.398
1968.999,-1.425
1969.001,-1.374
1969.004,-1.152
1969.007,-0.798
1969.010,-0.562
1969.012,-0.326
1969.015,-0.276
1969.018,-0.449
1969.021,-0.639
1969.023,-1.025
1969.026,-1.162
1969.029,-1.087
1969.031,-0.870
1969.034,-0.477
1969.037,-0.199
1969.040,-0.172
1969.042,-0.127
1969.045,-0.142
1969.048,-0.373
1969.051,-0.654
1969.053,-0.754
1969.056,-0.779
1969.059,-0.814
1969.062,-1.048
1969.064,-1.249
1969.067,-1.562
1969.070,-1.741
1969.073,-1.818
1969.075,-1.820
1969.078,-1.858
1969.081,-1.994
1969.084,-1.931
1969.086,-1.865
1969.089,-1.623
1969.092,-1.370
1969.094,-1.316
1969.097,-1.222
1969.100,-1.140
1969.103,-0.879
1969.105,-0.803
1969.108,-0.780
1969.111,-0.822
1969.114,-0.808
1969.116,-1.012
1969.119,-0.849
1969.122,-0.765
1969.125,-0.880
1969.127,-0.896
1969.130,-0.819
1969.133,-0.853
1969.136,-0.951
1969.138,-0.874
1969.141,-0.830
1969.144,-0.921
1969.147,-1.017
1969.149,-0.879
1969.152,-0.776
1969.155,-0.753
1969.158,-0.511
1969.160,-0.311
1969.163,-0.358
1969.166,-0.249
1969.168,-0.223
1969.171,-0.383
1969.174,-0.473
1969.177,-0.465
1969.179,-0.181
1969.182,-0.248
1969.185,-0.290
1969.188,-0.254
1969.190,-0.178
1969.193,-0.047
1969.196,0.003
1969.199,-0.246
1969.201,-0.399
1969.204,-0.293
1969.207,-0.057
1969.210,0.113
1969.212,0.586
1969.215,0.406
1969.218,0.190
1969.221,0.090
1969.223,0.079
1969.226,0.019
1969.229,-0.320
1969.232,-0.476
1969.234,-0.648
1969.237,-0.792
1969.240,-0.680
1969.242,-0.478
1969.245,-0.327
1969.248,0.013
1969.251,0.102
1969.253,0.297
1969.256,0.334
1969.259,0.422
1969.262,0.577
1969.264,0.741
1969.267,0.768
1969.270,1.124
1969.273,1.056
1969.275,0.951
1969.278,0.805
1969.281,0.672
1969.284,0.628
1969.286,0.447
1969.289,0.561
1969.292,0.465
1969.295,0.251
1969.297,0.012
1969.300,-0.222
1969.303,-0.048
1969.305,0.153
1969.308,0.329
1969.311,0.328
1969.314,0.317
1969.316,0.219
1969.319,-0.083
1969.322,-0.143
1969.325,-0.134
1969.327,-0.002
1969.330,0.238
1969.333,0.433
1969.336,0.165
1969.338,0.017
1969.341,0.140
1969.344,0.038
1969.347,0.041
1969.349,0.185
1969.352,0.058
1969.355,0.364
1969.358,0.396
1969.360,0.211
1969.363,0.226
1969.366,0.124
1969.369,0.195
1969.371,0.285
1969.374,0.387
1969.377,0.108
1969.379,0.125
1969.382,0.293
1969.385,0.250
1969.388,0.365
1969.390,0.377
1969.393,0.349
1969.396,0.235
1969.399,0.017
1969.401,0.025
1969.404,0.190
1969.407,0.405
1969.410,0.268
1969.412,0.136
1969.415,0.134
1969.418,0.067
1969.421,0.106
1969.423,0.094
1969.426,0.096
1969.429,0.398
1969.432,0.363
1969.434,0.337
1969.437,0.373
1969.440,-0.018
1969.443,0.058
1969.445,0.290
1969.448,0.539
1969.451,0.330
1969.453,0.316
1969.456,0.720
1969.459,0.341
1969.462,0.165
1969.464,0.331
1969.467,0.116
1969.470,-0.024
1969.473,0.042
1969.475,0.162
1969.478,-0.030
1969.481,0.041
1969.484,0.204
1969.486,0.091
1969.489,-0.105
1969.492,-0.197
1969.495,-0.003
1969.497,0.042
1969.500,0.338
1969.503,0.557
1969.505,0.280
1969.508,0.123
1969.511,-0.237
1969.514,-0.404
1969.516,-0.374
1969.519,-0.306
1969.522,-0.302
1969.525,-0.180
1969.527,-0.136
1969.530,0.067
1969.533,0.139
1969.536,0.140
1969.538,-0.056
1969.541,0.001
1969.544,0.051
1969.547,-0.171
1969.549,-0.358
1969.552,-0.272
1969.555,-0.210
1969.557,-0.054
1969.560,0.170
1969.563,0.301
1969.566,0.247
1969.568,0.304
1969.571,0.257
1969.574,0.343
1969.577,0.218
1969.579,0.173
1969.582,-0.029
1969.585,-0.115
1969.588,-0.192
1969.590,0.202
1969.593,0.194
1969.596,-0.009
1969.599,-0.096
1969.601,-0.088
1969.604,-0.036
1969.607,-0.216
1969.610,-0.389
1969.612,-0.339
1969.615,-0.114
1969.618,-0.201
1969.621,-0.371
1969.623,-0.291
1969.626,-0.229
1969.629,-0.228
1969.631,-0.255
1969.634,-0.119
1969.637,0.046
1969.640,0.112
1969.642,0.163
1969.645,0.109
1969.648,0.185
1969.651,0.330
1969.653,0.334
1969.656,0.312
1969.659,0.304
1969.662,0.213
1969.664,0.260
1969.667,0.357
1969.670,0.275
1969.673,0.249
1969.675,0.270
1969.678,0.203
1969.681,0.143
1969.684,-0.069
1969.686,-0.343
1969.689,-0.025
1969.692,0.082
1969.695,0.120
1969.697,-0.078
1969.700,-0.238
1969.703,-0.257
1969.705,-0.227
1969.708,-0.257
1969.711,-0.166
1969.714,-0.296
1969.716,-0.517
1969.719,-0.705
1969.722,-0.608
1969.725,-0.573
1969.727,-0.426
1969.730,-0.465
1969.733,-0.336
1969.736,-0.317
1969.738,0.091
1969.741,0.343
1969.744,0.103
1969.747,-0.026
1969.749,-0.221
1969.752,-0.142
1969.755,-0.154
1969.758,-0.123
1969.760,0.124
1969.763,0.200
1969.766,0.028
1969.768,0.199
1969.771,0.389
1969.774,0.773
1969.777,0.836
1969.779,0.785
1969.782,0.572
1969.785,0.425
1969.788,0.094
1969.790,0.151
1969.793,0.013
1969.796,-0.085
1969.799,0.000
1969.801,0.252
1969.804,0.338
1969.807,0.167
1969.810,-0.019
1969.812,-0.278
1969.815,-0.081
1969.818,0.039
1969.821,-0.047
1969.823,-0.101
1969.826,-0.213
1969.829,-0.144
1969.832,-0.215
1969.834,-0.055
1969.837,0.187
1969.840,0.336
1969.842,0.378
1969.845,0.246
1969.848,0.061
1969.851,0.179
1969.853,0.215
1969.856,0.228
1969.859,0.156
1969.862,0.156
1969.864,-0.024
1969.867,-0.263
1969.870,-0.377
1969.873,-0.417
1969.875,-0.366
1969.878,-0.362
1969.881,-0.478
1969.884,-0.389
1969.886,-0.405
1969.889,-0.102
1969.892,0.091
1969.895,0.311
1969.897,0.470
1969.900,0.584
1969.903,0.627
1969.906,0.629
1969.908,0.542
1969.911,0.656
1969.914,0.837
1969.916,0.955
1969.919,0.859
1969.922,0.611
1969.925,0.349
1969.927,0.196
1969.930,0.078
1969.933,0.086
1969.936,0.180
1969.938,0.408
1969.941,0.512
1969.944,0.700
1969.947,0.761
1969.949,0.670
1969.952,0.742
1969.955,0.906
1969.958,0.911
1969.960,0.772
1969.963,0.620
1969.966,0.451
1969.969,0.261
1969.971,0.256
1969.974,-0.003
1969.977,-0.247
1969.979,-0.494
1969.982,-0.393
1969.985,-0.387
1969.988,-0.368
1969.990,-0.043
1969.993,-0.013
1969.996,-0.096
1969.999,-0.018
1970.001,0.029
1970.004,-0.145
1970.007,-0.123
1970.010,0.166
1970.012,0.464
1970.015,0.305
1970.018,0.113
1970.021,0.176
1970.023,0.314
1970.026,0.223
1970.029,-0.075
1970.031,-0.268
1970.034,-0.212
1970.037,-0.227
1970.040,0.059
1970.042,-0.011
1970.045,-0.212
1970.048,-0.259
1970.051,-0.227
1970.053,-0.108
1970.056,-0.006
1970.059,-0.067
1970.062,0.162
1970.064,0.013
1970.067,0.155
1970.070,0.278
1970.073,0.243
1970.075,0.059
1970.078,-0.294
1970.081,-0.348
1970.084,-0.354
1970.086,-0.178
1970.089,-0.123
1970.092,-0.069
1970.094,0.033
1970.097,0.427
1970.100,0.848
1970.103,1.187
1970.105,1.264
1970.108,1.142
1970.111,1.043
1970.114,1.081
1970.116,1.011
1970.119,0.889
1970.122,0.784
1970.125,0.720
1970.127,0.697
1970.130,0.616
1970.133,0.538
1970.136,0.277
1970.138,0.029
1970.141,-0.009
1970.144,0.066
1970.147,-0.017
1970.149,0.120
1970.152,0.219
1970.155,0.014
1970.158,-0.208
1970.160,-0.273
1970.163,-0.088
1970.166,0.032
1970.168,-0.056
1970.171,-0.063
1970.174,0.254
1970.177,0.428
1970.179,-0.011
1970.182,-0.320
1970.185,-0.342
1970.188,-0.257
1970.190,-0.613
1970.193,-0.766
1970.196,-0.618
1970.199,-0.553
1970.201,-0.434
1970.204,-0.471
1970.207,-0.410
1970.210,-0.010
1970.212,0.524
1970.215,0.446
1970.218,0.111
1970.221,0.272
1970.223,0.430
1970.226,0.420
1970.229,0.520
1970.232,0.478
1970.234,0.539
1970.237,0.581
1970.240,0.349
1970.242,0.199
1970.245,0.496
1970.248,0.464
1970.251,0.094
1970.253,0.053
1970.256,0.283
1970.259,0.412
1970.262,0.428
1970.264,0.588
1970.267,0.690
1970.270,0.841
1970.273,0.649
1970.275,0.447
1970.278,0.360
1970.281,0.680
1970.284,0.850
1970.286,0.727
1970.289,0.765
1970.292,0.764
1970.295,0.673
1970.297,0.241
1970.300,-0.016
1970.303,-0.139
1970.305,0.002
1970.308,0.111
1970.311,0.172
1970.314,0.155
1970.316,0.053
1970.319,0.311
1970.322,0.295
1970.325,0.139
1970.327,0.047
1970.330,-0.183
1970.333,-0.211
1970.336,-0.134
1970.338,-0.188
1970.341,-0.240
1970.344,-0.326
1970.347,-0.262
1970.349,-0.413
1970.352,-0.229
1970.355,-0.021
1970.358,0.062
1970.360,0.248
1970.363,0.500
1970.366,0.562
1970.369,0.382
1970.371,0.481
1970.374,0.395
1970.377,0.258
1970.379,0.200
1970.382,0.161
1970.385,0.332
1970.388,0.389
1970.390,0.302
1970.393,0.248
1970.396,0.220
1970.399,0.121
1970.401,0.179
1970.404,0.216
1970.407,0.120
1970.410,-0.114
1970.412,-0.197
1970.415,-0.056
1970.418,0.200
1970.421,0.270
1970.423,0.136
1970.426,-0.085
1970.429,-0.139
1970.432,-0.072
1970.434,-0.082
1970.437,-0.124
1970.440,-0.005
1970.443,-0.034
1970.445,-0.214
1970.448,-0.019
1970.451,0.241
1970.453,0.389
1970.456,0.629
1970.459,0.760
1970.462,0.201
1970.464,0.099
1970.467,0.212
1970.470,0.220
1970.473,0.127
1970.475,0.255
1970.478,0.266
1970.481,0.079
1970.484,0.076
1970.486,0.328
1970.489,0.348
1970.492,0.239
1970.495,-0.064
1970.497,0.051
1970.500,0.084
1970.503,0.322
1970.505,0.464
1970.508,0.634
1970.511,0.565
1970.514,0.697
1970.516,0.562
1970.519,0.583
1970.522,0.543
1970.525,0.323
1970.527,0.209
1970.530,0.327
1970.533,0.319
1970.536,0.285
1970.538,0.328
1970.541,0.224
1970.544,0.090
1970.547,-0.023
1970.549,-0.289
1970.552,-0.274
1970.555,-0.181
1970.557,-0.071
1970.560,0.144
1970.563,0.029
1970.566,-0.128
1970.568,-0.107
1970.571,-0.153
1970.574,-0.134
1970.577,-0.119
1970.579,0.018
1970.582,0.217
1970.585,0.210
1970.588,0.118
1970.590,-0.068
1970.593,-0.017
1970.596,0.076
1970.599,-0.014
1970.601,-0.146
1970.604,-0.107
1970.607,-0.069
1970.610,-0.193
1970.612,-0.092
1970.615,-0.108
1970.618,-0.159
1970.621,-0.386
1970.623,-0.601
1970.626,-0.424
1970.629,-0.384
1970.631,-0.256
1970.634,-0.177
1970.637,0.018
1970.640,0.022
1970.642,-0.050
1970.645,-0.234
1970.648,-0.392
1970.651,-0.213
1970.653,-0.069
1970.656,-0.094
1970.659,0.126
1970.662,0.068
1970.664,-0.022
1970.667,-0.080
1970.670,0.028
1970.673,0.172
1970.675,0.403
1970.678,0.367
1970.681,0.288
1970.684,0.378
1970.686,0.212
1970.689,-0.119
1970.692,-0.573
1970.695,-0.500
1970.697,-0.361
1970.700,-0.466
1970.703,-0.553
1970.705,-0.347
1970.708,-0.002
1970.711,0.398
1970.714,0.689
1970.716,0.513
1970.719,0.591
1970.722,0.563
1970.725,0.633
1970.727,0.501
1970.730,0.238
1970.733,0.110
1970.736,0.327
1970.738,0.290
1970.741,0.113
1970.744,-0.132
1970.747,-0.005
1970.749,0.143
1970.752,0.149
1970.755,-0.012
1970.758,0.019
1970.760,-0.084
1970.763,0.069
1970.766,0.199
1970.768,-0.118
1970.771,-0.374
1970.774,-0.242
1970.777,-0.110
1970.779,-0.178
1970.782,-0.264
1970.785,-0.266
1970.788,-0.354
1970.790,-0.552
1970.793,-0.629
1970.796,-0.593
1970.799,-0.290
1970.801,-0.156
1970.804,0.080
1970.807,0.306
1970.810,0.562
1970.812,0.569
1970.815,0.391
1970.818,0.125
1970.821,0.108
1970.823,0.305
1970.826,0.548
1970.829,0.646
1970.832,0.597
1970.834,0.450
1970.837,0.471
1970.840,0.220
1970.842,0.125
1970.845,0.152
1970.848,0.081
1970.851,0.165
1970.853,0.337
1970.856,0.193
1970.859,-0.051
1970.862,-0.118
1970.864,0.186
1970.867,0.232
1970.870,-0.186
1970.873,-0.379
1970.875,-0.448
1970.878,-0.501
1970.881,-0.338
1970.884,-0.134
1970.886,-0.152
1970.889,-0.364
1970.892,-0.903
1970.895,-1.086
1970.897,-1.034
1970.900,-1.022
1970.903,-1.114
1970.906,-0.893
1970.908,-0.656
1970.911,-0.474
1970.914,-0.400
1970.916,-0.464
1970.919,-0.365
1970.922,-0.227
1970.925,-0.385
1970.927,-0.575
1970.930,-0.674
1970.933,-0.570
1970.936,-0.500
1970.938,-0.388
1970.941,-0.189
1970.944,-0.256
1970.947,-0.162
1970.949,-0.314
1970.952,-0.380
1970.955,-0.249
1970.958,-0.344
1970.960,-0.438
1970.963,-0.716
1970.966,-0.966
1970.969,-0.926
1970.971,-0.766
1970.974,-0.552
1970.977,-0.504
1970.979,-0.462
1970.982,-0.320
1970.985,-0.343
1970.988,-0.268
1970.990,-0.183
1970.993,-0.153
1970.996,-0.138
1970.999,-0.004
1971.001,0.000
1971.004,0.132
1971.007,0.117
1971.010,0.074
1971.012,0.309
1971.015,0.388
1971.018,0.303
1971.021,0.086
1971.023,0.015
1971.026,-0.022
1971.029,-0.060
1971.031,0.145
1971.034,-0.001
1971.037,-0.178
1971.040,-0.069
1971.042,-0.145
1971.045,0.010
1971.048,0.229
1971.051,0.324
1971.053,0.357
1971.056,0.193
1971.059,0.137
1971.062,0.032
1971.064,0.061
1971.067,0.161
1971.070,0.200
1971.073,0.131
1971.075,0.045
1971.078,0.064
1971.081,0.125
1971.084,-0.021
1971.086,-0.167
1971.089,-0.260
1971.092,-0.354
1971.094,-0.243
1971.097,-0.308
1971.100,-0.354
1971.103,-0.299
1971.105,-0.199
1971.108,-0.565
1971.111,-0.519
1971.114,-0.296
1971.116,-0.052
1971.119,-0.227
1971.122,-0.282
1971.125,-0.217
1971.127,-0.058
1971.130,0.140
1971.133,0.084
1971.136,-0.210
1971.138,-0.224
1971.141,-0.352
1971.144,-0.480
1971.147,-0.690
1971.149,-0.817
1971.152,-1.001
1971.155,-0.930
1971.158,-1.285
1971.160,-1.619
1971.163,-1.769
1971.166,-1.676
1971.168,-1.409
1971.171,-1.240
1971.174,-1.243
1971.177,-1.316
1971.179,-1.141
1971.182,-0.656
1971.185,-0.205
1971.188,0.002
1971.190,0.206
1971.193,0.495
1971.196,0.845
1971.199,0.788
1971.201,0.572
1971.204,0.462
1971.207,0.616
1971.210,0.657
1971.212,0.493
1971.215,0.235
1971.218,0.003
1971.221,-0.001
1971.223,-0.139
1971.226,-0.169
1971.229,-0.082
1971.232,0.072
1971.234,0.113
1971.237,0.053
1971.240,-0.047
1971.242,-0.129
1971.245,-0.246
1971.248,-0.300
1971.251,-0.074
1971.253,0.106
1971.256,0.257
1971.259,0.533
1971.262,0.435
1971.264,0.148
1971.267,-0.115
1971.270,-0.169
1971.273,0.003
1971.275,0.244
1971.278,0.218
1971.281,0.213
1971.284,0.454
1971.286,0.477
1971.289,0.456
1971.292,0.320
1971.295,0.365
1971.297,0.305
1971.300,0.336
1971.303,0.262
1971.305,0.192
1971.308,0.087
1971.311,-0.126
1971.314,-0.063
1971.316,-0.108
1971.319,-0.147
1971.322,-0.049
1971.325,0.158
1971.327,0.210
1971.330,0.091
1971.333,-0.001
1971.336,-0.008
1971.338,-0.003
1971.341,0.196
1971.344,0.358
1971.347,0.492
1971.349,0.578
1971.352,0.583
1971.355,0.541
1971.358,0.452
1971.360,0.542
1971.363,0.598
1971.366,0.255
1971.369,0.165
1971.371,-0.078
1971.374,-0.193
1971.377,-0.062
1971.379,-0.002
1971.382,0.013
1971.385,-0.155
1971.388,-0.198
1971.390,-0.393
1971.393,-0.354
1971.396,-0.426
1971.399,-0.322
1971.401,-0.404
1971.404,-0.299
1971.407,-0.364
1971.410,-0.227
1971.412,-0.242
1971.415,-0.244
1971.418,-0.323
1971.421,-0.332
1971.423,-0.450
1971.426,-0.457
1971.429,-0.441
1971.432,-0.243
1971.434,-0.100
1971.437,-0.024
1971.440,0.051
1971.443,-0.336
1971.445,-0.303
1971.448,-0.143
1971.451,-0.143
1971.453,-0.217
1971.456,-0.303
1971.459,-0.148
1971.462,-0.183
1971.464,-0.183
1971.467,-0.171
1971.470,-0.189
1971.473,-0.260
1971.475,-0.360
1971.478,-0.291
1971.481,-0.434
1971.484,-0.455
1971.486,-0.385
1971.489,-0.321
1971.492,-0.329
1971.495,-0.459
1971.497,-0.329
1971.500,-0.209
1971.503,-0.313
1971.505,-0.305
1971.508,-0.318
1971.511,-0.194
1971.514,-0.263
1971.516,-0.358
1971.519,-0.332
1971.522,-0.447
1971.525,-0.356
1971.527,-0.267
1971.530,-0.175
1971.533,0.051
1971.536,0.323
1971.538,0.157
1971.541,0.088
1971.544,0.031
1971.547,0.033
1971.549,0.018
1971.552,-0.107
1971.555,-0.114
1971.557,-0.054
1971.560,-0.108
1971.563,0.055
1971.566,0.280
1971.568,0.024
1971.571,-0.147
1971.574,-0.176
1971.577,-0.252
1971.579,-0.408
1971.582,-0.387
1971.585,-0.305
1971.588,-0.353
1971.590,-0.610
1971.593,-0.675
1971.596,-0.376
1971.599,-0.067
1971.601,0.042
1971.604,0.185
1971.607,0.053
1971.610,0.106
1971.612,-0.187
1971.615,-0.423
1971.618,-0.333
1971.621,-0.240
1971.623,-0.174
1971.626,-0.335
1971.629,-0.055
1971.631,0.390
1971.634,0.478
1971.637,0.229
1971.640,0.065
1971.642,-0.048
1971.645,-0.120
1971.648,0.034
1971.651,0.275
1971.653,0.370
1971.656,0.374
1971.659,0.325
1971.662,0.131
1971.664,0.048
1971.667,0.234
1971.670,0.332
1971.673,0.268
1971.675,0.419
1971.678,0.420
1971.681,0.347
1971.684,0.181
1971.686,0.182
1971.689,0.158
1971.692,0.012
1971.695,-0.125
1971.697,-0.270
1971.700,-0.342
1971.703,-0.272
1971.705,-0.285
1971.708,-0.298
1971.711,-0.296
1971.714,-0.116
1971.716,-0.287
1971.719,-0.434
1971.722,-0.377
1971.725,-0.332
1971.727,-0.045
1971.730,0.168
1971.733,0.074
1971.736,-0.023
1971.738,-0.034
1971.741,-0.009
1971.744,-0.018
1971.747,0.339
1971.749,0.450
1971.752,0.394
1971.755,0.338
1971.758,0.220
1971.760,0.087
1971.763,0.166
1971.766,0.208
1971.768,0.253
1971.771,0.401
1971.774,0.078
1971.777,-0.104
1971.779,0.019
1971.782,0.205
1971.785,0.296
1971.788,0.270
1971.790,0.155
1971.793,0.193
1971.796,0.152
1971.799,0.141
1971.801,-0.038
1971.804,0.027
1971.807,0.015
1971.810,0.080
1971.812,0.252
1971.815,0.150
1971.818,-0.090
1971.821,-0.574
1971.823,-0.854
1971.826,-0.740
1971.829,-0.610
1971.832,-0.452
1971.834,-0.345
1971.837,-0.374
1971.840,-0.403
1971.842,-0.492
1971.845,-0.482
1971.848,-0.780
1971.851,-0.901
1971.853,-0.606
1971.856,-0.356
1971.859,-0.076
1971.862,0.155
1971.864,0.206
1971.867,0.202
1971.870,0.198
1971.873,0.184
1971.875,0.280
1971.878,0.355
1971.881,0.337
1971.884,0.487
1971.886,0.627
1971.889,0.492
1971.892,0.483
1971.895,0.367
1971.897,0.305
1971.900,0.007
1971.903,0.146
1971.906,0.311
1971.908,0.236
1971.911,0.319
1971.914,0.393
1971.916,0.501
1971.919,0.499
1971.922,0.321
1971.925,0.102
1971.927,0.062
1971.930,0.173
1971.933,0.308
1971.936,0.179
1971.938,0.452
1971.941,0.621
1971.944,0.326
1971.947,0.324
1971.949,0.184
1971.952,-0.028
1971.955,-0.208
1971.958,-0.270
1971.960,-0.270
1971.963,-0.417
1971.966,-0.418
1971.969,-0.361
1971.971,-0.551
1971.974,-0.821
1971.977,-0.588
1971.979,-0.255
1971.982,-0.093
1971.985,-0.234
1971.988,-0.277
1971.990,0.008
1971.993,0.185
1971.996,0.391
1971.999,0.353
1972.001,0.399
1972.004,0.382
1972.007,-0.012
1972.010,-0.422
1972.012,-0.477
1972.015,-0.616
1972.018,-0.706
1972.021,-0.598
1972.023,-0.353
1972.026,-0.442
1972.029,-0.818
1972.031,-1.094
1972.034,-1.661
1972.037,-1.980
1972.040,-1.889
1972.042,-1.463
1972.045,-1.116
1972.048,-0.796
1972.051,-0.653
1972.053,-0.927
1972.056,-1.031
1972.059,-1.011
1972.062,-0.955
1972.064,-1.348
1972.067,-1.609
1972.070,-1.792
1972.072,-1.510
1972.075,-1.208
1972.078,-0.937
1972.081,-0.610
1972.083,-0.718
1972.086,-0.885
1972.089,-0.925
1972.092,-1.090
1972.094,-1.415
1972.097,-1.583
1972.100,-1.356
1972.102,-1.404
1972.105,-1.262
1972.108,-1.022
1972.111,-0.895
1972.113,-0.716
1972.116,-0.581
1972.119,-0.624
1972.122,-0.718
1972.124,-0.744
1972.127,-0.738
1972.130,-0.698
1972.133,-0.716
1972.135,-0.765
1972.138,-0.817
1972.141,-0.833
1972.143,-0.653
1972.146,-0.522
1972.149,-0.259
1972.152,-0.075
1972.154,-0.019
1972.157,-0.086
1972.160,-0.078
1972.163,-0.239
1972.165,-0.542
1972.168,-0.861
1972.171,-0.984
1972.173,-0.837
1972.176,-0.390
1972.179,-0.248
1972.182,-0.534
1972.184,-0.625
1972.187,-0.834
1972.190,-0.802
1972.193,-0.508
1972.195,-0.208
1972.198,0.288
1972.201,0.742
1972.203,0.631
1972.206,0.652
1972.209,0.655
1972.212,0.233
1972.214,0.003
1972.217,0.159
1972.220,0.640
1972.223,0.529
1972.225,0.304
1972.228,0.112
1972.231,-0.197
1972.234,-0.080
1972.236,0.095
1972.239,0.088
1972.242,0.225
1972.245,0.530
1972.247,0.263
1972.250,-0.022
1972.253,-0.278
1972.255,-0.203
1972.258,-0.357
1972.261,-0.134
1972.264,0.167
1972.266,0.212
1972.269,-0.014
1972.272,0.092
1972.275,0.306
1972.277,0.524
1972.280,0.870
1972.283,0.644
1972.286,0.427
1972.288,0.056
1972.291,-0.061
1972.294,-0.155
1972.297,-0.061
1972.299,0.073
1972.302,0.213
1972.305,0.174
1972.307,0.304
1972.310,0.225
1972.313,0.158
1972.316,0.139
1972.318,-0.042
1972.321,0.104
1972.324,0.047
1972.327,0.056
1972.329,0.014
1972.332,0.007
1972.335,0.052
1972.337,0.093
1972.340,0.031
1972.343,0.057
1972.346,-0.043
1972.348,-0.076
1972.351,0.101
1972.354,0.156
1972.357,-0.246
1972.359,-0.270
1972.362,0.073
1972.365,0.086
1972.367,0.119
1972.370,-0.007
1972.373,-0.198
1972.376,-0.176
1972.378,-0.195
1972.381,-0.001
1972.384,0.023
1972.387,-0.037
1972.389,-0.389
1972.392,-0.190
1972.395,-0.205
1972.398,-0.300
1972.400,-0.247
1972.403,-0.080
1972.406,-0.169
1972.408,-0.073
1972.411,0.015
1972.414,0.063
1972.417,-0.021
1972.419,0.196
1972.422,0.129
1972.425,0.195
1972.428,0.284
1972.430,0.325
1972.433,0.074
1972.436,-0.070
1972.438,-0.151
1972.441,-0.388
1972.444,-0.422
1972.447,-0.330
1972.449,-0.141
1972.452,0.243
1972.455,0.262
1972.458,0.015
1972.460,0.131
1972.463,0.087
1972.466,0.127
1972.469,0.296
1972.471,0.159
1972.474,-0.040
1972.477,-0.060
1972.479,-0.057
1972.482,0.092
1972.485,0.120
1972.488,0.296
1972.490,0.219
1972.493,-0.074
1972.496,-0.151
1972.499,-0.030
1972.501,-0.035
1972.504,-0.243
1972.507,-0.362
1972.510,-0.421
1972.512,-0.151
1972.515,-0.191
1972.518,-0.061
1972.521,0.057
1972.523,0.124
1972.526,0.152
1972.529,0.126
1972.531,0.137
1972.534,0.327
1972.537,0.154
1972.540,-0.017
1972.542,-0.073
1972.545,-0.142
1972.548,-0.085
1972.551,-0.131
1972.553,-0.198
1972.556,-0.209
1972.559,-0.160
1972.562,-0.187
1972.564,-0.205
1972.567,-0.142
1972.570,-0.033
1972.572,0.051
1972.575,0.174
1972.578,0.226
1972.581,0.192
1972.583,0.094
1972.586,0.108
1972.589,0.049
1972.592,-0.074
1972.594,0.086
1972.597,0.050
1972.600,0.198
1972.602,0.320
1972.605,0.416
1972.608,0.460
1972.611,0.307
1972.613,0.467
1972.616,0.649
1972.619,0.763
1972.622,0.884
1972.624,0.691
1972.627,0.616
1972.630,0.486
1972.633,0.494
1972.635,0.435
1972.638,0.363
1972.641,0.176
1972.643,0.075
1972.646,0.299
1972.649,0.193
1972.652,-0.018
1972.654,-0.016
1972.657,0.225
1972.660,0.008
1972.663,-0.012
1972.665,0.075
1972.668,-0.049
1972.671,-0.137
1972.673,-0.092
1972.676,-0.124
1972.679,-0.131
1972.682,-0.217
1972.684,-0.351
1972.687,-0.402
1972.690,-0.289
1972.693,0.005
1972.695,0.011
1972.698,0.025
1972.701,0.160
1972.703,0.315
1972.706,0.288
1972.709,0.190
1972.712,0.134
1972.714,0.030
1972.717,-0.255
1972.720,-0.575
1972.723,-0.641
1972.725,-0.617
1972.728,-0.410
1972.731,-0.341
1972.734,-0.395
1972.736,-0.423
1972.739,-0.587
1972.742,-0.562
1972.745,-0.506
1972.747,-0.463
1972.750,-0.329
1972.753,-0.189
1972.755,-0.105
1972.758,0.140
1972.761,0.251
1972.764,0.205
1972.766,0.183
1972.769,0.345
1972.772,0.215
1972.775,-0.052
1972.777,-0.041
1972.780,0.063
1972.783,0.488
1972.786,0.426
1972.788,0.316
1972.791,0.313
1972.794,0.217
1972.797,0.029
1972.799,-0.005
1972.802,-0.049
1972.805,-0.022
1972.807,0.054
1972.810,-0.027
1972.813,0.007
1972.816,0.053
1972.818,-0.078
1972.821,-0.197
1972.824,-0.295
1972.827,-0.278
1972.829,-0.205
1972.832,-0.066
1972.835,-0.262
1972.837,-0.262
1972.840,-0.353
1972.843,-0.398
1972.846,-0.370
1972.848,-0.347
1972.851,-0.359
1972.854,-0.389
1972.857,-0.383
1972.859,-0.514
1972.862,-0.283
1972.865,-0.438
1972.867,-0.364
1972.870,-0.446
1972.873,-0.684
1972.876,-0.688
1972.878,-0.704
1972.881,-0.642
1972.884,-0.758
1972.887,-0.983
1972.889,-0.707
1972.892,-0.419
1972.895,-0.172
1972.898,-0.203
1972.900,-0.266
1972.903,-0.206
1972.906,-0.184
1972.908,-0.292
1972.911,-0.383
1972.914,-0.345
1972.917,-0.166
1972.919,-0.099
1972.922,-0.014
1972.925,-0.119
1972.928,-0.312
1972.930,-0.332
1972.933,-0.706
1972.936,-0.696
1972.938,-0.585
1972.941,-0.307
1972.944,-0.420
1972.947,-0.524
1972.949,-0.527
1972.952,-0.368
1972.955,-0.096
1972.958,-0.082
1972.960,-0.100
1972.963,-0.069
1972.966,0.029
1972.969,0.249
1972.971,0.242
1972.974,0.394
1972.977,0.415
1972.979,0.372
1972.982,0.436
1972.985,0.577
1972.988,0.514
1972.990,0.339
1972.993,0.341
1972.996,0.290
1972.999,0.399
1973.001,0.947
1973.004,0.529
1973.007,0.400
1973.010,0.652
1973.012,0.781
1973.015,0.813
1973.018,0.600
1973.021,0.232
1973.023,0.373
1973.026,0.476
1973.029,0.388
1973.031,0.148
1973.034,0.322
1973.037,0.533
1973.040,0.463
1973.042,0.477
1973.045,0.612
1973.048,0.831
1973.051,0.628
1973.053,0.315
1973.056,0.201
1973.059,0.392
1973.062,0.536
1973.064,0.310
1973.067,-0.055
1973.070,-0.251
1973.073,-0.275
1973.075,-0.274
1973.078,-0.239
1973.081,-0.096
1973.084,0.046
1973.086,0.033
1973.089,0.155
1973.092,0.566
1973.094,0.736
1973.097,0.833
1973.100,0.713
1973.103,0.595
1973.105,0.603
1973.108,0.430
1973.111,0.395
1973.114,0.709
1973.116,0.894
1973.119,0.958
1973.122,0.792
1973.125,0.662
1973.127,0.762
1973.130,0.838
1973.133,0.809
1973.136,0.713
1973.138,0.872
1973.141,0.761
1973.144,0.722
1973.147,0.652
1973.149,0.656
1973.152,0.530
1973.155,0.658
1973.158,0.563
1973.160,0.638
1973.163,0.767
1973.166,1.016
1973.168,0.776
1973.171,0.595
1973.174,0.359
1973.177,0.211
1973.179,-0.003
1973.182,-0.122
1973.185,0.151
1973.188,0.320
1973.190,0.567
1973.193,0.686
1973.196,0.781
1973.199,0.832
1973.201,0.717
1973.204,0.838
1973.207,0.725
1973.210,0.704
1973.212,0.659
1973.215,0.703
1973.218,0.939
1973.221,0.786
1973.223,0.702
1973.226,0.811
1973.229,1.066
1973.232,1.257
1973.234,1.026
1973.237,0.927
1973.240,0.856
1973.242,0.876
1973.245,0.763
1973.248,0.791
1973.251,0.774
1973.253,0.842
1973.256,0.745
1973.259,0.810
1973.262,0.842
1973.264,0.740
1973.267,0.628
1973.270,0.533
1973.273,0.454
1973.275,0.353
1973.278,0.550
1973.281,0.531
1973.284,0.835
1973.286,0.841
1973.289,0.716
1973.292,0.914
1973.295,0.920
1973.297,0.952
1973.300,0.929
1973.303,0.844
1973.305,0.770
1973.308,0.790
1973.311,0.717
1973.314,0.671
1973.316,0.755
1973.319,0.961
1973.322,0.814
1973.325,0.734
1973.327,0.982
1973.330,1.176
1973.333,0.904
1973.336,0.778
1973.338,0.815
1973.341,0.760
1973.344,0.822
1973.347,0.699
1973.349,0.730
1973.352,0.754
1973.355,0.533
1973.358,0.415
1973.360,0.374
1973.363,0.219
1973.366,0.150
1973.369,0.054
1973.371,0.006
1973.374,0.135
1973.377,0.198
1973.379,0.288
1973.382,0.244
1973.385,0.325
1973.388,0.428
1973.390,0.830
1973.393,0.965
1973.396,0.910
1973.399,0.852
1973.401,0.928
1973.404,0.803
1973.407,0.523
1973.410,0.645
1973.412,0.767
1973.415,0.633
1973.418,0.473
1973.421,0.307
1973.423,0.239
1973.426,0.202
1973.429,0.460
1973.432,0.436
1973.434,0.734
1973.437,0.891
1973.440,0.911
1973.443,0.796
1973.445,0.696
1973.448,0.642
1973.451,0.481
1973.453,0.491
1973.456,0.252
1973.459,0.240
1973.462,0.354
1973.464,0.430
1973.467,0.594
1973.470,0.678
1973.473,0.704
1973.475,0.736
1973.478,0.481
1973.481,0.250
1973.484,0.023
1973.486,0.117
1973.489,0.056
1973.492,0.157
1973.495,0.289
1973.497,0.308
1973.500,0.129
1973.503,0.144
1973.505,0.327
1973.508,0.473
1973.511,0.440
1973.514,0.304
1973.516,0.263
1973.519,0.280
1973.522,0.081
1973.525,-0.008
1973.527,0.022
1973.530,-0.035
1973.533,0.087
1973.536,0.163
1973.538,0.223
1973.541,0.105
1973.544,-0.001
1973.547,-0.062
1973.549,0.061
1973.552,0.160
1973.555,-0.071
1973.557,0.065
1973.560,0.073
1973.563,0.135
1973.566,0.239
1973.568,0.192
1973.571,0.299
1973.574,0.253
1973.577,0.067
1973.579,0.077
1973.582,0.059
1973.585,0.125
1973.588,0.166
1973.590,0.071
1973.593,0.092
1973.596,0.165
1973.599,0.121
1973.601,-0.035
1973.604,0.005
1973.607,-0.011
1973.610,-0.308
1973.612,-0.133
1973.615,-0.047
1973.618,0.036
1973.621,0.200
1973.623,0.364
1973.626,0.186
1973.629,0.066
1973.631,0.054
1973.634,0.092
1973.637,0.003
1973.640,-0.168
1973.642,-0.145
1973.645,-0.068
1973.648,-0.024
1973.651,-0.030
1973.653,-0.040
1973.656,-0.123
1973.659,0.153
1973.662,0.280
1973.664,0.151
1973.667,0.021
1973.670,0.197
1973.673,0.233
1973.675,0.207
1973.678,0.387
1973.681,0.352
1973.684,0.128
1973.686,0.011
1973.689,0.320
1973.692,0.386
1973.695,0.299
1973.697,0.200
1973.700,-0.128
1973.703,-0.263
1973.705,-0.285
1973.708,-0.235
1973.711,-0.280
1973.714,-0.198
1973.716,0.014
1973.719,0.043
1973.722,-0.034
1973.725,-0.011
1973.727,0.057
1973.730,-0.059
1973.733,-0.220
1973.736,-0.252
1973.738,-0.341
1973.741,-0.442
1973.744,-0.419
1973.747,-0.294
1973.749,-0.428
1973.752,-0.342
1973.755,-0.019
1973.758,0.173
1973.760,0.247
1973.763,0.240
1973.766,0.306
1973.768,0.172
1973.771,0.087
1973.774,0.189
1973.777,0.207
1973.779,0.262
1973.782,0.361
1973.785,0.437
1973.788,0.550
1973.790,0.458
1973.793,0.216
1973.796,0.108
1973.799,0.192
1973.801,0.376
1973.804,0.609
1973.807,0.708
1973.810,0.422
1973.812,0.228
1973.815,0.101
1973.818,0.135
1973.821,0.260
1973.823,0.228
1973.826,0.081
1973.829,0.086
1973.832,0.155
1973.834,-0.098
1973.837,-0.355
1973.840,-0.464
1973.842,-0.481
1973.845,-0.572
1973.848,-0.670
1973.851,-0.487
1973.853,-0.406
1973.856,-0.133
1973.859,-0.030
1973.862,0.079
1973.864,0.320
1973.867,0.424
1973.870,0.540
1973.873,0.628
1973.875,0.464
1973.878,0.311
1973.881,0.244
1973.884,0.311
1973.886,0.054
1973.889,-0.193
1973.892,-0.059
1973.895,-0.020
1973.897,-0.017
1973.900,-0.301
1973.903,-0.253
1973.906,0.015
1973.908,-0.050
1973.911,-0.055
1973.914,-0.115
1973.916,-0.213
1973.919,-0.570
1973.922,-0.825
1973.925,-0.841
1973.927,-0.539
1973.930,-0.415
1973.933,-0.336
1973.936,-0.335
1973.938,-0.372
1973.941,-0.534
1973.944,-0.552
1973.947,-0.499
1973.949,-0.204
1973.952,-0.090
1973.955,-0.086
1973.958,0.015
1973.960,0.025
1973.963,0.053
1973.966,0.182
1973.969,0.240
1973.971,0.354
1973.974,0.239
1973.977,0.200
1973.979,0.282
1973.982,0.501
1973.985,0.758
1973.988,0.954
1973.990,1.148
1973.993,0.999
1973.996,0.698
1973.999,0.584
1974.001,0.457
1974.004,0.232
1974.007,-0.056
1974.010,-0.034
1974.012,-0.125
1974.015,-0.018
1974.018,-0.257
1974.021,-0.769
1974.023,-0.866
1974.026,-0.947
1974.029,-0.931
1974.031,-0.988
1974.034,-0.823
1974.037,-0.803
1974.040,-0.776
1974.042,-0.690
1974.045,-0.415
1974.048,-0.219
1974.051,-0.107
1974.053,-0.056
1974.056,-0.226
1974.059,-0.483
1974.062,-0.475
1974.064,-0.521
1974.067,-0.546
1974.070,-0.497
1974.073,-0.577
1974.075,-0.758
1974.078,-0.876
1974.081,-1.124
1974.084,-1.332
1974.086,-1.432
1974.089,-1.371
1974.092,-1.146
1974.094,-0.901
1974.097,-0.689
1974.100,-0.831
1974.103,-0.884
1974.105,-0.858
1974.108,-0.717
1974.111,-0.675
1974.114,-0.504
1974.116,-0.458
1974.119,-0.382
1974.122,-0.229
1974.125,0.040
1974.127,-0.069
1974.130,-0.075
1974.133,-0.339
1974.136,-0.639
1974.138,-0.944
1974.141,-0.910
1974.144,-0.719
1974.147,-0.996
1974.149,-1.036
1974.152,-0.837
1974.155,-0.620
1974.158,-0.402
1974.160,-0.090
1974.163,0.096
1974.166,-0.128
1974.168,0.018
1974.171,0.320
1974.174,0.150
1974.177,-0.127
1974.179,-0.259
1974.182,-0.270
1974.185,0.029
1974.188,-0.051
1974.190,-0.094
1974.193,-0.102
1974.196,-0.119
1974.199,-0.090
1974.201,-0.215
1974.204,-0.077
1974.207,-0.219
1974.210,-0.020
1974.212,-0.051
1974.215,0.000
1974.218,0.085
1974.221,-0.025
1974.223,0.041
1974.226,-0.021
1974.229,-0.175
1974.232,-0.167
1974.234,0.059
1974.237,0.545
1974.240,0.595
1974.242,0.693
1974.245,0.550
1974.248,0.338
1974.251,0.312
1974.253,0.203
1974.256,0.189
1974.259,0.062
1974.262,-0.027
1974.264,-0.071
1974.267,0.072
1974.270,0.218
1974.273,0.541
1974.275,0.380
1974.278,0.140
1974.281,0.105
1974.284,0.299
1974.286,0.580
1974.289,0.607
1974.292,0.629
1974.295,0.622
1974.297,0.451
1974.300,0.239
1974.303,0.300
1974.305,0.423
1974.308,0.344
1974.311,0.263
1974.314,0.166
1974.316,-0.181
1974.319,-0.197
1974.322,-0.114
1974.325,-0.275
1974.327,-0.339
1974.330,-0.291
1974.333,-0.231
1974.336,0.010
1974.338,0.077
1974.341,0.061
1974.344,0.048
1974.347,-0.023
1974.349,-0.153
1974.352,-0.083
1974.355,-0.186
1974.358,-0.048
1974.360,0.152
1974.363,0.112
1974.366,-0.200
1974.369,0.046
1974.371,0.330
1974.374,0.252
1974.377,-0.017
1974.379,-0.152
1974.382,-0.044
1974.385,-0.021
1974.388,-0.047
1974.390,-0.170
1974.393,-0.135
1974.396,0.054
1974.399,-0.112
1974.401,0.035
1974.404,0.308
1974.407,0.440
1974.410,0.456
1974.412,0.190
1974.415,-0.033
1974.418,-0.299
1974.421,-0.375
1974.423,-0.133
1974.426,-0.133
1974.429,-0.045
1974.432,-0.075
1974.434,-0.116
1974.437,-0.304
1974.440,-0.447
1974.443,-0.521
1974.445,-0.539
1974.448,-0.354
1974.451,-0.085
1974.453,0.180
1974.456,0.154
1974.459,0.124
1974.462,-0.014
1974.464,0.133
1974.467,0.104
1974.470,0.099
1974.473,-0.010
1974.475,-0.024
1974.478,0.120
1974.481,0.198
1974.484,0.389
1974.486,0.527
1974.489,0.592
1974.492,0.656
1974.495,0.528
1974.497,0.452
1974.500,0.176
1974.503,-0.221
1974.505,-0.489
1974.508,-0.320
1974.511,-0.186
1974.514,-0.082
1974.516,0.144
1974.519,0.238
1974.522,0.154
1974.525,0.016
1974.527,-0.167
1974.530,-0.051
1974.533,-0.016
1974.536,-0.176
1974.538,-0.101
1974.541,0.059
1974.544,0.110
1974.547,0.088
1974.549,-0.110
1974.552,-0.141
1974.555,0.002
1974.557,0.096
1974.560,0.014
1974.563,-0.094
1974.566,-0.104
1974.568,-0.050
1974.571,0.093
1974.574,0.167
1974.577,0.114
1974.579,0.353
1974.582,0.317
1974.585,0.270
1974.588,0.240
1974.590,0.209
1974.593,0.200
1974.596,0.342
1974.599,0.343
1974.601,0.361
1974.604,0.329
1974.607,0.309
1974.610,0.069
1974.612,0.288
1974.615,0.213
1974.618,0.287
1974.621,-0.058
1974.623,-0.230
1974.626,-0.328
1974.629,-0.325
1974.631,-0.166
1974.634,0.120
1974.637,0.120
1974.640,0.181
1974.642,0.203
1974.645,0.104
1974.648,0.169
1974.651,0.161
1974.653,0.032
1974.656,-0.081
1974.659,-0.057
1974.662,-0.064
1974.664,-0.234
1974.667,-0.586
1974.670,-0.681
1974.673,-0.739
1974.675,-0.822
1974.678,-0.881
1974.681,-0.804
1974.684,-0.522
1974.686,-0.215
1974.689,-0.147
1974.692,-0.140
1974.695,0.067
1974.697,0.143
1974.700,-0.088
1974.703,-0.117
1974.705,-0.357
1974.708,-0.331
1974.711,-0.305
1974.714,-0.484
1974.716,-0.509
1974.719,-0.622
1974.722,-0.521
1974.725,-0.487
1974.727,-0.358
1974.730,-0.225
1974.733,-0.042
1974.736,-0.081
1974.738,-0.160
1974.741,-0.145
1974.744,-0.243
1974.747,-0.523
1974.749,-0.562
1974.752,-0.472
1974.755,-0.413
1974.758,-0.448
1974.760,-0.333
1974.763,-0.328
1974.766,-0.205
1974.768,-0.013
1974.771,0.115
1974.774,0.246
1974.777,0.102
1974.779,0.180
1974.782,0.025
1974.785,-0.276
1974.788,-0.535
1974.790,-0.463
1974.793,-0.713
1974.796,-0.787
1974.799,-0.744
1974.801,-0.653
1974.804,-0.521
1974.807,-0.224
1974.810,0.034
1974.812,-0.139
1974.815,-0.151
1974.818,0.042
1974.821,0.115
1974.823,0.072
1974.826,0.176
1974.829,-0.009
1974.832,-0.107
1974.834,-0.204
1974.837,-0.033
1974.840,0.092
1974.842,-0.106
1974.845,-0.461
1974.848,-0.794
1974.851,-0.902
1974.853,-0.959
1974.856,-0.824
1974.859,-0.598
1974.862,-0.436
1974.864,-0.476
1974.867,-0.269
1974.870,-0.155
1974.873,-0.020
1974.875,0.019
1974.878,-0.063
1974.881,-0.199
1974.884,-0.039
1974.886,-0.017
1974.889,0.092
1974.892,-0.086
1974.895,-0.089
1974.897,-0.073
1974.900,-0.345
1974.903,-0.591
1974.906,-0.668
1974.908,-0.710
1974.911,-1.008
1974.914,-0.944
1974.916,-0.729
1974.919,-0.779
1974.922,-0.809
1974.925,-0.773
1974.927,-0.689
1974.930,-0.589
1974.933,-0.549
1974.936,-0.532
1974.938,-0.481
1974.941,-0.656
1974.944,-0.525
1974.947,-0.503
1974.949,-0.316
1974.952,-0.206
1974.955,-0.224
1974.958,-0.221
1974.960,-0.175
1974.963,-0.202
1974.966,-0.156
1974.969,-0.202
1974.971,-0.159
1974.974,-0.101
1974.977,-0.057
1974.979,-0.133
1974.982,-0.179
1974.985,-0.070
1974.988,0.154
1974.990,0.104
1974.993,0.398
1974.996,0.542
1974.999,0.487
1975.001,0.469
1975.004,0.357
1975.007,0.180
1975.010,0.190
1975.012,0.326
1975.015,0.706
1975.018,0.752
1975.021,0.684
1975.023,0.517
1975.026,0.330
1975.029,-0.001
1975.031,-0.123
1975.034,-0.173
1975.037,-0.152
1975.040,0.001
1975.042,0.330
1975.045,0.482
1975.048,0.742
1975.051,0.722
1975.053,0.388
1975.056,0.262
1975.059,0.132
1975.062,0.198
1975.064,0.409
1975.067,0.593
1975.070,0.432
1975.073,0.214
1975.075,0.138
1975.078,0.292
1975.081,0.307
1975.084,0.292
1975.086,-0.055
1975.089,-0.128
1975.092,-0.104
1975.094,0.018
1975.097,0.219
1975.100,0.242
1975.103,0.046
1975.105,-0.059
1975.108,-0.139
1975.111,-0.213
1975.114,-0.209
1975.116,-0.395
1975.119,-0.257
1975.122,0.029
1975.125,0.190
1975.127,0.357
1975.130,0.300
1975.133,0.311
1975.136,0.347
1975.138,0.277
1975.141,0.436
1975.144,0.417
1975.147,0.468
1975.149,0.588
1975.152,0.717
1975.155,0.789
1975.158,0.911
1975.160,0.853
1975.163,0.989
1975.166,0.696
1975.168,0.578
1975.171,0.515
1975.174,0.773
1975.177,0.826
1975.179,0.868
1975.182,0.621
1975.185,0.281
1975.188,0.170
1975.190,0.332
1975.193,0.463
1975.196,0.469
1975.199,0.264
1975.201,0.294
1975.204,0.504
1975.207,0.663
1975.210,0.642
1975.212,0.382
1975.215,0.308
1975.218,0.059
1975.221,0.040
1975.223,0.231
1975.226,0.577
1975.229,0.855
1975.232,0.758
1975.234,0.653
1975.237,0.727
1975.240,0.554
1975.242,0.402
1975.245,0.289
1975.248,0.167
1975.251,0.079
1975.253,0.456
1975.256,0.509
1975.259,0.323
1975.262,0.482
1975.264,0.313
1975.267,0.433
1975.270,0.549
1975.273,0.746
1975.275,0.640
1975.278,0.557
1975.281,0.502
1975.284,0.446
1975.286,0.513
1975.289,0.720
1975.292,0.807
1975.295,0.853
1975.297,0.761
1975.300,0.686
1975.303,0.502
1975.305,0.342
1975.308,0.382
1975.311,0.535
1975.314,0.545
1975.316,0.414
1975.319,0.324
1975.322,0.345
1975.325,0.512
1975.327,0.619
1975.330,0.727
1975.333,0.873
1975.336,0.532
1975.338,0.598
1975.341,0.639
1975.344,0.843
1975.347,1.003
1975.349,1.008
1975.352,1.081
1975.355,0.944
1975.358,0.890
1975.360,0.560
1975.363,0.352
1975.366,0.316
1975.369,0.054
1975.371,0.253
1975.374,0.482
1975.377,0.362
1975.379,0.473
1975.382,0.506
1975.385,0.407
1975.388,0.354
1975.390,0.336
1975.393,0.334
1975.396,0.300
1975.399,0.355
1975.401,0.639
1975.404,0.513
1975.407,0.594
1975.410,0.350
1975.412,0.373
1975.415,0.373
1975.418,0.316
1975.421,0.163
1975.423,0.211
1975.426,0.160
1975.429,0.123
1975.432,-0.095
1975.434,-0.308
1975.437,-0.240
1975.440,-0.153
1975.443,0.059
1975.445,0.062
1975.448,0.073
1975.451,-0.026
1975.453,-0.059
1975.456,-0.067
1975.459,0.057
1975.462,0.201
1975.464,0.393
1975.467,0.303
1975.470,0.030
1975.473,0.006
1975.475,0.312
1975.478,0.353
1975.481,0.137
1975.484,0.363
1975.486,0.646
1975.489,0.557
1975.492,0.304
1975.495,0.289
1975.497,0.366
1975.500,0.471
1975.503,0.621
1975.505,0.567
1975.508,0.429
1975.511,0.231
1975.514,0.152
1975.516,0.243
1975.519,0.267
1975.522,0.422
1975.525,0.202
1975.527,0.022
1975.530,0.042
1975.533,0.333
1975.536,0.075
1975.538,-0.443
1975.541,-0.630
1975.544,-0.656
1975.547,-0.435
1975.549,-0.465
1975.552,-0.640
1975.555,-0.509
1975.557,-0.255
1975.560,-0.284
1975.563,-0.229
1975.566,-0.305
1975.568,-0.082
1975.571,0.166
1975.574,0.286
1975.577,0.369
1975.579,0.205
1975.582,-0.015
1975.585,-0.174
1975.588,-0.232
1975.590,-0.332
1975.593,-0.214
1975.596,-0.289
1975.599,-0.345
1975.601,-0.433
1975.604,-0.417
1975.607,-0.291
1975.610,-0.379
1975.612,-0.510
1975.615,-0.686
1975.618,-0.708
1975.621,-0.919
1975.623,-0.560
1975.626,-0.033
1975.629,-0.283
1975.631,-0.161
1975.634,-0.074
1975.637,-0.121
1975.640,-0.194
1975.642,-0.511
1975.645,-0.488
1975.648,-0.407
1975.651,-0.178
1975.653,-0.161
1975.656,-0.397
1975.659,-0.044
1975.662,-0.454
1975.664,-0.584
1975.667,-0.499
1975.670,-0.446
1975.673,-0.395
1975.675,-0.295
1975.678,-0.097
1975.681,-0.182
1975.684,-0.315
1975.686,-0.341
1975.689,-0.313
1975.692,0.022
1975.695,0.057
1975.697,0.144
1975.700,0.006
1975.703,-0.243
1975.705,-0.167
1975.708,0.056
1975.711,0.268
1975.714,0.493
1975.716,0.405
1975.719,0.179
1975.722,0.076
1975.725,-0.089
1975.727,-0.132
1975.730,-0.131
1975.733,0.014
1975.736,0.129
1975.738,0.336
1975.741,0.568
1975.744,0.550
1975.747,0.286
1975.749,0.298
1975.752,0.129
1975.755,-0.019
1975.758,0.015
1975.760,0.106
1975.763,0.098
1975.766,0.022
1975.768,-0.025
1975.771,-0.087
1975.774,-0.111
1975.777,-0.092
1975.779,-0.100
1975.782,-0.004
1975.785,-0.030
1975.788,-0.019
1975.790,0.130
1975.793,0.373
1975.796,0.437
1975.799,0.122
1975.801,-0.097
1975.804,-0.077
1975.807,-0.050
1975.810,-0.272
1975.812,-0.435
1975.815,-0.411
1975.818,-0.158
1975.821,-0.332
1975.823,-0.313
1975.826,-0.413
1975.829,-0.402
1975.832,-0.365
1975.834,-0.177
1975.837,-0.217
1975.840,-0.045
1975.842,-0.130
1975.845,-0.330
1975.848,-0.491
1975.851,-0.158
1975.853,-0.082
1975.856,-0.336
1975.859,-0.200
1975.862,-0.082
1975.864,-0.144
1975.867,-0.237
1975.870,-0.121
1975.873,-0.171
1975.875,-0.232
1975.878,-0.384
1975.881,-0.522
1975.884,-0.537
1975.886,-0.579
1975.889,-0.513
1975.892,-0.578
1975.895,-0.665
1975.897,-0.472
1975.900,-0.255
1975.903,-0.257
1975.906,-0.268
1975.908,-0.268
1975.911,-0.451
1975.914,-0.720
1975.916,-0.811
1975.919,-0.859
1975.922,-0.771
1975.925,-0.792
1975.927,-0.740
1975.930,-0.810
1975.933,-0.846
1975.936,-0.791
1975.938,-0.708
1975.941,-0.778
1975.944,-0.819
1975.947,-1.008
1975.949,-1.000
1975.952,-0.898
1975.955,-0.699
1975.958,-0.463
1975.960,-0.418
1975.963,-0.191
1975.966,-0.016
1975.969,0.141
1975.971,0.050
1975.974,0.328
1975.977,0.468
1975.979,0.413
1975.982,0.698
1975.985,1.022
1975.988,1.156
1975.990,1.084
1975.993,1.185
1975.996,1.235
1975.999,1.175
1976.001,0.992
1976.004,0.702
1976.007,0.483
1976.010,0.122
1976.012,-0.082
1976.015,-0.112
1976.018,-0.183
1976.021,-0.332
1976.023,-0.157
1976.026,0.046
1976.029,0.183
1976.031,0.262
1976.034,0.203
1976.037,0.115
1976.040,0.032
1976.042,0.062
1976.045,0.123
1976.048,-0.165
1976.051,-0.298
1976.053,-0.231
1976.056,-0.160
1976.059,0.003
1976.062,0.084
1976.064,0.114
1976.067,0.280
1976.070,0.150
1976.072,0.250
1976.075,0.505
1976.078,0.807
1976.081,0.829
1976.083,0.666
1976.086,0.355
1976.089,0.002
1976.092,-0.301
1976.094,-0.411
1976.097,-0.522
1976.100,-0.572
1976.102,-0.652
1976.105,-0.457
1976.108,-0.343
1976.111,-0.295
1976.113,-0.595
1976.116,-0.556
1976.119,-0.191
1976.122,-0.206
1976.124,-0.173
1976.127,0.015
1976.130,0.110
1976.133,-0.009
1976.135,0.007
1976.138,-0.015
1976.141,-0.020
1976.143,-0.115
1976.146,-0.460
1976.149,-0.541
1976.152,-0.323
1976.154,-0.175
1976.157,-0.051
1976.160,-0.098
1976.163,-0.292
1976.165,-0.410
1976.168,-0.370
1976.171,-0.265
1976.173,-0.246
1976.176,-0.122
1976.179,-0.266
1976.182,-0.357
1976.184,-0.599
1976.187,-0.678
1976.190,-0.900
1976.193,-1.041
1976.195,-1.459
1976.198,-1.488
1976.201,-1.313
1976.203,-0.998
1976.206,-0.862
1976.209,-0.829
1976.212,-0.832
1976.214,-0.759
1976.217,-0.752
1976.220,-0.976
1976.223,-0.992
1976.225,-0.722
1976.228,-0.581
1976.231,-0.607
1976.234,-0.650
1976.236,-0.727
1976.239,-0.964
1976.242,-0.711
1976.245,-0.451
1976.247,-0.278
1976.250,-0.158
1976.253,0.009
1976.255,0.061
1976.258,0.068
1976.261,0.168
1976.264,0.222
1976.266,0.178
1976.269,0.101
1976.272,0.139
1976.275,0.178
1976.277,0.126
1976.280,0.019
1976.283,0.073
1976.286,0.100
1976.288,-0.014
1976.291,-0.107
1976.294,0.118
1976.297,0.119
1976.299,0.025
1976.302,0.139
1976.305,-0.079
1976.307,-0.094
1976.310,-0.085
1976.313,0.072
1976.316,0.374
1976.318,0.085
1976.321,0.085
1976.324,0.118
1976.327,-0.048
1976.329,-0.220
1976.332,-0.257
1976.335,-0.106
1976.337,-0.295
1976.340,-0.374
1976.343,-0.201
1976.346,-0.176
1976.348,-0.049
1976.351,0.039
1976.354,-0.063
1976.357,0.007
1976.359,-0.202
1976.362,-0.210
1976.365,0.172
1976.367,0.352
1976.370,0.257
1976.373,0.045
1976.376,-0.097
1976.378,-0.518
1976.381,-0.815
1976.384,-0.748
1976.387,-0.688
1976.389,-0.565
1976.392,-0.703
1976.395,-0.707
1976.398,-0.609
1976.400,-0.473
1976.403,-0.564
1976.406,-0.576
1976.408,-0.298
1976.411,-0.204
1976.414,-0.181
1976.417,-0.019
1976.419,-0.251
1976.422,-0.442
1976.425,-0.333
1976.428,-0.333
1976.430,-0.371
1976.433,-0.217
1976.436,-0.117
1976.438,-0.334
1976.441,-0.388
1976.444,-0.558
1976.447,-0.606
1976.449,-0.670
1976.452,-0.545
1976.455,-0.474
1976.458,-0.599
1976.460,-0.592
1976.463,-0.409
1976.466,-0.307
1976.469,-0.227
1976.471,-0.179
1976.474,-0.162
1976.477,-0.010
1976.479,-0.002
1976.482,0.073
1976.485,-0.083
1976.488,-0.090
1976.490,-0.057
1976.493,0.019
1976.496,-0.063
1976.499,-0.048
1976.501,-0.100
1976.504,0.036
1976.507,0.009
1976.510,-0.002
1976.512,0.025
1976.515,-0.119
1976.518,-0.258
1976.521,-0.564
1976.523,-0.676
1976.526,-0.525
1976.529,-0.409
1976.531,-0.292
1976.534,-0.285
1976.537,-0.297
1976.540,-0.306
1976.542,-0.457
1976.545,-0.330
1976.548,-0.231
1976.551,-0.125
1976.553,-0.326
1976.556,-0.291
1976.559,-0.091
1976.562,0.175
1976.564,0.119
1976.567,0.204
1976.570,0.231
1976.572,0.300
1976.575,0.370
1976.578,0.153
1976.581,0.182
1976.583,-0.020
1976.586,-0.300
1976.589,-0.323
1976.592,-0.351
1976.594,-0.409
1976.597,-0.477
1976.600,-0.494
1976.602,-0.431
1976.605,-0.228
1976.608,-0.177
1976.611,0.036
1976.613,-0.071
1976.616,-0.142
1976.619,-0.264
1976.622,-0.487
1976.624,-0.600
1976.627,-0.318
1976.630,-0.429
1976.633,-0.387
1976.635,-0.367
1976.638,-0.309
1976.641,-0.239
1976.643,-0.295
1976.646,-0.264
1976.649,-0.381
1976.652,-0.316
1976.654,-0.378
1976.657,-0.501
1976.660,-0.405
1976.663,-0.359
1976.665,-0.378
1976.668,-0.331
1976.671,0.014
1976.673,0.025
1976.676,0.183
1976.679,0.082
1976.682,-0.038
1976.684,-0.175
1976.687,-0.452
1976.690,-0.552
1976.693,-0.596
1976.695,-0.579
1976.698,-0.333
1976.701,-0.138
1976.703,0.141
1976.706,0.106
1976.709,0.140
1976.712,0.251
1976.714,0.176
1976.717,0.196
1976.720,-0.054
1976.723,-0.245
1976.725,-0.373
1976.728,-0.398
1976.731,-0.234
1976.734,-0.124
1976.736,-0.140
1976.739,-0.163
1976.742,-0.261
1976.745,-0.308
1976.747,-0.166
1976.750,-0.239
1976.753,-0.311
1976.755,-0.311
1976.758,-0.444
1976.761,-0.709
1976.764,-0.676
1976.766,-0.410
1976.769,-0.560
1976.772,-0.749
1976.775,-0.660
1976.777,-0.584
1976.780,-0.246
1976.783,-0.063
1976.786,-0.309
1976.788,-0.375
1976.791,-0.635
1976.794,-1.039
1976.797,-1.286
1976.799,-1.220
1976.802,-1.356
1976.805,-1.278
1976.807,-1.116
1976.810,-1.152
1976.813,-1.124
1976.816,-1.152
1976.818,-0.962
1976.821,-0.860
1976.824,-0.904
1976.827,-0.842
1976.829,-0.935
1976.832,-1.007
1976.835,-0.872
1976.837,-1.016
1976.840,-0.920
1976.843,-1.039
1976.846,-1.087
1976.848,-1.131
1976.851,-0.720
1976.854,-0.559
1976.857,-0.392
1976.859,-0.561
1976.862,-0.624
1976.865,-0.601
1976.867,-0.616
1976.870,-0.381
1976.873,-0.308
1976.876,-0.153
1976.878,-0.120
1976.881,-0.178
1976.884,-0.241
1976.887,-0.457
1976.889,-0.578
1976.892,-0.517
1976.895,-0.198
1976.898,0.134
1976.900,0.018
1976.903,-0.323
1976.906,-0.375
1976.908,-0.650
1976.911,-0.826
1976.914,-0.726
1976.917,-0.224
1976.919,0.209
1976.922,0.167
1976.925,0.080
1976.928,-0.243
1976.930,-0.255
1976.933,-0.083
1976.936,-0.266
1976.938,-0.381
1976.941,-0.283
1976.944,-0.044
1976.947,-0.013
1976.949,0.103
1976.952,0.408
1976.955,0.487
1976.958,0.532
1976.960,0.479
1976.963,0.210
1976.966,-0.091
1976.969,-0.308
1976.971,-0.573
1976.974,-0.681
1976.977,-0.556
1976.979,-0.276
1976.982,-0.237
1976.985,-0.198
1976.988,-0.252
1976.990,-0.201
1976.993,-0.319
1976.996,-0.286
1976.999,-0.517
1977.001,-0.797
1977.004,-0.797
1977.007,-0.643
1977.010,-0.324
1977.012,-0.097
1977.015,-0.096
1977.018,0.033
1977.021,0.199
1977.023,0.032
1977.026,-0.001
1977.029,0.131
1977.031,0.101
1977.034,0.050
1977.037,0.047
1977.040,-0.129
1977.042,-0.294
1977.045,-0.245
1977.048,-0.042
1977.051,-0.141
1977.053,-0.093
1977.056,-0.200
1977.059,-0.171
1977.062,-0.148
1977.064,-0.136
1977.067,-0.129
1977.070,-0.016
1977.073,-0.495
1977.075,-0.695
1977.078,-0.811
1977.081,-0.820
1977.084,-0.675
1977.086,-0.567
1977.089,-0.299
1977.092,-0.173
1977.094,-0.233
1977.097,-0.308
1977.100,-0.541
1977.103,-0.340
1977.105,-0.344
1977.108,-0.130
1977.111,0.099
1977.114,0.339
1977.116,0.499
1977.119,0.524
1977.122,0.547
1977.125,0.694
1977.127,0.613
1977.130,0.729
1977.133,0.956
1977.136,1.061
1977.138,0.914
1977.141,0.782
1977.144,0.722
1977.147,0.487
1977.149,0.423
1977.152,0.302
1977.155,0.084
1977.158,-0.014
1977.160,0.011
1977.163,-0.204
1977.166,-0.210
1977.168,-0.035
1977.171,0.114
1977.174,0.408
1977.177,0.794
1977.179,1.022
1977.182,1.140
1977.185,1.188
1977.188,1.034
1977.190,1.149
1977.193,1.229
1977.196,1.150
1977.199,1.198
1977.201,1.048
1977.204,0.863
1977.207,0.754
1977.210,0.408
1977.212,-0.096
1977.215,-0.465
1977.218,-0.348
1977.221,-0.356
1977.223,-0.139
1977.226,0.165
1977.229,0.603
1977.232,0.829
1977.234,0.979
1977.237,0.975
1977.240,0.741
1977.242,0.690
1977.245,0.382
1977.248,-0.107
1977.251,0.062
1977.253,0.347
1977.256,0.354
1977.259,0.621
1977.262,0.724
1977.264,0.720
1977.267,0.693
1977.270,0.725
1977.273,0.812
1977.275,0.942
1977.278,0.884
1977.281,1.103
1977.284,0.972
1977.286,1.179
1977.289,1.245
1977.292,1.017
1977.295,0.850
1977.297,0.633
1977.300,0.648
1977.303,0.691
1977.305,0.908
1977.308,0.903
1977.311,0.804
1977.314,0.663
1977.316,0.612
1977.319,0.545
1977.322,0.722
1977.325,0.452
1977.327,0.231
1977.330,0.513
1977.333,0.477
1977.336,0.582
1977.338,0.502
1977.341,0.430
1977.344,0.371
1977.347,0.357
1977.349,0.391
1977.352,0.656
1977.355,0.953
1977.358,1.125
1977.360,0.985
1977.363,0.734
1977.366,0.868
1977.369,0.927
1977.371,0.650
1977.374,0.398
1977.377,0.369
1977.379,0.462
1977.382,0.456
1977.385,0.380
1977.388,0.426
1977.390,0.437
1977.393,0.595
1977.396,0.881
1977.399,0.913
1977.401,0.876
1977.404,0.562
1977.407,0.313
1977.410,0.411
1977.412,0.287
1977.415,0.515
1977.418,0.408
1977.421,0.447
1977.423,0.540
1977.426,0.817
1977.429,0.864
1977.432,0.891
1977.434,0.814
1977.437,0.717
1977.440,0.572
1977.443,0.662
1977.445,0.710
1977.448,0.563
1977.451,0.650
1977.453,0.809
1977.456,0.842
1977.459,1.006
1977.462,0.636
1977.464,0.398
1977.467,0.451
1977.470,0.491
1977.473,0.247
1977.475,0.196
1977.478,0.367
1977.481,0.487
1977.484,0.231
1977.486,0.116
1977.489,0.128
1977.492,-0.017
1977.495,-0.237
1977.497,-0.211
1977.500,-0.224
1977.503,-0.037
1977.505,0.264
1977.508,0.289
1977.511,0.356
1977.514,0.110
1977.516,0.136
1977.519,0.281
1977.522,0.697
1977.525,0.725
1977.527,0.659
1977.530,0.708
1977.533,0.656
1977.536,0.480
1977.538,0.200
1977.541,0.307
1977.544,0.186
1977.547,0.328
1977.549,0.393
1977.552,0.484
1977.555,0.523
1977.557,0.448
1977.560,0.352
1977.563,0.313
1977.566,0.373
1977.568,0.576
1977.571,0.536
1977.574,0.431
1977.577,0.424
1977.579,0.459
1977.582,0.635
1977.585,0.435
1977.588,0.459
1977.590,0.519
1977.593,0.577
1977.596,0.723
1977.599,0.710
1977.601,0.531
1977.604,0.521
1977.607,0.411
1977.610,0.274
1977.612,-0.026
1977.615,-0.214
1977.618,-0.361
1977.621,-0.326
1977.623,-0.117
1977.626,-0.005
1977.629,0.138
1977.631,0.225
1977.634,0.197
1977.637,-0.030
1977.640,0.000
1977.642,0.102
1977.645,-0.079
1977.648,0.123
1977.651,0.247
1977.653,0.342
1977.656,0.431
1977.659,0.179
1977.662,-0.053
1977.664,-0.265
1977.667,-0.258
1977.670,-0.307
1977.673,-0.350
1977.675,-0.286
1977.678,-0.211
1977.681,-0.193
1977.684,-0.292
1977.686,-0.215
1977.689,-0.149
1977.692,-0.184
1977.695,-0.236
1977.697,-0.148
1977.700,-0.317
1977.703,-0.458
1977.705,-0.409
1977.708,-0.274
1977.711,-0.240
1977.714,-0.459
1977.716,-0.468
1977.719,-0.372
1977.722,-0.407
1977.725,-0.050
1977.727,0.029
1977.730,-0.062
1977.733,-0.016
1977.736,-0.008
1977.738,0.045
1977.741,-0.097
1977.744,-0.339
1977.747,-0.300
1977.749,-0.344
1977.752,-0.329
1977.755,-0.346
1977.758,-0.418
1977.760,-0.291
1977.763,-0.169
1977.766,-0.473
1977.768,-0.679
1977.771,-0.612
1977.774,-0.499
1977.777,-0.563
1977.779,-0.454
1977.782,-0.102
1977.785,-0.156
1977.788,-0.168
1977.790,-0.369
1977.793,-0.369
1977.796,-0.091
1977.799,-0.002
1977.801,-0.047
1977.804,-0.211
1977.807,-0.228
1977.810,-0.342
1977.812,-0.423
1977.815,-0.315
1977.818,0.090
1977.821,0.268
1977.823,0.407
1977.826,0.513
1977.829,0.354
1977.832,0.106
1977.834,0.042
1977.837,0.019
1977.840,0.126
1977.842,0.269
1977.845,0.254
1977.848,0.329
1977.851,0.373
1977.853,0.158
1977.856,-0.164
1977.859,-0.333
1977.862,-0.120
1977.864,-0.014
1977.867,0.123
1977.870,0.352
1977.873,0.671
1977.875,1.015
1977.878,0.857
1977.881,0.568
1977.884,0.456
1977.886,0.326
1977.889,0.284
1977.892,0.260
1977.895,0.324
1977.897,0.394
1977.900,0.393
1977.903,0.343
1977.906,0.256
1977.908,0.164
1977.911,0.323
1977.914,0.459
1977.916,0.350
1977.919,0.368
1977.922,0.417
1977.925,0.187
1977.927,-0.199
1977.930,-0.534
1977.933,-0.581
1977.936,-0.670
1977.938,-0.871
1977.941,-1.004
1977.944,-0.871
1977.947,-0.578
1977.949,-0.362
1977.952,0.122
1977.955,0.311
1977.958,0.435
1977.960,0.334
1977.963,0.442
1977.966,0.624
1977.969,0.505
1977.971,0.314
1977.974,0.255
1977.977,0.182
1977.979,-0.026
1977.982,-0.143
1977.985,-0.220
1977.988,-0.317
1977.990,-0.295
1977.993,-0.107
1977.996,0.104
1977.999,0.161
1978.001,0.014
1978.004,0.048
1978.007,0.362
1978.010,0.343
1978.012,0.248
1978.015,0.174
1978.018,0.154
1978.021,0.237
1978.023,0.078
1978.026,-0.079
1978.029,-0.121
1978.031,-0.045
1978.034,0.172
1978.037,0.319
1978.040,0.080
1978.042,-0.307
1978.045,-0.380
1978.048,-0.218
1978.051,0.058
1978.053,-0.008
1978.056,-0.095
1978.059,-0.015
1978.062,-0.075
1978.064,0.033
1978.067,0.092
1978.070,-0.130
1978.073,-0.303
1978.075,-0.272
1978.078,-0.179
1978.081,-0.183
1978.084,-0.328
1978.086,-0.308
1978.089,-0.282
1978.092,-0.600
1978.094,-0.550
1978.097,-0.313
1978.100,-0.049
1978.103,-0.183
1978.105,-0.422
1978.108,-0.569
1978.111,-0.410
1978.114,-0.324
1978.116,-0.165
1978.119,0.141
1978.122,0.249
1978.125,0.224
1978.127,0.230
1978.130,0.400
1978.133,0.580
1978.136,0.844
1978.138,0.949
1978.141,0.956
1978.144,0.965
1978.147,0.999
1978.149,0.889
1978.152,0.909
1978.155,0.864
1978.158,0.856
1978.160,0.671
1978.163,0.318
1978.166,0.201
1978.168,-0.101
1978.171,-0.443
1978.174,-0.344
1978.177,-0.298
1978.179,-0.160
1978.182,-0.029
1978.185,-0.042
1978.188,0.342
1978.190,0.535
1978.193,0.412
1978.196,0.305
1978.199,0.337
1978.201,0.455
1978.204,0.626
1978.207,0.587
1978.210,0.707
1978.212,0.746
1978.215,0.746
1978.218,0.814
1978.221,0.651
1978.223,0.615
1978.226,0.461
1978.229,0.486
1978.232,0.668
1978.234,0.865
1978.237,0.953
1978.240,0.994
1978.242,0.674
1978.245,0.660
1978.248,0.459
1978.251,0.646
1978.253,0.775
1978.256,1.027
1978.259,0.985
1978.262,0.812
1978.264,0.792
1978.267,0.698
1978.270,0.681
1978.273,1.033
1978.275,1.178
1978.278,0.968
1978.281,0.881
1978.284,0.543
1978.286,0.359
1978.289,0.439
1978.292,0.530
1978.295,0.678
1978.297,0.531
1978.300,0.174
1978.303,0.405
1978.305,0.510
1978.308,0.573
1978.311,0.908
1978.314,1.028
1978.316,0.777
1978.319,0.511
1978.322,0.411
1978.325,0.261
1978.327,0.346
1978.330,0.380
1978.333,0.125
1978.336,-0.087
1978.338,-0.036
1978.341,0.165
1978.344,0.398
1978.347,0.327
1978.349,0.116
1978.352,0.036
1978.355,-0.157
1978.358,-0.039
1978.360,0.115
1978.363,0.210
1978.366,0.280
1978.369,0.465
1978.371,0.291
1978.374,0.003
1978.377,0.110
1978.379,0.395
1978.382,0.563
1978.385,0.520
1978.388,0.275
1978.390,-0.038
1978.393,-0.299
1978.396,0.014
1978.399,0.091
1978.401,0.343
1978.404,0.502
1978.407,0.417
1978.410,0.373
1978.412,0.161
1978.415,0.128
1978.418,-0.065
1978.421,-0.220
1978.423,-0.182
1978.426,-0.276
1978.429,-0.056
1978.432,-0.048
1978.434,-0.203
1978.437,-0.404
1978.440,-0.570
1978.443,-0.407
1978.445,-0.389
1978.448,-0.467
1978.451,-0.527
1978.453,-0.404
1978.456,-0.288
1978.459,-0.098
1978.462,0.043
1978.464,-0.188
1978.467,-0.328
1978.470,-0.068
1978.473,-0.014
1978.475,-0.121
1978.478,-0.131
1978.481,-0.219
1978.484,0.033
1978.486,0.259
1978.489,0.257
1978.492,0.328
1978.495,0.072
1978.497,-0.117
1978.500,-0.306
1978.503,-0.372
1978.505,-0.236
1978.508,-0.088
1978.511,-0.056
1978.514,-0.125
1978.516,-0.043
1978.519,-0.002
1978.522,0.022
1978.525,-0.118
1978.527,-0.045
1978.530,-0.006
1978.533,0.336
1978.536,0.495
1978.538,0.469
1978.541,0.369
1978.544,0.236
1978.547,0.421
1978.549,0.414
1978.552,0.314
1978.555,0.453
1978.557,0.235
1978.560,0.293
1978.563,0.322
1978.566,0.112
1978.568,-0.183
1978.571,-0.223
1978.574,-0.336
1978.577,-0.318
1978.579,-0.583
1978.582,-0.553
1978.585,-0.416
1978.588,-0.399
1978.590,-0.580
1978.593,-0.468
1978.596,-0.188
1978.599,-0.136
1978.601,-0.050
1978.604,-0.174
1978.607,-0.178
1978.610,-0.392
1978.612,-0.580
1978.615,-0.771
1978.618,-0.872
1978.621,-0.809
1978.623,-0.803
1978.626,-0.699
1978.629,-0.570
1978.631,-0.933
1978.634,-0.996
1978.637,-0.716
1978.640,-0.721
1978.642,-0.758
1978.645,-0.859
1978.648,-0.713
1978.651,-0.608
1978.653,-0.636
1978.656,-0.439
1978.659,-0.377
1978.662,-0.469
1978.664,-0.388
1978.667,-0.227
1978.670,-0.066
1978.673,0.027
1978.675,-0.146
1978.678,-0.275
1978.681,-0.303
1978.684,-0.464
1978.686,-0.551
1978.689,-0.380
1978.692,-0.004
1978.695,0.330
1978.697,0.065
1978.700,-0.190
1978.703,-0.320
1978.705,-0.373
1978.708,-0.345
1978.711,-0.384
1978.714,-0.504
1978.716,-0.234
1978.719,-0.085
1978.722,0.073
1978.725,0.190
1978.727,0.055
1978.730,-0.095
1978.733,0.170
1978.736,0.109
1978.738,0.047
1978.741,-0.099
1978.744,0.016
1978.747,0.060
1978.749,0.025
1978.752,-0.196
1978.755,-0.358
1978.758,-0.432
1978.760,-0.439
1978.763,-0.157
1978.766,-0.072
1978.768,-0.102
1978.771,-0.051
1978.774,-0.025
1978.777,-0.061
1978.779,-0.037
1978.782,-0.008
1978.785,-0.154
1978.788,-0.009
1978.790,-0.029
1978.793,-0.066
1978.796,-0.058
1978.799,-0.204
1978.801,-0.138
1978.804,0.031
1978.807,0.347
1978.810,0.382
1978.812,0.304
1978.815,0.119
1978.818,0.022
1978.821,-0.028
1978.823,0.037
1978.826,0.200
1978.829,0.460
1978.832,0.798
1978.834,0.843
1978.837,0.737
1978.840,0.554
1978.842,0.434
1978.845,0.535
1978.848,0.515
1978.851,0.530
1978.853,0.472
1978.856,0.153
1978.859,-0.072
1978.862,-0.247
1978.864,-0.301
1978.867,-0.038
1978.870,0.042
1978.873,-0.044
1978.875,-0.048
1978.878,-0.007
1978.881,-0.206
1978.884,-0.435
1978.886,-0.371
1978.889,-0.244
1978.892,0.210
1978.895,0.447
1978.897,0.599
1978.900,0.333
1978.903,0.018
1978.906,-0.297
1978.908,-0.222
1978.911,-0.303
1978.914,-0.510
1978.916,-0.593
1978.919,-0.323
1978.922,-0.142
1978.925,-0.073
1978.927,-0.157
1978.930,-0.285
1978.933,-0.030
1978.936,0.158
1978.938,-0.082
1978.941,-0.192
1978.944,-0.254
1978.947,-0.081
1978.949,-0.224
1978.952,-0.259
1978.955,-0.033
1978.958,-0.032
1978.960,-0.105
1978.963,-0.099
1978.966,0.082
1978.969,0.210
1978.971,0.012
1978.974,-0.146
1978.977,-0.095
1978.979,0.046
1978.982,0.240
1978.985,0.160
1978.988,-0.013
1978.990,0.048
1978.993,0.061
1978.996,-0.086
1978.999,-0.067
1979.001,-0.003
1979.004,-0.035
1979.007,-0.163
1979.010,-0.371
1979.012,-0.283
1979.015,-0.159
1979.018,-0.146
1979.021,-0.276
1979.023,-0.317
1979.026,-0.248
1979.029,-0.173
1979.031,0.103
1979.034,0.160
1979.037,0.035
1979.040,-0.147
1979.042,0.039
1979.045,0.399
1979.048,0.356
1979.051,0.376
1979.053,0.525
1979.056,0.447
1979.059,0.321
1979.062,0.109
1979.064,0.198
1979.067,0.127
1979.070,-0.065
1979.073,-0.106
1979.075,-0.381
1979.078,-0.668
1979.081,-1.003
1979.084,-1.105
1979.086,-1.070
1979.089,-0.921
1979.092,-0.968
1979.094,-0.938
1979.097,-0.777
1979.100,-0.573
1979.103,-0.418
1979.105,-0.298
1979.108,-0.257
1979.111,-0.122
1979.114,-0.101
1979.116,-0.210
1979.119,-0.298
1979.122,-0.207
1979.125,-0.180
1979.127,-0.443
1979.130,-0.652
1979.133,-0.341
1979.136,-0.120
1979.138,-0.092
1979.141,-0.123
1979.144,-0.404
1979.147,-0.471
1979.149,-0.515
1979.152,-0.440
1979.155,-0.246
1979.158,-0.250
1979.160,-0.242
1979.163,-0.453
1979.166,-0.125
1979.168,0.334
1979.171,0.249
1979.174,0.199
1979.177,0.362
1979.179,0.383
1979.182,0.178
1979.185,0.048
1979.188,-0.237
1979.190,-0.369
1979.193,-0.439
1979.196,-0.204
1979.199,0.121
1979.201,0.207
1979.204,0.193
1979.207,0.179
1979.210,0.433
1979.212,0.717
1979.215,0.876
1979.218,1.063
1979.221,1.202
1979.223,1.149
1979.226,0.853
1979.229,0.428
1979.232,0.435
1979.234,0.469
1979.237,0.471
1979.240,0.556
1979.242,0.431
1979.245,0.304
1979.248,0.188
1979.251,-0.107
1979.253,-0.353
1979.256,-0.392
1979.259,-0.465
1979.262,-0.496
1979.264,-0.276
1979.267,0.130
1979.270,0.184
1979.273,0.069
1979.275,0.120
1979.278,0.137
1979.281,0.233
1979.284,0.309
1979.286,0.546
1979.289,0.577
1979.292,0.434
1979.295,0.424
1979.297,0.511
1979.300,0.655
1979.303,0.626
1979.305,0.536
1979.308,0.661
1979.311,0.705
1979.314,0.828
1979.316,0.850
1979.319,0.546
1979.322,0.181
1979.325,0.312
1979.327,0.283
1979.330,0.169
1979.333,0.169
1979.336,0.047
1979.338,-0.069
1979.341,-0.425
1979.344,-0.372
1979.347,-0.170
1979.349,-0.130
1979.352,-0.195
1979.355,0.040
1979.358,-0.022
1979.360,-0.126
1979.363,-0.089
1979.366,-0.227
1979.369,0.020
1979.371,0.331
1979.374,0.313
1979.377,0.495
1979.379,0.552
1979.382,0.452
1979.385,0.486
1979.388,0.204
1979.390,0.198
1979.393,0.318
1979.396,0.277
1979.399,0.195
1979.401,0.286
1979.404,0.239
1979.407,0.064
1979.410,-0.076
1979.412,-0.237
1979.415,-0.170
1979.418,-0.158
1979.421,0.030
1979.423,0.152
1979.426,0.152
1979.429,-0.121
1979.432,-0.199
1979.434,-0.007
1979.437,0.080
1979.440,0.269
1979.443,0.315
1979.445,-0.029
1979.448,-0.253
1979.451,-0.446
1979.453,-0.435
1979.456,-0.293
1979.459,-0.110
1979.462,0.126
1979.464,0.344
1979.467,0.258
1979.470,0.215
1979.473,0.119
1979.475,-0.033
1979.478,0.202
1979.481,0.195
1979.484,0.265
1979.486,0.267
1979.489,0.145
1979.492,0.142
1979.495,0.058
1979.497,-0.124
1979.500,-0.170
1979.503,-0.034
1979.505,-0.178
1979.508,-0.424
1979.511,-0.299
1979.514,-0.300
1979.516,-0.097
1979.519,0.025
1979.522,0.020
1979.525,-0.153
1979.527,-0.164
1979.530,-0.248
1979.533,-0.253
1979.536,-0.171
1979.538,-0.106
1979.541,-0.137
1979.544,-0.073
1979.547,-0.240
1979.549,-0.254
1979.552,-0.082
1979.555,-0.033
1979.557,-0.090
1979.560,-0.257
1979.563,-0.333
1979.566,-0.376
1979.568,-0.418
1979.571,-0.449
1979.574,-0.252
1979.577,0.003
1979.579,0.038
1979.582,-0.330
1979.585,-0.268
1979.588,-0.148
1979.590,-0.017
1979.593,0.359
1979.596,0.504
1979.599,0.421
1979.601,0.418
1979.604,0.277
1979.607,0.251
1979.610,0.109
1979.612,-0.063
1979.615,-0.079
1979.618,-0.147
1979.621,-0.017
1979.623,0.067
1979.626,0.105
1979.629,-0.171
1979.631,-0.183
1979.634,-0.049
1979.637,-0.113
1979.640,-0.228
1979.642,-0.409
1979.645,-0.245
1979.648,-0.183
1979.651,-0.407
1979.653,-0.412
1979.656,-0.328
1979.659,-0.021
1979.662,0.084
1979.664,0.186
1979.667,0.086
1979.670,0.283
1979.673,0.147
1979.675,-0.009
1979.678,-0.317
1979.681,-0.283
1979.684,-0.129
1979.686,0.165
1979.689,0.185
1979.692,0.023
1979.695,-0.040
1979.697,-0.182
1979.700,-0.233
1979.703,-0.323
1979.705,-0.292
1979.708,-0.322
1979.711,-0.141
1979.714,-0.008
1979.716,0.165
1979.719,0.342
1979.722,0.474
1979.725,0.458
1979.727,0.456
1979.730,0.458
1979.733,0.631
1979.736,0.632
1979.738,0.490
1979.741,0.471
1979.744,0.335
1979.747,0.432
1979.749,0.404
1979.752,0.263
1979.755,0.151
1979.758,0.110
1979.760,0.135
1979.763,0.206
1979.766,0.347
1979.768,0.312
1979.771,0.369
1979.774,0.237
1979.777,0.405
1979.779,0.490
1979.782,0.272
1979.785,0.262
1979.788,0.364
1979.790,0.403
1979.793,0.249
1979.796,0.263
1979.799,0.326
1979.801,0.390
1979.804,0.421
1979.807,0.339
1979.810,0.333
1979.812,0.353
1979.815,0.347
1979.818,0.303
1979.821,0.048
1979.823,-0.248
1979.826,-0.272
1979.829,-0.206
1979.832,-0.271
1979.834,-0.229
1979.837,-0.246
1979.840,-0.499
1979.842,-0.792
1979.845,-0.958
1979.848,-0.892
1979.851,-0.781
1979.853,-0.743
1979.856,-0.720
1979.859,-0.862
1979.862,-0.976
1979.864,-0.822
1979.867,-0.557
1979.870,-0.288
1979.873,0.083
1979.875,0.445
1979.878,0.598
1979.881,0.542
1979.884,0.469
1979.886,0.437
1979.889,0.702
1979.892,0.747
1979.895,0.872
1979.897,1.043
1979.900,1.250
1979.903,1.119
1979.906,0.972
1979.908,0.724
1979.911,0.563
1979.914,0.508
1979.916,0.456
1979.919,0.668
1979.922,1.004
1979.925,1.234
1979.927,1.417
1979.930,1.372
1979.933,1.354
1979.936,1.200
1979.938,1.088
1979.941,1.063
1979.944,0.965
1979.947,0.800
1979.949,0.523
1979.952,0.394
1979.955,0.263
1979.958,0.038
1979.960,0.082
1979.963,0.284
1979.966,0.622
1979.969,0.761
1979.971,0.817
1979.974,0.694
1979.977,0.705
1979.979,0.819
1979.982,1.177
1979.985,1.265
1979.988,1.032
1979.990,0.818
1979.993,0.690
1979.996,0.438
1979.999,0.078
1980.001,-0.025
1980.004,0.023
1980.007,-0.283
1980.010,-0.471
1980.012,-0.421
1980.015,-0.440
1980.018,-0.460
1980.021,-0.414
1980.023,-0.386
1980.026,-0.159
1980.029,0.041
1980.031,0.028
1980.034,0.422
1980.037,0.773
1980.040,0.798
1980.042,1.055
1980.045,1.195
1980.048,1.301
1980.051,1.342
1980.053,1.340
1980.056,1.329
1980.059,1.242
1980.062,1.005
1980.064,0.463
1980.067,0.155
1980.070,0.130
1980.072,0.029
1980.075,-0.243
1980.078,-0.670
1980.081,-0.934
1980.083,-0.929
1980.086,-0.654
1980.089,-0.122
1980.092,0.102
1980.094,0.130
1980.097,0.103
1980.100,0.165
1980.102,0.258
1980.105,0.193
1980.108,0.298
1980.111,0.126
1980.113,0.238
1980.116,0.277
1980.119,0.196
1980.122,0.404
1980.124,0.559
1980.127,0.487
1980.130,0.412
1980.133,0.680
1980.135,0.757
1980.138,0.799
1980.141,0.838
1980.143,0.792
1980.146,1.042
1980.149,0.915
1980.152,0.750
1980.154,0.496
1980.157,0.683
1980.160,0.639
1980.163,0.352
1980.165,-0.108
1980.168,-0.310
1980.171,-0.360
1980.173,-0.281
1980.176,-0.361
1980.179,-0.256
1980.182,-0.010
1980.184,0.086
1980.187,-0.053
1980.190,-0.170
1980.193,-0.236
1980.195,-0.495
1980.198,-0.484
1980.201,-0.414
1980.203,-0.323
1980.206,-0.511
1980.209,-0.352
1980.212,0.027
1980.214,0.241
1980.217,0.428
1980.220,0.708
1980.223,0.899
1980.225,0.786
1980.228,0.738
1980.231,0.559
1980.234,0.658
1980.236,0.815
1980.239,0.847
1980.242,0.677
1980.245,0.453
1980.247,0.469
1980.250,0.578
1980.253,0.508
1980.255,0.538
1980.258,0.583
1980.261,0.241
1980.264,0.495
1980.266,0.767
1980.269,0.933
1980.272,0.822
1980.275,0.608
1980.277,0.557
1980.280,0.273
1980.283,0.165
1980.286,0.196
1980.288,0.149
1980.291,0.270
1980.294,0.547
1980.297,0.671
1980.299,0.948
1980.302,1.365
1980.305,1.546
1980.307,1.503
1980.310,1.208
1980.313,1.018
1980.316,0.906
1980.318,0.966
1980.321,1.126
1980.324,1.141
1980.327,0.951
1980.329,0.782
1980.332,0.721
1980.335,0.750
1980.337,0.695
1980.340,0.757
1980.343,0.914
1980.346,0.987
1980.348,0.902
1980.351,0.709
1980.354,0.676
1980.357,0.757
1980.359,0.771
1980.362,1.022
1980.365,0.852
1980.367,0.843
1980.370,0.916
1980.373,0.886
1980.376,0.716
1980.378,0.648
1980.381,0.554
1980.384,0.569
1980.387,0.548
1980.389,0.544
1980.392,0.448
1980.395,0.146
1980.398,0.091
1980.400,0.365
1980.403,0.510
1980.406,0.428
1980.408,0.348
1980.411,0.396
1980.414,0.315
1980.417,0.181
1980.419,0.152
1980.422,0.068
1980.425,-0.101
1980.428,-0.069
1980.430,-0.145
1980.433,0.044
1980.436,0.368
1980.438,0.393
1980.441,0.431
1980.444,0.427
1980.447,0.280
1980.449,0.112
1980.452,-0.063
1980.455,0.031
1980.458,0.212
1980.460,0.475
1980.463,0.504
1980.466,0.380
1980.469,0.092
1980.471,0.256
1980.474,0.396
1980.477,0.580
1980.479,0.715
1980.482,0.702
1980.485,0.599
1980.488,0.380
1980.490,0.146
1980.493,0.133
1980.496,0.114
1980.499,-0.015
1980.501,-0.107
1980.504,-0.085
1980.507,0.051
1980.510,0.145
1980.512,0.173
1980.515,0.417
1980.518,0.437
1980.521,0.372
1980.523,0.219
1980.526,0.224
1980.529,0.294
1980.531,0.202
1980.534,0.381
1980.537,0.319
1980.540,0.598
1980.542,0.534
1980.545,0.392
1980.548,0.488
1980.551,0.801
1980.553,0.904
1980.556,0.794
1980.559,0.958
1980.562,1.009
1980.564,0.877
1980.567,0.857
1980.570,0.606
1980.572,0.642
1980.575,0.516
1980.578,0.275
1980.581,0.252
1980.583,0.375
1980.586,0.449
1980.589,0.543
1980.592,0.445
1980.594,0.167
1980.597,0.056
1980.600,-0.064
1980.602,-0.026
1980.605,0.079
1980.608,0.320
1980.611,0.437
1980.613,0.478
1980.616,0.393
1980.619,0.490
1980.622,0.471
1980.624,0.305
1980.627,0.171
1980.630,0.226
1980.633,0.372
1980.635,0.422
1980.638,0.427
1980.641,0.377
1980.643,0.442
1980.646,0.441
1980.649,0.084
1980.652,-0.254
1980.654,-0.062
1980.657,0.190
1980.660,0.478
1980.663,0.699
1980.665,0.472
1980.668,0.334
1980.671,0.286
1980.673,0.275
1980.676,0.232
1980.679,0.358
1980.682,0.437
1980.684,0.408
1980.687,0.366
1980.690,0.048
1980.693,-0.036
1980.695,0.175
1980.698,0.437
1980.701,0.441
1980.703,0.262
1980.706,0.079
1980.709,-0.058
1980.712,-0.018
1980.714,0.130
1980.717,0.192
1980.720,0.379
1980.723,0.247
1980.725,0.318
1980.728,0.199
1980.731,0.067
1980.734,0.109
1980.736,0.290
1980.739,0.104
1980.742,-0.010
1980.745,0.105
1980.747,0.365
1980.750,0.234
1980.753,-0.031
1980.755,-0.179
1980.758,0.003
1980.761,0.098
1980.764,0.151
1980.766,0.329
1980.769,0.161
1980.772,0.218
1980.775,0.163
1980.777,0.045
1980.780,-0.101
1980.783,-0.216
1980.786,-0.188
1980.788,0.137
1980.791,0.358
1980.794,0.459
1980.797,0.493
1980.799,0.597
1980.802,0.472
1980.805,0.506
1980.807,0.280
1980.810,-0.102
1980.813,-0.025
1980.816,0.027
1980.818,0.382
1980.821,0.774
1980.824,0.685
1980.827,0.575
1980.829,0.448
1980.832,0.409
1980.835,0.499
1980.837,0.492
1980.840,0.599
1980.843,0.663
1980.846,0.534
1980.848,0.327
1980.851,0.252
1980.854,0.055
1980.857,0.031
1980.859,0.030
1980.862,0.311
1980.865,0.393
1980.867,0.377
1980.870,0.344
1980.873,0.456
1980.876,0.559
1980.878,0.654
1980.881,0.733
1980.884,0.385
1980.887,0.401
1980.889,0.506
1980.892,0.500
1980.895,0.583
1980.898,0.655
1980.900,0.680
1980.903,0.562
1980.906,0.562
1980.908,0.508
1980.911,0.225
1980.914,-0.044
1980.917,-0.435
1980.919,-0.547
1980.922,-0.424
1980.925,-0.106
1980.928,0.175
1980.930,0.348
1980.933,0.254
1980.936,0.066
1980.938,-0.152
1980.941,-0.386
1980.944,-0.485
1980.947,-0.402
1980.949,-0.209
1980.952,0.154
1980.955,0.383
1980.958,0.396
1980.960,0.313
1980.963,0.057
1980.966,-0.101
1980.969,-0.213
1980.971,0.008
1980.974,0.210
1980.977,0.422
1980.979,0.432
1980.982,0.301
1980.985,0.378
1980.988,0.388
1980.990,0.717
1980.993,0.997
1980.996,1.220
1980.999,1.271
1981.001,1.182
1981.004,1.006
1981.007,0.997
1981.010,1.125
1981.012,1.230
1981.015,1.285
1981.018,1.226
1981.021,1.004
1981.023,0.922
1981.026,1.034
1981.029,1.017
1981.031,1.075
1981.034,0.975
1981.037,0.946
1981.040,0.936
1981.042,1.185
1981.045,1.326
1981.048,1.474
1981.051,1.572
1981.053,1.542
1981.056,1.439
1981.059,1.446
1981.062,1.463
1981.064,1.466
1981.067,1.275
1981.070,0.894
1981.073,0.609
1981.075,0.664
1981.078,0.902
1981.081,1.036
1981.084,1.018
1981.086,1.084
1981.089,0.949
1981.092,0.875
1981.094,0.760
1981.097,0.978
1981.100,1.302
1981.103,1.549
1981.105,1.550
1981.108,1.229
1981.111,0.663
1981.114,0.448
1981.116,0.192
1981.119,0.273
1981.122,0.770
1981.125,0.962
1981.127,0.989
1981.130,0.956
1981.133,0.965
1981.136,0.848
1981.138,0.883
1981.141,1.102
1981.144,1.069
1981.147,0.746
1981.149,0.615
1981.152,0.639
1981.155,0.543
1981.158,0.651
1981.160,0.772
1981.163,0.890
1981.166,0.820
1981.168,0.812
1981.171,0.985
1981.174,0.934
1981.177,1.056
1981.179,0.952
1981.182,0.908
1981.185,0.955
1981.188,1.000
1981.190,1.030
1981.193,1.052
1981.196,1.036
1981.199,1.120
1981.201,1.146
1981.204,1.051
1981.207,0.804
1981.210,0.862
1981.212,0.884
1981.215,0.987
1981.218,0.965
1981.221,1.006
1981.223,1.104
1981.226,1.114
1981.229,1.325
1981.232,1.160
1981.234,1.281
1981.237,1.364
1981.240,1.395
1981.242,1.210
1981.245,1.148
1981.248,1.190
1981.251,1.016
1981.253,0.986
1981.256,1.052
1981.259,0.741
1981.262,0.714
1981.264,0.989
1981.267,1.239
1981.270,1.223
1981.273,0.751
1981.275,0.546
1981.278,0.378
1981.281,0.448
1981.284,0.443
1981.286,0.390
1981.289,0.680
1981.292,0.724
1981.295,0.696
1981.297,0.701
1981.300,0.793
1981.303,0.698
1981.305,0.798
1981.308,1.049
1981.311,1.012
1981.314,1.093
1981.316,1.184
1981.319,1.056
1981.322,0.898
1981.325,0.668
1981.327,0.499
1981.330,0.342
1981.333,0.519
1981.336,0.456
1981.338,0.672
1981.341,0.822
1981.344,0.884
1981.347,0.589
1981.349,0.217
1981.352,0.008
1981.355,0.007
1981.358,0.162
1981.360,0.236
1981.363,0.296
1981.366,0.474
1981.369,0.594
1981.371,0.381
1981.374,0.335
1981.377,0.483
1981.379,0.295
1981.382,0.007
1981.385,-0.043
1981.388,-0.048
1981.390,0.227
1981.393,0.563
1981.396,0.547
1981.399,0.422
1981.401,0.298
1981.404,0.551
1981.407,0.614
1981.410,0.706
1981.412,0.617
1981.415,0.509
1981.418,0.638
1981.421,0.249
1981.423,0.095
1981.426,0.129
1981.429,0.286
1981.432,0.452
1981.434,0.503
1981.437,0.675
1981.440,0.574
1981.443,0.387
1981.445,0.356
1981.448,0.389
1981.451,0.237
1981.453,0.278
1981.456,0.322
1981.459,0.104
1981.462,0.177
1981.464,0.278
1981.467,0.594
1981.470,0.646
1981.473,0.542
1981.475,0.448
1981.478,0.317
1981.481,0.433
1981.484,0.482
1981.486,0.585
1981.489,0.571
1981.492,0.726
1981.495,0.878
1981.497,0.649
1981.500,0.579
1981.503,0.544
1981.505,0.482
1981.508,0.552
1981.511,0.317
1981.514,0.289
1981.516,0.368
1981.519,0.501
1981.522,0.445
1981.525,0.563
1981.527,0.941
1981.530,1.034
1981.533,1.051
1981.536,0.859
1981.538,0.871
1981.541,0.610
1981.544,0.477
1981.547,0.636
1981.549,0.318
1981.552,0.177
1981.555,0.129
1981.557,0.087
1981.560,-0.160
1981.563,-0.213
1981.566,0.113
1981.568,0.162
1981.571,0.299
1981.574,0.335
1981.577,0.606
1981.579,0.549
1981.582,0.576
1981.585,0.803
1981.588,1.020
1981.590,0.879
1981.593,0.629
1981.596,0.933
1981.599,1.199
1981.601,0.948
1981.604,0.917
1981.607,0.877
1981.610,0.665
1981.612,0.532
1981.615,0.646
1981.618,0.831
1981.621,0.832
1981.623,0.983
1981.626,1.025
1981.629,0.838
1981.631,0.691
1981.634,0.614
1981.637,0.643
1981.640,0.568
1981.642,0.491
1981.645,0.445
1981.648,0.533
1981.651,0.766
1981.653,0.628
1981.656,0.221
1981.659,0.035
1981.662,0.192
1981.664,0.120
1981.667,0.038
1981.670,-0.229
1981.673,-0.142
1981.675,-0.216
1981.678,-0.156
1981.681,-0.061
1981.684,0.096
1981.686,0.451
1981.689,0.382
1981.692,0.234
1981.695,0.171
1981.697,0.113
1981.700,0.001
1981.703,-0.130
1981.705,0.136
1981.708,0.077
1981.711,0.236
1981.714,0.253
1981.716,0.306
1981.719,0.371
1981.722,0.274
1981.725,0.053
1981.727,-0.019
1981.730,0.090
1981.733,0.235
1981.736,0.174
1981.738,0.017
1981.741,-0.126
1981.744,-0.145
1981.747,-0.109
1981.749,-0.006
1981.752,0.183
1981.755,-0.300
1981.758,-0.484
1981.760,-0.226
1981.763,0.278
1981.766,0.219
1981.768,0.152
1981.771,0.194
1981.774,0.220
1981.777,0.279
1981.779,0.257
1981.782,0.321
1981.785,0.430
1981.788,0.636
1981.790,0.413
1981.793,0.120
1981.796,-0.134
1981.799,-0.306
1981.801,-0.434
1981.804,-0.508
1981.807,-0.457
1981.810,-0.529
1981.812,-0.405
1981.815,-0.253
1981.818,-0.053
1981.821,0.318
1981.823,0.229
1981.826,0.223
1981.829,0.263
1981.832,0.465
1981.834,0.484
1981.837,0.359
1981.840,0.041
1981.842,-0.182
1981.845,-0.037
1981.848,-0.204
1981.851,-0.298
1981.853,-0.118
1981.856,0.014
1981.859,-0.024
1981.862,0.368
1981.864,0.664
1981.867,0.637
1981.870,0.328
1981.873,0.322
1981.875,0.190
1981.878,0.064
1981.881,-0.007
1981.884,-0.010
1981.886,-0.108
1981.889,-0.362
1981.892,-0.428
1981.895,-0.275
1981.897,-0.196
1981.900,-0.237
1981.903,-0.311
1981.906,-0.009
1981.908,-0.042
1981.911,-0.157
1981.914,-0.226
1981.916,-0.285
1981.919,0.068
1981.922,0.414
1981.925,0.620
1981.927,0.889
1981.930,1.118
1981.933,1.093
1981.936,1.061
1981.938,1.043
1981.941,1.181
1981.944,1.161
1981.947,0.922
1981.949,0.993
1981.952,0.975
1981.955,0.848
1981.958,0.863
1981.960,0.983
1981.963,0.878
1981.966,0.899
1981.969,0.961
1981.971,0.852
1981.974,0.794
1981.977,0.629
1981.979,0.564
1981.982,0.487
1981.985,0.478
1981.988,0.409
1981.990,0.282
1981.993,0.306
1981.996,0.119
1981.999,0.052
1982.001,-0.164
1982.004,-0.372
1982.007,-0.325
1982.010,-0.294
1982.012,-0.352
1982.015,-0.300
1982.018,-0.480
1982.021,-0.731
1982.023,-0.459
1982.026,-0.555
1982.029,-0.732
1982.031,-0.590
1982.034,-0.447
1982.037,-0.301
1982.040,-0.258
1982.042,-0.356
1982.045,-0.440
1982.048,-0.531
1982.051,-0.432
1982.053,0.275
1982.056,0.180
1982.059,-0.029
1982.062,-0.023
1982.064,0.116
1982.067,0.217
1982.070,0.261
1982.073,0.486
1982.075,0.547
1982.078,0.490
1982.081,0.325
1982.084,0.326
1982.086,0.237
1982.089,0.173
1982.092,-0.011
1982.094,-0.177
1982.097,-0.229
1982.100,-0.126
1982.103,-0.178
1982.105,-0.382
1982.108,-0.462
1982.111,-0.441
1982.114,-0.223
1982.116,-0.082
1982.119,-0.034
1982.122,0.035
1982.125,0.107
1982.127,0.543
1982.130,0.861
1982.133,0.781
1982.136,0.729
1982.138,0.895
1982.141,0.723
1982.144,0.419
1982.147,0.095
1982.149,-0.144
1982.152,-0.279
1982.155,-0.119
1982.158,-0.080
1982.160,-0.042
1982.163,-0.090
1982.166,-0.021
1982.168,-0.081
1982.171,-0.302
1982.174,-0.151
1982.177,-0.434
1982.179,-0.465
1982.182,-0.584
1982.185,-0.509
1982.188,-0.161
1982.190,0.047
1982.193,0.111
1982.196,-0.006
1982.199,-0.148
1982.201,-0.118
1982.204,-0.184
1982.207,-0.075
1982.210,0.084
1982.212,0.089
1982.215,0.001
1982.218,0.020
1982.221,-0.109
1982.223,-0.127
1982.226,-0.089
1982.229,-0.266
1982.232,-0.600
1982.234,-0.732
1982.237,-0.825
1982.240,-0.573
1982.242,-0.449
1982.245,-0.396
1982.248,-0.276
1982.251,-0.157
1982.253,-0.260
1982.256,-0.174
1982.259,-0.046
1982.262,-0.171
1982.264,-0.364
1982.267,-0.238
1982.270,0.002
1982.273,0.387
1982.275,0.513
1982.278,0.840
1982.281,1.025
1982.284,1.021
1982.286,0.889
1982.289,0.888
1982.292,0.920
1982.295,0.872
1982.297,0.943
1982.300,0.831
1982.303,0.643
1982.305,0.427
1982.308,0.363
1982.311,0.432
1982.314,0.279
1982.316,0.285
1982.319,0.304
1982.322,0.213
1982.325,0.113
1982.327,0.407
1982.330,0.717
1982.333,0.817
1982.336,0.769
1982.338,0.568
1982.341,0.359
1982.344,0.162
1982.347,0.364
1982.349,0.314
1982.352,0.253
1982.355,0.194
1982.358,0.095
1982.360,0.020
1982.363,-0.018
1982.366,-0.005
1982.369,0.142
1982.371,0.358
1982.374,0.510
1982.377,0.476
1982.379,0.353
1982.382,0.447
1982.385,0.505
1982.388,0.238
1982.390,0.137
1982.393,0.057
1982.396,-0.082
1982.399,-0.029
1982.401,-0.081
1982.404,-0.116
1982.407,-0.130
1982.410,-0.156
1982.412,-0.392
1982.415,-0.405
1982.418,-0.372
1982.421,-0.184
1982.423,0.065
1982.426,0.042
1982.429,0.029
1982.432,0.214
1982.434,0.289
1982.437,0.252
1982.440,0.316
1982.443,0.256
1982.445,0.244
1982.448,0.102
1982.451,-0.066
1982.453,-0.309
1982.456,-0.389
1982.459,-0.544
1982.462,-0.527
1982.464,-0.519
1982.467,-0.821
1982.470,-0.913
1982.473,-1.023
1982.475,-0.942
1982.478,-0.348
1982.481,0.018
1982.484,0.365
1982.486,0.371
1982.489,0.363
1982.492,0.313
1982.495,0.320
1982.497,0.215
1982.500,0.066
1982.503,0.197
1982.505,0.227
1982.508,0.319
1982.511,0.405
1982.514,0.263
1982.516,0.226
1982.519,0.120
1982.522,0.117
1982.525,0.066
1982.527,-0.061
1982.530,-0.083
1982.533,0.122
1982.536,0.255
1982.538,0.591
1982.541,0.520
1982.544,0.377
1982.547,0.369
1982.549,0.595
1982.552,0.520
1982.555,0.465
1982.557,0.212
1982.560,0.175
1982.563,0.283
1982.566,0.280
1982.568,0.303
1982.571,0.200
1982.574,-0.029
1982.577,0.018
1982.579,0.058
1982.582,0.075
1982.585,0.080
1982.588,-0.130
1982.590,-0.069
1982.593,0.037
1982.596,0.258
1982.599,0.316
1982.601,0.257
1982.604,0.207
1982.607,0.095
1982.610,0.137
1982.612,0.214
1982.615,0.158
1982.618,0.034
1982.621,-0.060
1982.623,-0.078
1982.626,-0.208
1982.629,-0.282
1982.631,-0.094
1982.634,-0.126
1982.637,-0.313
1982.640,-0.266
1982.642,-0.252
1982.645,-0.212
1982.648,-0.327
1982.651,-0.198
1982.653,-0.098
1982.656,0.101
1982.659,-0.094
1982.662,-0.126
1982.664,-0.256
1982.667,-0.059
1982.670,-0.073
1982.673,-0.278
1982.675,-0.230
1982.678,-0.345
1982.681,-0.576
1982.684,-0.262
1982.686,0.167
1982.689,0.241
1982.692,0.042
1982.695,-0.183
1982.697,-0.326
1982.700,-0.455
1982.703,-0.579
1982.705,-0.293
1982.708,-0.065
1982.711,0.125
1982.714,0.030
1982.716,0.100
1982.719,-0.078
1982.722,0.073
1982.725,-0.043
1982.727,-0.210
1982.730,-0.030
1982.733,0.190
1982.736,0.081
1982.738,0.228
1982.741,-0.009
1982.744,-0.226
1982.747,-0.090
1982.749,-0.095
1982.752,-0.133
1982.755,-0.252
1982.758,-0.283
1982.760,-0.249
1982.763,-0.083
1982.766,0.030
1982.768,0.011
1982.771,0.050
1982.774,-0.056
1982.777,-0.070
1982.779,0.021
1982.782,-0.047
1982.785,0.075
1982.788,0.264
1982.790,0.244
1982.793,0.266
1982.796,0.067
1982.799,-0.252
1982.801,-0.398
1982.804,-0.610
1982.807,-0.533
1982.810,-0.337
1982.812,-0.203
1982.815,-0.196
1982.818,-0.028
1982.821,0.086
1982.823,0.156
1982.826,0.226
1982.829,0.208
1982.832,0.039
1982.834,-0.120
1982.837,-0.227
1982.840,-0.178
1982.842,-0.175
1982.845,-0.219
1982.848,-0.336
1982.851,-0.139
1982.853,-0.193
1982.856,-0.200
1982.859,-0.426
1982.862,-0.499
1982.864,-0.410
1982.867,-0.413
1982.870,-0.475
1982.873,-0.510
1982.875,-0.445
1982.878,-0.268
1982.881,-0.011
1982.884,0.124
1982.886,0.114
1982.889,-0.053
1982.892,-0.267
1982.895,-0.173
1982.897,-0.326
1982.900,-0.641
1982.903,-0.550
1982.906,-0.379
1982.908,-0.176
1982.911,0.125
1982.914,0.065
1982.916,-0.179
1982.919,-0.308
1982.922,-0.231
1982.925,-0.186
1982.927,-0.234
1982.930,-0.330
1982.933,-0.327
1982.936,-0.213
1982.938,-0.045
1982.941,-0.040
1982.944,-0.121
1982.947,0.021
1982.949,0.348
1982.952,0.610
1982.955,0.893
1982.958,1.112
1982.960,1.161
1982.963,1.304
1982.966,1.413
1982.969,1.364
1982.971,1.367
1982.974,1.198
1982.977,1.335
1982.979,1.358
1982.982,1.215
1982.985,1.052
1982.988,0.920
1982.990,0.877
1982.993,0.688
1982.996,0.504
1982.999,0.530
1983.001,0.426
1983.004,0.166
1983.007,-0.069
1983.010,-0.044
1983.012,0.079
1983.015,0.321
1983.018,0.466
1983.021,0.714
1983.023,0.691
1983.026,0.852
1983.029,0.889
1983.031,0.760
1983.034,0.611
1983.037,0.373
1983.040,0.259
1983.042,0.338
1983.045,0.730
1983.048,0.922
1983.051,0.784
1983.053,0.811
1983.056,1.082
1983.059,1.335
1983.062,1.343
1983.064,1.134
1983.067,0.717
1983.070,0.632
1983.073,0.901
1983.075,1.123
1983.078,1.291
1983.081,1.165
1983.084,1.115
1983.086,0.768
1983.089,0.521
1983.092,0.365
1983.094,0.284
1983.097,0.274
1983.100,0.205
1983.103,0.098
1983.105,0.300
1983.108,0.304
1983.111,0.210
1983.114,0.201
1983.116,0.282
1983.119,0.400
1983.122,0.797
1983.125,0.897
1983.127,0.802
1983.130,0.799
1983.133,0.894
1983.136,1.064
1983.138,1.168
1983.141,1.247
1983.144,1.304
1983.147,1.181
1983.149,1.090
1983.152,0.989
1983.155,0.652
1983.158,0.483
1983.160,0.343
1983.163,0.471
1983.166,0.719
1983.168,0.936
1983.171,1.038
1983.174,0.997
1983.177,0.847
1983.179,0.749
1983.182,0.729
1983.185,0.967
1983.188,0.870
1983.190,0.746
1983.193,0.743
1983.196,0.963
1983.199,0.926
1983.201,0.758
1983.204,0.607
1983.207,0.431
1983.210,0.438
1983.212,0.379
1983.215,0.451
1983.218,0.373
1983.221,0.091
1983.223,-0.061
1983.226,-0.159
1983.229,-0.200
1983.232,0.036
1983.234,0.250
1983.237,0.346
1983.240,0.461
1983.242,0.779
1983.245,0.813
1983.248,0.768
1983.251,0.757
1983.253,0.802
1983.256,0.777
1983.259,0.749
1983.262,0.616
1983.264,0.551
1983.267,0.445
1983.270,0.448
1983.273,0.406
1983.275,0.154
1983.278,0.161
1983.281,0.200
1983.284,0.058
1983.286,0.112
1983.289,0.170
1983.292,0.320
1983.295,0.547
1983.297,0.641
1983.300,0.847
1983.303,0.808
1983.305,0.607
1983.308,0.523
1983.311,0.573
1983.314,0.436
1983.316,0.542
1983.319,0.795
1983.322,0.915
1983.325,0.897
1983.327,0.861
1983.330,0.912
1983.333,0.651
1983.336,0.744
1983.338,0.690
1983.341,0.749
1983.344,0.684
1983.347,0.719
1983.349,0.793
1983.352,0.910
1983.355,0.795
1983.358,0.698
1983.360,0.572
1983.363,0.580
1983.366,0.586
1983.369,0.483
1983.371,0.245
1983.374,0.336
1983.377,0.402
1983.379,0.701
1983.382,0.739
1983.385,0.446
1983.388,0.517
1983.390,0.497
1983.393,0.461
1983.396,0.693
1983.399,0.681
1983.401,0.765
1983.404,0.708
1983.407,0.610
1983.410,0.369
1983.412,0.051
1983.415,-0.009
1983.418,-0.234
1983.421,-0.262
1983.423,-0.413
1983.426,-0.327
1983.429,-0.221
1983.432,-0.277
1983.434,-0.083
1983.437,0.038
1983.440,0.086
1983.443,-0.260
1983.445,-0.339
1983.448,-0.236
1983.451,-0.034
1983.453,0.068
1983.456,0.083
1983.459,0.388
1983.462,0.398
1983.464,0.464
1983.467,0.735
1983.470,0.948
1983.473,0.603
1983.475,0.338
1983.478,0.264
1983.481,0.363
1983.484,0.373
1983.486,0.460
1983.489,0.383
1983.492,0.401
1983.495,0.485
1983.497,0.428
1983.500,0.362
1983.503,0.134
1983.505,0.084
1983.508,0.074
1983.511,0.188
1983.514,0.209
1983.516,0.193
1983.519,0.179
1983.522,0.074
1983.525,0.221
1983.527,0.449
1983.530,0.512
1983.533,0.416
1983.536,0.288
1983.538,0.015
1983.541,-0.119
1983.544,-0.192
1983.547,-0.149
1983.549,-0.262
1983.552,-0.197
1983.555,0.153
1983.557,0.379
1983.560,0.367
1983.563,0.190
1983.566,0.115
1983.568,0.035
1983.571,0.078
1983.574,0.021
1983.577,0.002
1983.579,0.107
1983.582,0.010
1983.585,-0.070
1983.588,-0.168
1983.590,-0.073
1983.593,0.152
1983.596,0.271
1983.599,0.268
1983.601,0.199
1983.604,0.079
1983.607,0.281
1983.610,0.318
1983.612,0.193
1983.615,0.235
1983.618,0.246
1983.621,0.332
1983.623,0.390
1983.626,0.588
1983.629,0.747
1983.631,0.677
1983.634,0.668
1983.637,0.643
1983.640,0.749
1983.642,0.763
1983.645,0.906
1983.648,0.760
1983.651,0.681
1983.653,0.683
1983.656,0.805
1983.659,0.963
1983.662,1.211
1983.664,1.213
1983.667,0.981
1983.670,0.713
1983.673,0.716
1983.675,0.856
1983.678,0.830
1983.681,0.788
1983.684,0.791
1983.686,0.564
1983.689,0.407
1983.692,0.363
1983.695,0.408
1983.697,0.613
1983.700,0.661
1983.703,0.674
1983.705,0.701
1983.708,0.901
1983.711,0.974
1983.714,0.834
1983.716,0.575
1983.719,0.347
1983.722,0.283
1983.725,0.278
1983.727,0.171
1983.730,0.302
1983.733,0.515
1983.736,0.639
1983.738,0.458
1983.741,0.264
1983.744,0.257
1983.747,0.186
1983.749,0.213
1983.752,0.168
1983.755,-0.016
1983.758,0.169
1983.760,0.181
1983.763,0.091
1983.766,-0.064
1983.768,-0.044
1983.771,0.228
1983.774,0.201
1983.777,0.166
1983.779,0.248
1983.782,0.265
1983.785,0.252
1983.788,0.106
1983.790,-0.163
1983.793,-0.192
1983.796,-0.262
1983.799,-0.093
1983.801,-0.029
1983.804,0.108
1983.807,0.254
1983.810,0.228
1983.812,0.092
1983.815,0.146
1983.818,0.214
1983.821,0.270
1983.823,0.333
1983.826,0.266
1983.829,0.300
1983.832,0.510
1983.834,0.559
1983.837,0.849
1983.840,0.980
1983.842,0.955
1983.845,0.921
1983.848,1.068
1983.851,0.984
1983.853,0.679
1983.856,0.536
1983.859,0.391
1983.862,0.263
1983.864,0.139
1983.867,0.043
1983.870,0.001
1983.873,0.054
1983.875,0.174
1983.878,0.333
1983.881,0.520
1983.884,0.587
1983.886,0.474
1983.889,0.483
1983.892,0.609
1983.895,0.666
1983.897,0.589
1983.900,0.396
1983.903,0.342
1983.906,0.414
1983.908,0.480
1983.911,0.486
1983.914,0.309
1983.916,0.071
1983.919,0.137
1983.922,0.173
1983.925,0.203
1983.927,0.255
1983.930,0.239
1983.933,0.151
1983.936,0.047
1983.938,-0.013
1983.941,0.124
1983.944,0.279
1983.947,0.445
1983.949,0.507
1983.952,0.240
1983.955,0.090
1983.958,-0.080
1983.960,-0.227
1983.963,-0.337
1983.966,-0.417
1983.969,-0.386
1983.971,-0.443
1983.974,-0.401
1983.977,-0.382
1983.979,-0.173
1983.982,0.119
1983.985,0.376
1983.988,0.429
1983.990,0.256
1983.993,0.142
1983.996,-0.049
1983.999,0.194
1984.001,0.330
1984.004,0.730
1984.007,1.023
1984.010,1.265
1984.012,1.430
1984.015,1.300
1984.018,0.943
1984.021,0.587
1984.023,0.466
1984.026,0.319
1984.029,0.090
1984.031,0.223
1984.034,0.370
1984.037,0.681
1984.040,0.473
1984.042,0.213
1984.045,0.078
1984.048,-0.036
1984.051,-0.247
1984.053,-0.390
1984.056,-0.497
1984.059,-0.265
1984.062,0.110
1984.064,0.349
1984.067,0.262
1984.070,0.109
1984.072,-0.147
1984.075,-0.320
1984.078,-0.343
1984.081,-0.593
1984.083,-0.720
1984.086,-0.870
1984.089,-0.647
1984.092,-0.410
1984.094,-0.407
1984.097,-0.776
1984.100,-0.792
1984.102,-0.674
1984.105,-0.508
1984.108,-0.377
1984.111,-0.282
1984.113,-0.182
1984.116,-0.077
1984.119,0.020
1984.122,0.306
1984.124,0.569
1984.127,0.798
1984.130,0.577
1984.133,0.423
1984.135,0.448
1984.138,0.371
1984.141,0.057
1984.143,-0.139
1984.146,-0.331
1984.149,-0.530
1984.152,-0.583
1984.154,-0.475
1984.157,-0.352
1984.160,-0.407
1984.163,-0.343
1984.165,-0.054
1984.168,0.149
1984.171,0.470
1984.173,0.722
1984.176,0.900
1984.179,0.848
1984.182,0.533
1984.184,0.526
1984.187,0.443
1984.190,0.280
1984.193,0.272
1984.195,0.267
1984.198,0.414
1984.201,0.586
1984.203,0.573
1984.206,0.671
1984.209,0.629
1984.212,0.709
1984.214,0.649
1984.217,0.491
1984.220,0.375
1984.223,0.315
1984.225,0.324
1984.228,0.468
1984.231,0.188
1984.234,0.093
1984.236,0.196
1984.239,0.288
1984.242,0.370
1984.245,0.451
1984.247,0.410
1984.250,0.146
1984.253,-0.056
1984.255,-0.028
1984.258,-0.173
1984.261,-0.194
1984.264,-0.118
1984.266,0.116
1984.269,0.195
1984.272,0.107
1984.275,0.319
1984.277,0.334
1984.280,0.420
1984.283,0.488
1984.286,0.851
1984.288,1.139
1984.291,0.886
1984.294,0.518
1984.297,0.353
1984.299,0.320
1984.302,0.139
1984.305,0.115
1984.307,0.231
1984.310,0.202
1984.313,0.117
1984.316,0.157
1984.318,-0.062
1984.321,-0.042
1984.324,0.367
1984.327,0.605
1984.329,0.774
1984.332,0.732
1984.335,0.663
1984.337,0.644
1984.340,0.914
1984.343,0.661
1984.346,0.767
1984.348,0.933
1984.351,1.063
1984.354,1.039
1984.357,0.962
1984.359,0.915
1984.362,1.033
1984.365,0.863
1984.367,0.725
1984.370,0.731
1984.373,0.939
1984.376,1.085
1984.378,1.084
1984.381,1.014
1984.384,1.005
1984.387,1.000
1984.389,0.921
1984.392,0.761
1984.395,0.539
1984.398,0.638
1984.400,0.783
1984.403,0.710
1984.406,0.550
1984.408,0.596
1984.411,0.403
1984.414,0.279
1984.417,0.207
1984.419,0.116
1984.422,0.083
1984.425,0.186
1984.428,0.133
1984.430,-0.064
1984.433,-0.137
1984.436,-0.166
1984.438,-0.113
1984.441,0.010
1984.444,0.269
1984.447,0.400
1984.449,0.216
1984.452,0.179
1984.455,0.118
1984.458,-0.041
1984.460,-0.124
1984.463,-0.250
1984.466,-0.327
1984.469,-0.494
1984.471,-0.393
1984.474,-0.318
1984.477,-0.141
1984.479,-0.165
1984.482,-0.163
1984.485,-0.094
1984.488,-0.007
1984.490,0.022
1984.493,0.066
1984.496,-0.096
1984.499,-0.067
1984.501,-0.012
1984.504,-0.024
1984.507,0.172
1984.510,0.201
1984.512,0.280
1984.515,0.318
1984.518,0.289
1984.521,0.428
1984.523,0.348
1984.526,0.288
1984.529,0.171
1984.531,0.060
1984.534,0.044
1984.537,0.143
1984.540,0.241
1984.542,0.366
1984.545,0.454
1984.548,0.314
1984.551,0.306
1984.553,0.249
1984.556,0.151
1984.559,0.285
1984.562,0.162
1984.564,-0.042
1984.567,-0.118
1984.570,-0.121
1984.572,-0.169
1984.575,-0.131
1984.578,-0.009
1984.581,0.076
1984.583,0.352
1984.586,0.306
1984.589,0.096
1984.592,0.267
1984.594,0.258
1984.597,0.143
1984.600,0.005
1984.602,0.013
1984.605,0.066
1984.608,-0.121
1984.611,-0.164
1984.613,-0.024
1984.616,0.048
1984.619,0.104
1984.622,-0.005
1984.624,-0.154
1984.627,-0.141
1984.630,0.044
1984.633,0.342
1984.635,0.390
1984.638,0.419
1984.641,0.504
1984.643,0.653
1984.646,0.348
1984.649,0.195
1984.652,0.236
1984.654,0.132
1984.657,0.203
1984.660,0.343
1984.663,0.339
1984.665,0.152
1984.668,0.050
1984.671,0.110
1984.673,0.158
1984.676,-0.251
1984.679,-0.324
1984.682,0.022
1984.684,0.082
1984.687,0.235
1984.690,0.504
1984.693,0.623
1984.695,0.621
1984.698,0.492
1984.701,0.469
1984.703,0.453
1984.706,0.431
1984.709,0.289
1984.712,0.107
1984.714,-0.062
1984.717,-0.415
1984.720,-0.345
1984.723,-0.307
1984.725,-0.414
1984.728,-0.390
1984.731,-0.433
1984.734,-0.468
1984.736,-0.600
1984.739,-0.608
1984.742,-0.495
1984.745,-0.623
1984.747,-0.574
1984.750,-0.281
1984.753,-0.271
1984.755,-0.424
1984.758,-0.215
1984.761,-0.004
1984.764,0.017
1984.766,0.201
1984.769,0.273
1984.772,0.419
1984.775,0.475
1984.777,0.381
1984.780,0.376
1984.783,0.390
1984.786,0.478
1984.788,0.345
1984.791,0.217
1984.794,-0.231
1984.797,-0.535
1984.799,-0.552
1984.802,-0.196
1984.805,-0.047
1984.807,0.243
1984.810,0.405
1984.813,0.322
1984.816,0.296
1984.818,0.378
1984.821,0.308
1984.824,0.168
1984.827,-0.065
1984.829,-0.375
1984.832,-0.549
1984.835,-0.710
1984.837,-0.664
1984.840,-0.688
1984.843,-0.560
1984.846,-0.291
1984.848,-0.414
1984.851,-0.426
1984.854,-0.513
1984.857,-0.682
1984.859,-0.896
1984.862,-1.166
1984.865,-1.238
1984.867,-1.169
1984.870,-1.192
1984.873,-0.845
1984.876,-0.582
1984.878,-0.551
1984.881,-0.410
1984.884,-0.193
1984.887,-0.040
1984.889,0.094
1984.892,0.275
1984.895,0.434
1984.898,0.533
1984.900,0.509
1984.903,0.320
1984.906,-0.053
1984.908,-0.161
1984.911,-0.333
1984.914,-0.537
1984.917,-0.631
1984.919,-0.758
1984.922,-0.812
1984.925,-0.732
1984.928,-0.678
1984.930,-0.510
1984.933,-0.348
1984.936,-0.352
1984.938,-0.280
1984.941,-0.427
1984.944,-0.468
1984.947,-0.570
1984.949,-0.842
1984.952,-0.806
1984.955,-0.691
1984.958,-0.477
1984.960,-0.624
1984.963,-0.800
1984.966,-0.789
1984.969,-0.772
1984.971,-0.787
1984.974,-0.806
1984.977,-0.939
1984.979,-1.043
1984.982,-1.223
1984.985,-1.154
1984.988,-0.511
1984.990,-0.166
1984.993,-0.184
1984.996,-0.564
1984.999,-0.653
1985.001,-0.428
1985.004,-0.010
1985.007,0.243
1985.010,0.027
1985.012,0.007
1985.015,0.077
1985.018,0.173
1985.021,0.375
1985.023,0.335
1985.026,0.442
1985.029,0.350
1985.031,0.140
1985.034,0.108
1985.037,0.079
1985.040,0.310
1985.042,0.313
1985.045,0.213
1985.048,0.169
1985.051,0.203
1985.053,0.173
1985.056,0.228
1985.059,0.472
1985.062,0.707
1985.064,0.795
1985.067,0.732
1985.070,0.743
1985.073,0.914
1985.075,0.749
1985.078,0.547
1985.081,0.351
1985.084,0.200
1985.086,0.167
1985.089,0.075
1985.092,-0.134
1985.094,-0.257
1985.097,-0.257
1985.100,-0.312
1985.103,-0.796
1985.105,-1.044
1985.108,-1.003
1985.111,-1.096
1985.114,-1.019
1985.116,-0.880
1985.119,-0.664
1985.122,-0.370
1985.125,-0.213
1985.127,-0.426
1985.130,-0.710
1985.133,-0.774
1985.136,-0.758
1985.138,-0.612
1985.141,-0.261
1985.144,-0.338
1985.147,-0.540
1985.149,-0.547
1985.152,-0.486
1985.155,-0.626
1985.158,-0.645
1985.160,-0.488
1985.163,-0.506
1985.166,-0.403
1985.168,-0.512
1985.171,-0.629
1985.174,-0.660
1985.177,-0.622
1985.179,-0.430
1985.182,-0.260
1985.185,-0.098
1985.188,0.058
1985.190,0.287
1985.193,0.584
1985.196,0.661
1985.199,1.017
1985.201,0.860
1985.204,0.867
1985.207,0.957
1985.210,0.664
1985.212,0.490
1985.215,0.489
1985.218,0.740
1985.221,0.869
1985.223,0.896
1985.226,0.761
1985.229,0.538
1985.232,0.658
1985.234,0.639
1985.237,0.594
1985.240,0.318
1985.242,0.117
1985.245,0.172
1985.248,0.406
1985.251,0.309
1985.253,0.139
1985.256,0.036
1985.259,0.022
1985.262,0.187
1985.264,0.286
1985.267,0.227
1985.270,0.268
1985.273,0.490
1985.275,0.744
1985.278,0.878
1985.281,0.816
1985.284,0.591
1985.286,0.602
1985.289,0.751
1985.292,0.652
1985.295,0.750
1985.297,0.639
1985.300,0.526
1985.303,0.570
1985.305,0.593
1985.308,0.721
1985.311,0.634
1985.314,0.567
1985.316,0.430
1985.319,0.408
1985.322,0.609
1985.325,0.667
1985.327,0.776
1985.330,0.642
1985.333,0.515
1985.336,0.490
1985.338,0.383
1985.341,0.358
1985.344,0.480
1985.347,0.514
1985.349,0.337
1985.352,0.190
1985.355,-0.047
1985.358,-0.167
1985.360,-0.199
1985.363,-0.149
1985.366,-0.038
1985.369,0.108
1985.371,0.298
1985.374,0.316
1985.377,0.291
1985.379,0.236
1985.382,0.497
1985.385,0.550
1985.388,0.400
1985.390,0.274
1985.393,0.396
1985.396,0.426
1985.399,0.474
1985.401,0.472
1985.404,0.313
1985.407,0.233
1985.410,0.085
1985.412,0.137
1985.415,0.141
1985.418,-0.142
1985.421,-0.085
1985.423,0.197
1985.426,0.043
1985.429,-0.104
1985.432,-0.047
1985.434,-0.116
1985.437,-0.133
1985.440,-0.246
1985.443,-0.197
1985.445,-0.103
1985.448,-0.041
1985.451,0.124
1985.453,0.212
1985.456,0.327
1985.459,0.370
1985.462,0.294
1985.464,0.395
1985.467,0.510
1985.470,0.653
1985.473,0.508
1985.475,0.616
1985.478,0.707
1985.481,0.848
1985.484,0.817
1985.486,0.520
1985.489,0.227
1985.492,0.224
1985.495,0.211
1985.497,0.178
1985.500,0.150
1985.503,0.182
1985.505,0.175
1985.508,-0.202
1985.511,-0.276
1985.514,-0.204
1985.516,-0.272
1985.519,-0.431
1985.522,-0.326
1985.525,-0.497
1985.527,-0.705
1985.530,-0.734
1985.533,-0.698
1985.536,-0.737
1985.538,-0.574
1985.541,-0.573
1985.544,-0.604
1985.547,-0.718
1985.549,-0.626
1985.552,-0.477
1985.555,-0.285
1985.557,-0.348
1985.560,-0.107
1985.563,0.117
1985.566,0.029
1985.568,0.032
1985.571,-0.022
1985.574,-0.004
1985.577,0.019
1985.579,0.173
1985.582,0.115
1985.585,0.034
1985.588,0.327
1985.590,0.454
1985.593,0.599
1985.596,0.496
1985.599,0.126
1985.601,-0.032
1985.604,-0.061
1985.607,-0.096
1985.610,-0.044
1985.612,-0.231
1985.615,-0.129
1985.618,0.048
1985.621,-0.084
1985.623,-0.024
1985.626,0.042
1985.629,0.021
1985.631,0.081
1985.634,0.152
1985.637,0.209
1985.640,0.291
1985.642,0.310
1985.645,0.603
1985.648,0.703
1985.651,0.588
1985.653,0.509
1985.656,0.333
1985.659,0.356
1985.662,0.311
1985.664,0.094
1985.667,-0.269
1985.670,-0.368
1985.673,-0.153
1985.675,-0.167
1985.678,0.080
1985.681,0.013
1985.684,0.109
1985.686,0.310
1985.689,0.069
1985.692,-0.027
1985.695,-0.023
1985.697,-0.208
1985.700,-0.403
1985.703,-0.318
1985.705,-0.170
1985.708,-0.145
1985.711,-0.153
1985.714,-0.172
1985.716,-0.129
1985.719,-0.127
1985.722,-0.295
1985.725,-0.054
1985.727,-0.054
1985.730,-0.190
1985.733,-0.224
1985.736,-0.131
1985.738,-0.285
1985.741,-0.218
1985.744,-0.113
1985.747,0.094
1985.749,0.361
1985.752,0.479
1985.755,0.468
1985.758,0.373
1985.760,0.270
1985.763,0.136
1985.766,0.054
1985.768,-0.182
1985.771,-0.152
1985.774,-0.076
1985.777,0.033
1985.779,-0.049
1985.782,-0.076
1985.785,-0.146
1985.788,-0.198
1985.790,-0.306
1985.793,-0.401
1985.796,-0.351
1985.799,-0.333
1985.801,-0.289
1985.804,-0.177
1985.807,-0.048
1985.810,-0.049
1985.812,0.029
1985.815,0.170
1985.818,0.176
1985.821,0.329
1985.823,0.364
1985.826,0.118
1985.829,-0.037
1985.832,-0.072
1985.834,-0.079
1985.837,-0.038
1985.840,-0.004
1985.842,-0.091
1985.845,-0.022
1985.848,0.051
1985.851,0.072
1985.853,-0.112
1985.856,-0.176
1985.859,-0.264
1985.862,-0.291
1985.864,-0.001
1985.867,0.236
1985.870,0.243
1985.873,0.148
1985.875,0.177
1985.878,0.082
1985.881,-0.211
1985.884,-0.398
1985.886,-0.659
1985.889,-0.727
1985.892,-0.856
1985.895,-0.880
1985.897,-0.976
1985.900,-0.829
1985.903,-0.533
1985.906,-0.400
1985.908,-0.670
1985.911,-0.777
1985.914,-0.647
1985.916,-0.667
1985.919,-0.875
1985.922,-0.722
1985.925,-0.391
1985.927,-0.297
1985.930,-0.307
1985.933,-0.482
1985.936,-0.229
1985.938,-0.175
1985.941,-0.302
1985.944,-0.532
1985.947,-0.482
1985.949,-0.439
1985.952,-0.329
1985.955,-0.033
1985.958,0.005
1985.960,0.132
1985.963,-0.071
1985.966,-0.169
1985.969,-0.144
1985.971,0.197
1985.974,0.461
1985.977,0.721
1985.979,0.642
1985.982,0.523
1985.985,0.434
1985.988,0.618
1985.990,0.718
1985.993,0.700
1985.996,0.512
1985.999,0.250
1986.001,0.289
1986.004,0.451
1986.007,0.493
1986.010,0.383
1986.012,0.226
1986.015,0.499
1986.018,0.667
1986.021,0.606
1986.023,0.734
1986.026,0.916
1986.029,1.053
1986.031,1.000
1986.034,0.754
1986.037,0.542
1986.040,0.594
1986.042,0.638
1986.045,0.603
1986.048,0.631
1986.051,0.683
1986.053,0.629
1986.056,0.398
1986.059,0.265
1986.062,0.289
1986.064,0.424
1986.067,0.686
1986.070,0.842
1986.073,0.926
1986.075,0.975
1986.078,0.693
1986.081,0.623
1986.084,0.743
1986.086,1.071
1986.089,1.280
1986.092,1.081
1986.094,1.118
1986.097,1.115
1986.100,0.884
1986.103,0.720
1986.105,0.664
1986.108,0.683
1986.111,0.632
1986.114,0.625
1986.116,0.656
1986.119,0.591
1986.122,0.568
1986.125,0.401
1986.127,0.412
1986.130,0.320
1986.133,0.500
1986.136,0.523
1986.138,0.533
1986.141,0.424
1986.144,0.634
1986.147,0.938
1986.149,1.013
1986.152,1.056
1986.155,1.251
1986.158,1.284
1986.160,1.125
1986.163,0.881
1986.166,0.930
1986.168,0.846
1986.171,0.845
1986.174,0.772
1986.177,0.620
1986.179,0.524
1986.182,0.375
1986.185,0.661
1986.188,0.787
1986.190,0.851
1986.193,0.709
1986.196,0.835
1986.199,0.813
1986.201,0.619
1986.204,0.656
1986.207,0.724
1986.210,0.721
1986.212,0.393
1986.215,0.097
1986.218,0.020
1986.221,-0.043
1986.223,0.039
1986.226,0.210
1986.229,0.294
1986.232,0.482
1986.234,0.745
1986.237,1.063
1986.240,1.213
1986.242,1.151
1986.245,1.108
1986.248,1.071
1986.251,1.020
1986.253,0.922
1986.256,0.953
1986.259,0.917
1986.262,1.067
1986.264,1.027
1986.267,1.241
1986.270,0.981
1986.273,0.641
1986.275,0.666
1986.278,0.711
1986.281,0.773
1986.284,0.614
1986.286,0.590
1986.289,0.826
1986.292,0.803
1986.295,0.630
1986.297,0.517
1986.300,0.676
1986.303,0.529
1986.305,0.551
1986.308,0.597
1986.311,0.717
1986.314,0.649
1986.316,0.617
1986.319,0.455
1986.322,0.367
1986.325,0.503
1986.327,0.512
1986.330,0.461
1986.333,0.537
1986.336,0.545
1986.338,0.470
1986.341,0.426
1986.344,0.331
1986.347,0.377
1986.349,0.472
1986.352,0.189
1986.355,0.082
1986.358,0.178
1986.360,0.210
1986.363,0.221
1986.366,0.181
1986.369,0.302
1986.371,0.305
1986.374,0.342
1986.377,0.494
1986.379,0.697
1986.382,0.557
1986.385,0.481
1986.388,0.442
1986.390,0.534
1986.393,0.737
1986.396,0.703
1986.399,0.715
1986.401,0.778
1986.404,0.767
1986.407,0.641
1986.410,0.449
1986.412,0.074
1986.415,0.044
1986.418,-0.039
1986.421,-0.107
1986.423,-0.262
1986.426,-0.487
1986.429,-0.397
1986.432,-0.137
1986.434,-0.053
1986.437,0.171
1986.440,0.265
1986.443,0.283
1986.445,0.185
1986.448,0.199
1986.451,0.324
1986.453,0.294
1986.456,0.606
1986.459,0.598
1986.462,0.453
1986.464,0.424
1986.467,0.222
1986.470,0.053
1986.473,0.046
1986.475,-0.070
1986.478,-0.299
1986.481,-0.445
1986.484,-0.298
1986.486,-0.151
1986.489,0.003
1986.492,-0.152
1986.495,-0.386
1986.497,-0.172
1986.500,-0.315
1986.503,-0.385
1986.505,-0.272
1986.508,-0.203
1986.511,-0.069
1986.514,0.103
1986.516,0.144
1986.519,0.054
1986.522,0.076
1986.525,0.001
1986.527,0.116
1986.530,0.479
1986.533,0.670
1986.536,0.746
1986.538,0.735
1986.541,0.716
1986.544,0.454
1986.547,0.275
1986.549,0.117
1986.552,-0.279
1986.555,-0.348
1986.557,-0.229
1986.560,-0.136
1986.563,-0.208
1986.566,-0.380
1986.568,-0.368
1986.571,-0.405
1986.574,-0.099
1986.577,0.113
1986.579,0.231
1986.582,0.031
1986.585,0.066
1986.588,0.014
1986.590,-0.184
1986.593,-0.110
1986.596,0.037
1986.599,0.153
1986.601,0.089
1986.604,0.366
1986.607,0.315
1986.610,0.283
1986.612,0.061
1986.615,-0.017
1986.618,0.000
1986.621,-0.030
1986.623,0.050
1986.626,0.325
1986.629,0.288
1986.631,0.361
1986.634,0.439
1986.637,0.365
1986.640,0.311
1986.642,0.010
1986.645,0.084
1986.648,0.208
1986.651,0.500
1986.653,0.744
1986.656,0.671
1986.659,0.392
1986.662,0.079
1986.664,-0.209
1986.667,-0.181
1986.670,-0.220
1986.673,-0.345
1986.675,-0.228
1986.678,-0.312
1986.681,-0.240
1986.684,-0.204
1986.686,-0.122
1986.689,0.032
1986.692,0.103
1986.695,0.053
1986.697,0.007
1986.700,-0.098
1986.703,-0.094
1986.705,-0.212
1986.708,-0.407
1986.711,-0.267
1986.714,-0.117
1986.716,-0.188
1986.719,-0.083
1986.722,-0.079
1986.725,-0.173
1986.727,0.333
1986.730,0.412
1986.733,-0.166
1986.736,-0.405
1986.738,-0.452
1986.741,-0.308
1986.744,-0.439
1986.747,-0.580
1986.749,-0.585
1986.752,-0.530
1986.755,-0.228
1986.758,-0.159
1986.760,0.026
1986.763,0.079
1986.766,-0.006
1986.768,-0.152
1986.771,-0.295
1986.774,-0.344
1986.777,-0.253
1986.779,-0.071
1986.782,-0.032
1986.785,-0.075
1986.788,0.043
1986.790,0.172
1986.793,0.279
1986.796,0.206
1986.799,0.207
1986.801,0.276
1986.804,0.617
1986.807,0.372
1986.810,0.133
1986.812,0.037
1986.815,-0.022
1986.818,0.104
1986.821,0.054
1986.823,-0.169
1986.826,-0.216
1986.829,-0.166
1986.832,-0.196
1986.834,-0.086
1986.837,-0.017
1986.840,0.156
1986.842,0.153
1986.845,0.244
1986.848,0.150
1986.851,-0.285
1986.853,-0.430
1986.856,-0.550
1986.859,-0.734
1986.862,-0.943
1986.864,-1.179
1986.867,-1.104
1986.870,-0.969
1986.873,-0.676
1986.875,-0.466
1986.878,-0.206
1986.881,-0.211
1986.884,-0.492
1986.886,-0.588
1986.889,-0.551
1986.892,-0.364
1986.895,-0.266
1986.897,-0.104
1986.900,-0.230
1986.903,-0.234
1986.906,-0.247
1986.908,-0.194
1986.911,-0.087
1986.914,0.172
1986.916,0.314
1986.919,0.483
1986.922,0.546
1986.925,0.509
1986.927,0.554
1986.930,0.555
1986.933,0.392
1986.936,0.263
1986.938,0.129
1986.941,-0.157
1986.944,-0.425
1986.947,-0.419
1986.949,-0.441
1986.952,-0.495
1986.955,-0.347
1986.958,-0.265
1986.960,-0.291
1986.963,-0.199
1986.966,-0.259
1986.969,-0.258
1986.971,-0.291
1986.974,-0.112
1986.977,0.089
1986.979,-0.092
1986.982,-0.384
1986.985,-0.388
1986.988,-0.419
1986.990,-0.229
1986.993,-0.018
1986.996,-0.103
1986.999,-0.280
1987.001,-0.428
1987.004,-0.591
1987.007,-0.771
1987.010,-0.787
1987.012,-0.459
1987.015,-0.332
1987.018,-0.254
1987.021,-0.326
1987.023,-0.407
1987.026,-0.165
1987.029,-0.131
1987.031,0.057
1987.034,0.534
1987.037,0.748
1987.040,0.608
1987.042,0.796
1987.045,0.910
1987.048,0.758
1987.051,0.477
1987.053,0.452
1987.056,0.553
1987.059,0.767
1987.062,0.772
1987.064,0.556
1987.067,0.686
1987.070,1.139
1987.073,1.450
1987.075,1.613
1987.078,1.387
1987.081,1.346
1987.084,1.333
1987.086,1.659
1987.089,1.916
1987.092,1.678
1987.094,1.571
1987.097,1.463
1987.100,1.501
1987.103,1.520
1987.105,1.370
1987.108,1.087
1987.111,0.791
1987.114,0.475
1987.116,0.289
1987.119,0.434
1987.122,0.532
1987.125,0.507
1987.127,0.616
1987.130,0.790
1987.133,0.656
1987.136,0.602
1987.138,0.593
1987.141,0.761
1987.144,0.763
1987.147,0.950
1987.149,0.926
1987.152,0.890
1987.155,0.884
1987.158,0.699
1987.160,0.486
1987.163,0.252
1987.166,0.144
1987.168,0.027
1987.171,0.144
1987.174,0.479
1987.177,0.779
1987.179,0.597
1987.182,0.261
1987.185,-0.178
1987.188,-0.490
1987.190,-0.430
1987.193,-0.215
1987.196,-0.161
1987.199,-0.019
1987.201,-0.018
1987.204,0.070
1987.207,0.388
1987.210,0.326
1987.212,0.411
1987.215,0.297
1987.218,0.359
1987.221,0.266
1987.223,0.131
1987.226,-0.003
1987.229,0.023
1987.232,0.209
1987.234,0.168
1987.237,0.156
1987.240,0.144
1987.242,0.202
1987.245,0.398
1987.248,0.214
1987.251,0.242
1987.253,0.312
1987.256,0.371
1987.259,0.529
1987.262,0.641
1987.264,0.772
1987.267,0.628
1987.270,0.402
1987.273,0.093
1987.275,0.179
1987.278,0.271
1987.281,0.476
1987.284,0.726
1987.286,1.041
1987.289,1.109
1987.292,0.996
1987.295,0.723
1987.297,0.459
1987.300,0.330
1987.303,0.291
1987.305,0.193
1987.308,0.442
1987.311,0.586
1987.314,0.728
1987.316,0.777
1987.319,0.826
1987.322,1.023
1987.325,1.271
1987.327,1.207
1987.330,0.983
1987.333,0.708
1987.336,0.556
1987.338,0.580
1987.341,0.640
1987.344,0.801
1987.347,0.829
1987.349,0.668
1987.352,0.536
1987.355,0.306
1987.358,0.285
1987.360,0.501
1987.363,0.557
1987.366,0.897
1987.369,0.895
1987.371,0.689
1987.374,0.736
1987.377,0.670
1987.379,0.522
1987.382,0.413
1987.385,0.106
1987.388,-0.155
1987.390,0.007
1987.393,0.221
1987.396,0.166
1987.399,0.167
1987.401,-0.003
1987.404,-0.051
1987.407,-0.122
1987.410,0.090
1987.412,0.132
1987.415,0.303
1987.418,0.550
1987.421,0.731
1987.423,0.647
1987.426,0.504
1987.429,0.443
1987.432,0.750
1987.434,0.755
1987.437,0.621
1987.440,0.725
1987.443,0.830
1987.445,0.814
1987.448,0.642
1987.451,0.328
1987.453,0.396
1987.456,0.234
1987.459,0.340
1987.462,0.360
1987.464,0.383
1987.467,0.357
1987.470,0.379
1987.473,0.237
1987.475,0.054
1987.478,0.097
1987.481,0.353
1987.484,0.591
1987.486,0.673
1987.489,0.905
1987.492,0.981
1987.495,0.702
1987.497,0.582
1987.500,0.563
1987.503,0.725
1987.505,0.662
1987.508,0.453
1987.511,0.409
1987.514,0.377
1987.516,0.473
1987.519,0.724
1987.522,0.716
1987.525,0.750
1987.527,0.553
1987.530,0.558
1987.533,0.712
1987.536,0.929
1987.538,0.929
1987.541,0.630
1987.544,0.547
1987.547,0.540
1987.549,0.446
1987.552,0.670
1987.555,0.937
1987.557,1.148
1987.560,1.280
1987.563,0.974
1987.566,0.733
1987.568,0.809
1987.571,0.744
1987.574,0.507
1987.577,0.224
1987.579,0.043
1987.582,0.123
1987.585,0.240
1987.588,0.275
1987.590,0.219
1987.593,0.034
1987.596,-0.122
1987.599,-0.041
1987.601,-0.038
1987.604,-0.098
1987.607,-0.104
1987.610,0.157
1987.612,0.266
1987.615,0.341
1987.618,0.335
1987.621,0.474
1987.623,0.337
1987.626,0.089
1987.629,-0.118
1987.631,-0.060
1987.634,-0.005
1987.637,-0.014
1987.640,-0.001
1987.642,0.001
1987.645,0.118
1987.648,0.200
1987.651,0.274
1987.653,0.311
1987.656,0.182
1987.659,0.073
1987.662,-0.090
1987.664,-0.138
1987.667,0.004
1987.670,0.103
1987.673,-0.005
1987.675,-0.047
1987.678,0.182
1987.681,0.350
1987.684,0.434
1987.686,0.460
1987.689,0.525
1987.692,0.404
1987.695,0.399
1987.697,0.436
1987.700,0.595
1987.703,0.692
1987.705,0.744
1987.708,0.789
1987.711,0.647
1987.714,0.705
1987.716,0.547
1987.719,0.409
1987.722,0.507
1987.725,0.478
1987.727,0.182
1987.730,0.096
1987.733,0.177
1987.736,0.438
1987.738,0.479
1987.741,0.234
1987.744,0.312
1987.747,0.695
1987.749,0.785
1987.752,0.682
1987.755,0.799
1987.758,0.812
1987.760,0.789
1987.763,0.631
1987.766,0.457
1987.768,0.408
1987.771,0.341
1987.774,0.457
1987.777,0.508
1987.779,0.366
1987.782,0.082
1987.785,-0.037
1987.788,0.176
1987.790,0.235
1987.793,0.084
1987.796,-0.047
1987.799,-0.230
1987.801,-0.213
1987.804,-0.138
1987.807,0.016
1987.810,0.275
1987.812,0.333
1987.815,0.224
1987.818,0.090
1987.821,0.040
1987.823,0.174
1987.826,0.223
1987.829,0.109
1987.832,0.230
1987.834,0.260
1987.837,0.277
1987.840,0.436
1987.842,0.379
1987.845,0.207
1987.848,0.045
1987.851,-0.002
1987.853,-0.098
1987.856,-0.180
1987.859,-0.296
1987.862,-0.334
1987.864,-0.089
1987.867,-0.103
1987.870,-0.079
1987.873,-0.152
1987.875,-0.213
1987.878,0.007
1987.881,-0.080
1987.884,-0.442
1987.886,-0.692
1987.889,-0.760
1987.892,-0.742
1987.895,-0.541
1987.897,-0.228
1987.900,-0.240
1987.903,-0.293
1987.906,-0.356
1987.908,-0.234
1987.911,0.010
1987.914,0.186
1987.916,0.313
1987.919,0.351
1987.922,0.505
1987.925,0.623
1987.927,0.640
1987.930,0.708
1987.933,0.882
1987.936,0.997
1987.938,1.273
1987.941,1.425
1987.944,1.549
1987.947,1.325
1987.949,0.939
1987.952,0.643
1987.955,0.463
1987.958,0.638
1987.960,0.767
1987.963,0.884
1987.966,1.040
1987.969,1.161
1987.971,1.145
1987.974,0.795
1987.977,0.784
1987.979,0.457
1987.982,0.325
1987.985,0.479
1987.988,0.393
1987.990,0.228
1987.993,0.064
1987.996,0.117
1987.999,0.280
1988.001,0.557
1988.004,0.691
1988.007,0.779
1988.010,1.010
1988.012,1.193
1988.015,1.156
1988.018,0.976
1988.021,0.764
1988.023,0.861
1988.026,0.844
1988.029,1.049
1988.031,1.234
1988.034,1.211
1988.037,1.104
1988.040,1.196
1988.042,1.394
1988.045,1.262
1988.048,0.847
1988.051,0.635
1988.053,0.490
1988.056,0.446
1988.059,0.297
1988.062,0.192
1988.064,0.168
1988.067,0.377
1988.070,0.603
1988.072,0.600
1988.075,0.663
1988.078,0.694
1988.081,0.432
1988.083,0.360
1988.086,0.259
1988.089,0.214
1988.092,0.151
1988.094,0.251
1988.097,0.019
1988.100,-0.082
1988.102,-0.051
1988.105,-0.033
1988.108,-0.175
1988.111,-0.275
1988.113,-0.165
1988.116,-0.089
1988.119,0.068
1988.122,0.142
1988.124,0.070
1988.127,-0.035
1988.130,-0.070
1988.133,-0.089
1988.135,0.143
1988.138,0.339
1988.141,0.305
1988.143,0.449
1988.146,0.473
1988.149,0.402
1988.152,0.711
1988.154,0.907
1988.157,1.016
1988.160,1.026
1988.163,1.100
1988.165,1.184
1988.168,1.086
1988.171,0.886
1988.173,0.793
1988.176,0.875
1988.179,0.805
1988.182,0.977
1988.184,1.082
1988.187,1.239
1988.190,0.997
1988.193,0.731
1988.195,0.433
1988.198,0.232
1988.201,0.110
1988.203,0.086
1988.206,0.301
1988.209,0.444
1988.212,0.332
1988.214,0.375
1988.217,0.590
1988.220,0.799
1988.223,1.067
1988.225,1.376
1988.228,1.062
1988.231,0.864
1988.234,0.978
1988.236,0.998
1988.239,0.816
1988.242,0.769
1988.245,0.545
1988.247,0.588
1988.250,0.513
1988.253,0.358
1988.255,0.431
1988.258,0.592
1988.261,0.828
1988.264,1.010
1988.266,0.898
1988.269,0.787
1988.272,0.594
1988.275,0.826
1988.277,0.945
1988.280,1.115
1988.283,1.288
1988.286,1.304
1988.288,1.144
1988.291,0.708
1988.294,0.474
1988.297,0.727
1988.299,1.090
1988.302,1.374
1988.305,1.312
1988.307,1.313
1988.310,1.054
1988.313,0.978
1988.316,0.829
1988.318,0.702
1988.321,0.663
1988.324,0.665
1988.327,0.521
1988.329,0.340
1988.332,0.333
1988.335,0.515
1988.337,0.311
1988.340,0.286
1988.343,0.314
1988.346,0.446
1988.348,0.536
1988.351,0.643
1988.354,0.467
1988.357,0.469
1988.359,0.514
1988.362,0.672
1988.365,0.615
1988.367,0.741
1988.370,0.856
1988.373,1.117
1988.376,1.029
1988.378,0.830
1988.381,0.813
1988.384,0.967
1988.387,0.964
1988.389,1.012
1988.392,1.033
1988.395,0.870
1988.398,0.931
1988.400,0.855
1988.403,0.831
1988.406,0.836
1988.408,0.721
1988.411,0.328
1988.414,0.247
1988.417,0.203
1988.419,0.360
1988.422,0.663
1988.425,0.748
1988.428,0.701
1988.430,0.674
1988.433,0.701
1988.436,0.657
1988.438,0.877
1988.441,1.008
1988.444,0.926
1988.447,0.873
1988.449,0.698
1988.452,0.877
1988.455,1.120
1988.458,0.952
1988.460,1.009
1988.463,1.133
1988.466,1.204
1988.469,1.235
1988.471,0.990
1988.474,0.849
1988.477,0.637
1988.479,0.381
1988.482,0.334
1988.485,0.454
1988.488,0.592
1988.490,0.542
1988.493,0.483
1988.496,0.444
1988.499,0.479
1988.501,0.300
1988.504,0.239
1988.507,0.348
1988.510,0.499
1988.512,0.475
1988.515,0.571
1988.518,0.654
1988.521,0.599
1988.523,0.494
1988.526,0.366
1988.529,0.473
1988.531,0.398
1988.534,0.566
1988.537,0.539
1988.540,0.650
1988.542,0.702
1988.545,0.848
1988.548,0.951
1988.551,0.738
1988.553,0.522
1988.556,0.526
1988.559,0.516
1988.562,0.336
1988.564,0.266
1988.567,0.311
1988.570,0.243
1988.572,0.289
1988.575,0.326
1988.578,0.427
1988.581,0.602
1988.583,0.485
1988.586,0.248
1988.589,0.232
1988.592,0.283
1988.594,0.348
1988.597,0.467
1988.600,0.458
1988.602,0.670
1988.605,0.731
1988.608,0.772
1988.611,0.717
1988.613,0.769
1988.616,0.719
1988.619,0.872
1988.622,0.982
1988.624,1.026
1988.627,1.119
1988.630,1.118
1988.633,0.849
1988.635,0.765
1988.638,0.752
1988.641,0.758
1988.643,0.747
1988.646,0.713
1988.649,0.502
1988.652,0.597
1988.654,0.728
1988.657,0.878
1988.660,0.943
1988.663,0.746
1988.665,0.725
1988.668,0.642
1988.671,0.454
1988.673,0.393
1988.676,0.665
1988.679,0.710
1988.682,0.834
1988.684,0.748
1988.687,0.466
1988.690,0.573
1988.693,0.651
1988.695,0.802
1988.698,0.796
1988.701,0.581
1988.703,0.379
1988.706,0.227
1988.709,0.358
1988.712,0.258
1988.714,0.437
1988.717,0.767
1988.720,0.895
1988.723,0.908
1988.725,0.931
1988.728,0.842
1988.731,0.834
1988.734,0.823
1988.736,0.825
1988.739,0.673
1988.742,0.729
1988.745,0.937
1988.747,1.097
1988.750,1.059
1988.753,0.887
1988.755,0.712
1988.758,0.580
1988.761,0.678
1988.764,0.629
1988.766,0.564
1988.769,0.854
1988.772,1.203
1988.775,1.293
1988.777,1.209
1988.780,1.088
1988.783,0.970
1988.786,1.033
1988.788,0.905
1988.791,1.012
1988.794,1.025
1988.797,0.940
1988.799,0.939
1988.802,0.788
1988.805,0.675
1988.807,0.357
1988.810,0.274
1988.813,0.457
1988.816,0.434
1988.818,0.363
1988.821,0.258
1988.824,0.276
1988.827,0.234
1988.829,0.196
1988.832,0.273
1988.835,0.399
1988.837,0.506
1988.840,0.480
1988.843,0.452
1988.846,0.432
1988.848,0.278
1988.851,0.086
1988.854,0.020
1988.857,-0.262
1988.859,-0.351
1988.862,-0.258
1988.865,-0.180
1988.867,0.042
1988.870,0.005
1988.873,-0.056
1988.876,-0.110
1988.878,-0.095
1988.881,-0.051
1988.884,-0.088
1988.887,-0.072
1988.889,-0.257
1988.892,-0.195
1988.895,0.061
1988.898,0.087
1988.900,0.188
1988.903,0.278
1988.906,0.355
1988.908,0.378
1988.911,0.373
1988.914,0.308
1988.917,0.365
1988.919,0.490
1988.922,0.716
1988.925,0.776
1988.928,0.738
1988.930,0.769
1988.933,0.397
1988.936,0.056
1988.938,0.002
1988.941,0.199
1988.944,0.491
1988.947,0.710
1988.949,0.679
1988.952,0.727
1988.955,0.634
1988.958,0.504
1988.960,0.573
1988.963,0.888
1988.966,0.944
1988.969,0.963
1988.971,0.861
1988.974,0.860
1988.977,1.165
1988.979,1.195
1988.982,0.935
1988.985,0.579
1988.988,0.305
1988.990,-0.021
1988.993,-0.296
1988.996,-0.158
1988.999,0.116
1989.001,-0.002
1989.004,-0.105
1989.007,-0.189
1989.010,-0.295
1989.012,-0.370
1989.015,-0.405
1989.018,-0.354
1989.021,-0.460
1989.023,-0.593
1989.026,-0.395
1989.029,-0.120
1989.031,0.186
1989.034,0.158
1989.037,-0.026
1989.040,-0.157
1989.042,-0.172
1989.045,-0.094
1989.048,-0.100
1989.051,-0.091
1989.053,-0.071
1989.056,-0.111
1989.059,-0.374
1989.062,-0.249
1989.064,-0.186
1989.067,-0.056
1989.070,0.118
1989.073,0.064
1989.075,0.054
1989.078,0.200
1989.081,0.698
1989.084,0.701
1989.086,0.407
1989.089,0.171
1989.092,0.064
1989.094,0.174
1989.097,0.514
1989.100,0.713
1989.103,0.836
1989.105,0.967
1989.108,1.038
1989.111,0.923
1989.114,0.858
1989.116,0.715
1989.119,0.590
1989.122,0.400
1989.125,0.075
1989.127,-0.039
1989.130,-0.005
1989.133,0.009
1989.136,0.043
1989.138,0.035
1989.141,-0.006
1989.144,-0.067
1989.147,-0.084
1989.149,0.124
1989.152,0.617
1989.155,0.919
1989.158,0.870
1989.160,0.771
1989.163,0.771
1989.166,0.775
1989.168,0.615
1989.171,0.365
1989.174,0.393
1989.177,0.435
1989.179,0.586
1989.182,0.917
1989.185,1.149
1989.188,1.193
1989.190,0.988
1989.193,1.049
1989.196,0.782
1989.199,0.650
1989.201,0.411
1989.204,0.113
1989.207,0.138
1989.210,0.068
1989.212,0.204
1989.215,0.133
1989.218,0.321
1989.221,0.489
1989.223,0.717
1989.226,0.926
1989.229,0.981
1989.232,0.899
1989.234,0.980
1989.237,0.808
1989.240,0.582
1989.242,0.609
1989.245,0.642
1989.248,0.876
1989.251,0.855
1989.253,1.014
1989.256,1.093
1989.259,0.940
1989.262,0.878
1989.264,0.710
1989.267,0.602
1989.270,0.532
1989.273,0.483
1989.275,0.586
1989.278,0.328
1989.281,0.435
1989.284,0.647
1989.286,0.652
1989.289,0.558
1989.292,0.450
1989.295,0.379
1989.297,0.517
1989.300,0.531
1989.303,0.584
1989.305,0.463
1989.308,0.607
1989.311,0.509
1989.314,0.410
1989.316,0.415
1989.319,0.017
1989.322,-0.020
1989.325,0.135
1989.327,0.023
1989.330,0.088
1989.333,0.151
1989.336,0.425
1989.338,0.481
1989.341,0.240
1989.344,-0.139
1989.347,-0.407
1989.349,-0.585
1989.352,-0.478
1989.355,-0.158
1989.358,-0.051
1989.360,-0.050
1989.363,0.065
1989.366,0.414
1989.369,0.309
1989.371,0.143
1989.374,0.144
1989.377,0.473
1989.379,0.326
1989.382,0.189
1989.385,0.249
1989.388,0.243
1989.390,0.207
1989.393,0.130
1989.396,0.051
1989.399,-0.064
1989.401,-0.229
1989.404,0.091
1989.407,0.455
1989.410,0.641
1989.412,0.589
1989.415,0.517
1989.418,0.571
1989.421,0.532
1989.423,0.382
1989.426,0.061
1989.429,0.143
1989.432,0.204
1989.434,0.182
1989.437,0.045
1989.440,0.001
1989.443,-0.103
1989.445,-0.182
1989.448,-0.256
1989.451,-0.226
1989.453,-0.172
1989.456,-0.272
1989.459,-0.168
1989.462,0.008
1989.464,0.167
1989.467,0.005
1989.470,-0.017
1989.473,0.162
1989.475,0.253
1989.478,0.162
1989.481,0.098
1989.484,0.264
1989.486,0.249
1989.489,0.308
1989.492,0.373
1989.495,0.455
1989.497,0.447
1989.500,0.450
1989.503,0.458
1989.505,0.396
1989.508,0.207
1989.511,-0.005
1989.514,-0.123
1989.516,0.047
1989.519,-0.025
1989.522,-0.061
1989.525,0.160
1989.527,0.616
1989.530,0.713
1989.533,0.569
1989.536,0.627
1989.538,0.703
1989.541,0.643
1989.544,0.622
1989.547,0.535
1989.549,0.476
1989.552,0.255
1989.555,0.270
1989.557,0.341
1989.560,0.293
1989.563,0.177
1989.566,0.204
1989.568,0.310
1989.571,0.239
1989.574,0.225
1989.577,0.357
1989.579,0.074
1989.582,0.154
1989.585,0.016
1989.588,0.172
1989.590,-0.055
1989.593,-0.221
1989.596,-0.075
1989.599,0.026
1989.601,0.043
1989.604,0.001
1989.607,0.132
1989.610,0.381
1989.612,0.427
1989.615,0.341
1989.618,0.440
1989.621,0.484
1989.623,0.577
1989.626,0.368
1989.629,0.363
1989.631,0.136
1989.634,-0.051
1989.637,0.107
1989.640,0.019
1989.642,0.198
1989.645,0.498
1989.648,0.599
1989.651,0.736
1989.653,0.757
1989.656,0.682
1989.659,0.870
1989.662,0.859
1989.664,0.801
1989.667,0.539
1989.670,0.543
1989.673,0.482
1989.675,0.490
1989.678,0.219
1989.681,0.161
1989.684,0.154
1989.686,0.208
1989.689,-0.042
1989.692,0.033
1989.695,0.078
1989.697,-0.124
1989.700,-0.186
1989.703,0.073
1989.705,0.378
1989.708,0.412
1989.711,0.473
1989.714,0.447
1989.716,0.555
1989.719,0.509
1989.722,0.714
1989.725,0.769
1989.727,0.448
1989.730,0.204
1989.733,0.166
1989.736,-0.002
1989.738,-0.185
1989.741,-0.012
1989.744,0.230
1989.747,0.449
1989.749,0.629
1989.752,0.587
1989.755,0.331
1989.758,0.496
1989.760,0.681
1989.763,0.766
1989.766,0.761
1989.768,0.525
1989.771,0.379
1989.774,0.287
1989.777,0.350
1989.779,0.456
1989.782,0.358
1989.785,0.413
1989.788,0.474
1989.790,0.397
1989.793,0.227
1989.796,0.127
1989.799,0.002
1989.801,0.183
1989.804,0.310
1989.807,0.521
1989.810,0.704
1989.812,0.937
1989.815,0.776
1989.818,0.796
1989.821,0.603
1989.823,0.353
1989.826,0.162
1989.829,0.026
1989.832,-0.192
1989.834,-0.390
1989.837,-0.460
1989.840,-0.534
1989.842,-0.357
1989.845,-0.266
1989.848,-0.426
1989.851,-0.566
1989.853,-0.555
1989.856,-0.361
1989.859,-0.203
1989.862,-0.255
1989.864,-0.368
1989.867,-0.519
1989.870,-0.503
1989.873,-0.418
1989.875,-0.474
1989.878,-0.521
1989.881,-0.247
1989.884,0.227
1989.886,0.360
1989.889,0.290
1989.892,0.274
1989.895,0.286
1989.897,0.502
1989.900,0.702
1989.903,0.750
1989.906,0.824
1989.908,0.769
1989.911,0.799
1989.914,0.813
1989.916,0.769
1989.919,0.547
1989.922,0.692
1989.925,1.062
1989.927,1.072
1989.930,0.850
1989.933,0.588
1989.936,0.533
1989.938,0.530
1989.941,0.496
1989.944,0.306
1989.947,0.192
1989.949,0.257
1989.952,0.479
1989.955,0.449
1989.958,0.099
1989.960,-0.042
1989.963,0.100
1989.966,0.500
1989.969,0.553
1989.971,0.570
1989.974,0.512
1989.977,0.561
1989.979,0.875
1989.982,1.116
1989.985,1.021
1989.988,0.756
1989.990,0.837
1989.993,1.123
1989.996,1.279
1989.999,1.226
1990.001,1.154
1990.004,1.040
1990.007,0.973
1990.010,0.683
1990.012,0.510
1990.015,0.526
1990.018,0.592
1990.021,0.535
1990.023,0.501
1990.026,0.392
1990.029,0.401
1990.031,0.401
1990.034,0.285
1990.037,0.332
1990.040,0.556
1990.042,0.595
1990.045,0.622
1990.048,0.541
1990.051,0.271
1990.053,0.495
1990.056,0.713
1990.059,0.808
1990.062,0.836
1990.064,0.736
1990.067,0.653
1990.070,0.653
1990.073,0.643
1990.075,0.464
1990.078,0.261
1990.081,0.115
1990.084,-0.080
1990.086,0.047
1990.089,0.009
1990.092,-0.057
1990.094,-0.090
1990.097,-0.003
1990.100,0.157
1990.103,0.281
1990.105,0.325
1990.108,0.498
1990.111,0.809
1990.114,1.044
1990.116,0.905
1990.119,0.988
1990.122,0.866
1990.125,0.779
1990.127,0.494
1990.130,0.212
1990.133,0.289
1990.136,0.421
1990.138,0.455
1990.141,0.500
1990.144,0.542
1990.147,0.355
1990.149,0.133
1990.152,0.460
1990.155,0.752
1990.158,1.133
1990.160,1.416
1990.163,1.591
1990.166,1.697
1990.168,1.866
1990.171,1.809
1990.174,1.745
1990.177,1.625
1990.179,1.901
1990.182,2.106
1990.185,2.182
1990.188,2.257
1990.190,2.181
1990.193,2.190
1990.196,2.152
1990.199,2.130
1990.201,2.084
1990.204,1.988
1990.207,1.992
1990.210,1.676
1990.212,1.397
1990.215,1.276
1990.218,1.254
1990.221,1.148
1990.223,1.123
1990.226,0.983
1990.229,0.868
1990.232,0.820
1990.234,0.955
1990.237,1.146
1990.240,1.328
1990.242,1.533
1990.245,1.535
1990.248,1.362
1990.251,1.282
1990.253,0.958
1990.256,1.035
1990.259,1.267
1990.262,1.063
1990.264,0.889
1990.267,0.958
1990.270,0.874
1990.273,0.755
1990.275,0.665
1990.278,0.682
1990.281,1.190
1990.284,1.462
1990.286,1.600
1990.289,1.337
1990.292,0.810
1990.295,0.287
1990.297,0.177
1990.300,0.477
1990.303,0.917
1990.305,1.217
1990.308,1.285
1990.311,1.291
1990.314,1.253
1990.316,1.271
1990.319,1.379
1990.322,1.397
1990.325,1.387
1990.327,1.293
1990.330,1.262
1990.333,1.028
1990.336,1.049
1990.338,1.268
1990.341,1.206
1990.344,1.215
1990.347,1.349
1990.349,1.143
1990.352,0.947
1990.355,0.764
1990.358,0.888
1990.360,1.161
1990.363,1.175
1990.366,1.060
1990.369,0.870
1990.371,0.823
1990.374,0.723
1990.377,0.463
1990.379,0.298
1990.382,0.159
1990.385,0.141
1990.388,0.123
1990.390,-0.013
1990.393,0.212
1990.396,0.350
1990.399,0.534
1990.401,0.442
1990.404,0.202
1990.407,-0.030
1990.410,-0.098
1990.412,-0.146
1990.415,0.070
1990.418,0.419
1990.421,0.514
1990.423,0.274
1990.426,0.305
1990.429,0.306
1990.432,0.548
1990.434,0.812
1990.437,0.780
1990.440,0.815
1990.443,0.592
1990.445,0.447
1990.448,0.621
1990.451,0.759
1990.453,0.850
1990.456,0.895
1990.459,0.887
1990.462,1.090
1990.464,0.921
1990.467,0.685
1990.470,0.656
1990.473,0.641
1990.475,0.762
1990.478,0.647
1990.481,0.310
1990.484,0.301
1990.486,0.269
1990.489,0.390
1990.492,0.688
1990.495,0.847
1990.497,0.472
1990.500,0.358
1990.503,0.122
1990.505,0.238
1990.508,0.549
1990.511,0.619
1990.514,0.821
1990.516,1.044
1990.519,1.268
1990.522,1.041
1990.525,0.921
1990.527,1.008
1990.530,0.846
1990.533,0.782
1990.536,0.984
1990.538,1.142
1990.541,1.140
1990.544,0.764
1990.547,0.486
1990.549,0.384
1990.552,0.255
1990.555,0.057
1990.557,0.004
1990.560,-0.030
1990.563,-0.045
1990.566,0.056
1990.568,-0.121
1990.571,-0.184
1990.574,-0.059
1990.577,-0.132
1990.579,-0.212
1990.582,-0.045
1990.585,-0.030
1990.588,0.107
1990.590,0.511
1990.593,0.654
1990.596,0.566
1990.599,0.330
1990.601,0.271
1990.604,0.228
1990.607,0.343
1990.610,0.482
1990.612,0.545
1990.615,0.466
1990.618,0.305
1990.621,0.421
1990.623,0.349
1990.626,0.082
1990.629,-0.147
1990.631,-0.072
1990.634,0.045
1990.637,0.106
1990.640,0.107
1990.642,0.032
1990.645,-0.120
1990.648,0.050
1990.651,0.252
1990.653,0.509
1990.656,0.485
1990.659,0.402
1990.662,0.335
1990.664,0.331
1990.667,0.104
1990.670,-0.237
1990.673,-0.300
1990.675,-0.405
1990.678,-0.238
1990.681,-0.092
1990.684,0.036
1990.686,0.189
1990.689,0.285
1990.692,0.474
1990.695,0.335
1990.697,-0.052
1990.700,-0.268
1990.703,-0.171
1990.705,-0.059
1990.708,-0.113
1990.711,-0.351
1990.714,-0.565
1990.716,-0.389
1990.719,-0.010
1990.722,0.327
1990.725,0.515
1990.727,0.331
1990.730,0.245
1990.733,0.400
1990.736,0.480
1990.738,0.670
1990.741,0.703
1990.744,0.697
1990.747,0.566
1990.749,0.523
1990.752,0.610
1990.755,0.612
1990.758,0.713
1990.760,0.590
1990.763,0.404
1990.766,0.256
1990.768,0.298
1990.771,0.342
1990.774,0.586
1990.777,0.800
1990.779,1.093
1990.782,1.197
1990.785,1.232
1990.788,1.149
1990.790,0.851
1990.793,0.864
1990.796,0.747
1990.799,0.335
1990.801,0.263
1990.804,0.249
1990.807,0.297
1990.810,0.366
1990.812,0.364
1990.815,0.453
1990.818,0.541
1990.821,0.475
1990.823,0.394
1990.826,0.448
1990.829,0.521
1990.832,0.502
1990.834,0.574
1990.837,0.690
1990.840,0.497
1990.842,0.250
1990.845,0.065
1990.848,-0.027
1990.851,-0.040
1990.853,-0.179
1990.856,-0.177
1990.859,0.130
1990.862,0.183
1990.864,0.436
1990.867,0.707
1990.870,0.732
1990.873,0.813
1990.875,0.846
1990.878,0.828
1990.881,1.091
1990.884,1.178
1990.886,1.314
1990.889,1.410
1990.892,1.412
1990.895,1.376
1990.897,1.224
1990.900,1.000
1990.903,0.777
1990.906,0.611
1990.908,0.898
1990.911,0.801
1990.914,0.579
1990.916,0.547
1990.919,0.542
1990.922,0.620
1990.925,0.884
1990.927,1.020
1990.930,1.032
1990.933,1.035
1990.936,1.121
1990.938,0.973
1990.941,0.568
1990.944,0.540
1990.947,0.733
1990.949,0.913
1990.952,0.742
1990.955,0.954
1990.958,1.350
1990.960,1.520
1990.963,1.230
1990.966,0.888
1990.969,0.713
1990.971,0.871
1990.974,0.811
1990.977,0.490
1990.979,0.084
1990.982,-0.065
1990.985,-0.209
1990.988,-0.263
1990.990,0.017
1990.993,0.251
1990.996,0.236
1990.999,0.336
1991.001,0.348
1991.004,0.210
1991.007,0.088
1991.010,-0.012
1991.012,-0.158
1991.015,-0.311
1991.018,-0.369
1991.021,-0.114
1991.023,0.279
1991.026,0.517
1991.029,0.746
1991.031,0.926
1991.034,1.042
1991.037,0.837
1991.040,0.599
1991.042,0.622
1991.045,0.927
1991.048,0.998
1991.051,1.158
1991.053,1.161
1991.056,1.089
1991.059,0.889
1991.062,1.111
1991.064,1.215
1991.067,0.990
1991.070,0.977
1991.073,0.910
1991.075,0.585
1991.078,0.132
1991.081,0.016
1991.084,0.017
1991.086,0.312
1991.089,0.806
1991.092,1.039
1991.094,1.125
1991.097,1.189
1991.100,1.275
1991.103,1.510
1991.105,1.466
1991.108,1.246
1991.111,1.033
1991.114,0.629
1991.116,0.429
1991.119,0.356
1991.122,0.086
1991.125,-0.097
1991.127,-0.156
1991.130,0.067
1991.133,0.563
1991.136,0.724
1991.138,1.099
1991.141,1.280
1991.144,1.232
1991.147,1.190
1991.149,1.213
1991.152,1.407
1991.155,1.491
1991.158,1.268
1991.160,0.938
1991.163,0.651
1991.166,0.631
1991.168,0.695
1991.171,0.903
1991.174,0.770
1991.177,0.528
1991.179,0.209
1991.182,0.031
1991.185,0.073
1991.188,0.272
1991.190,0.167
1991.193,0.162
1991.196,0.296
1991.199,0.456
1991.201,0.337
1991.204,0.400
1991.207,0.635
1991.210,0.813
1991.212,0.671
1991.215,0.564
1991.218,0.404
1991.221,0.176
1991.223,-0.058
1991.226,0.027
1991.229,-0.010
1991.232,0.146
1991.234,0.211
1991.237,0.409
1991.240,0.825
1991.242,1.036
1991.245,1.049
1991.248,1.052
1991.251,1.172
1991.253,1.333
1991.256,1.692
1991.259,1.865
1991.262,2.015
1991.264,1.825
1991.267,1.458
1991.270,1.322
1991.273,1.122
1991.275,0.840
1991.278,0.785
1991.281,0.986
1991.284,1.026
1991.286,0.936
1991.289,0.994
1991.292,1.016
1991.295,0.928
1991.297,0.783
1991.300,0.736
1991.303,0.831
1991.305,0.961
1991.308,1.158
1991.311,1.274
1991.314,1.124
1991.316,1.162
1991.319,1.044
1991.322,1.090
1991.325,0.962
1991.327,0.722
1991.330,0.223
1991.333,0.021
1991.336,-0.016
1991.338,0.006
1991.341,-0.057
1991.344,-0.137
1991.347,0.187
1991.349,0.404
1991.352,0.561
1991.355,0.637
1991.358,0.501
1991.360,0.512
1991.363,0.260
1991.366,0.055
1991.369,0.192
1991.371,0.261
1991.374,0.354
1991.377,0.086
1991.379,0.335
1991.382,0.475
1991.385,0.576
1991.388,0.680
1991.390,0.870
1991.393,0.726
1991.396,0.821
1991.399,0.946
1991.401,1.125
1991.404,1.294
1991.407,1.194
1991.410,1.084
1991.412,0.954
1991.415,0.976
1991.418,0.978
1991.421,0.860
1991.423,0.863
1991.426,1.088
1991.429,0.963
1991.432,0.848
1991.434,0.716
1991.437,0.769
1991.440,0.855
1991.443,0.717
1991.445,0.568
1991.448,0.580
1991.451,0.765
1991.453,0.753
1991.456,1.069
1991.459,1.082
1991.462,1.241
1991.464,1.139
1991.467,1.040
1991.470,0.781
1991.473,0.684
1991.475,0.493
1991.478,0.606
1991.481,0.946
1991.484,1.100
1991.486,1.276
1991.489,1.253
1991.492,1.164
1991.495,1.079
1991.497,0.743
1991.500,0.927
1991.503,0.994
1991.505,0.863
1991.508,0.769
1991.511,0.854
1991.514,0.868
1991.516,0.806
1991.519,0.721
1991.522,0.579
1991.525,0.506
1991.527,0.718
1991.530,0.507
1991.533,0.413
1991.536,0.379
1991.538,0.546
1991.541,0.841
1991.544,0.966
1991.547,0.881
1991.549,0.826
1991.552,0.574
1991.555,0.448
1991.557,0.515
1991.560,0.689
1991.563,0.633
1991.566,0.669
1991.568,0.575
1991.571,0.668
1991.574,0.838
1991.577,0.841
1991.579,0.920
1991.582,1.033
1991.585,0.970
1991.588,0.900
1991.590,0.799
1991.593,0.736
1991.596,0.785
1991.599,0.638
1991.601,0.637
1991.604,0.511
1991.607,0.251
1991.610,0.198
1991.612,0.296
1991.615,0.227
1991.618,0.300
1991.621,0.626
1991.623,0.475
1991.626,0.404
1991.629,0.507
1991.631,0.526
1991.634,0.612
1991.637,0.595
1991.640,0.688
1991.642,0.479
1991.645,0.333
1991.648,0.221
1991.651,0.267
1991.653,0.124
1991.656,0.073
1991.659,0.178
1991.662,0.349
1991.664,0.401
1991.667,0.366
1991.670,0.402
1991.673,0.165
1991.675,0.216
1991.678,0.397
1991.681,0.525
1991.684,0.513
1991.686,0.350
1991.689,0.330
1991.692,0.275
1991.695,0.240
1991.697,0.201
1991.700,0.259
1991.703,0.281
1991.705,0.659
1991.708,0.732
1991.711,0.928
1991.714,0.800
1991.716,0.489
1991.719,0.634
1991.722,0.794
1991.725,0.791
1991.727,1.028
1991.730,1.057
1991.733,0.911
1991.736,0.869
1991.738,0.860
1991.741,0.780
1991.744,0.857
1991.747,0.983
1991.749,1.084
1991.752,0.810
1991.755,0.746
1991.758,0.797
1991.760,0.926
1991.763,0.770
1991.766,0.831
1991.768,0.818
1991.771,0.836
1991.774,0.888
1991.777,0.860
1991.779,0.803
1991.782,0.547
1991.785,0.486
1991.788,0.391
1991.790,0.277
1991.793,0.481
1991.796,0.569
1991.799,0.624
1991.801,0.683
1991.804,0.646
1991.807,0.602
1991.810,0.351
1991.812,0.198
1991.815,0.157
1991.818,0.178
1991.821,0.113
1991.823,-0.115
1991.826,-0.251
1991.829,-0.404
1991.832,-0.741
1991.834,-0.787
1991.837,-0.913
1991.840,-1.076
1991.842,-1.016
1991.845,-0.647
1991.848,-0.378
1991.851,-0.351
1991.853,-0.305
1991.856,-0.126
1991.859,0.022
1991.862,0.428
1991.864,0.698
1991.867,0.732
1991.870,0.705
1991.873,0.667
1991.875,0.793
1991.878,0.838
1991.881,0.888
1991.884,0.779
1991.886,0.628
1991.889,0.359
1991.892,0.178
1991.895,0.043
1991.897,0.187
1991.900,0.448
1991.903,0.804
1991.906,0.781
1991.908,0.783
1991.911,0.669
1991.914,0.349
1991.916,-0.011
1991.919,-0.370
1991.922,-0.444
1991.925,-0.378
1991.927,-0.192
1991.930,-0.008
1991.933,-0.064
1991.936,0.096
1991.938,0.332
1991.941,0.389
1991.944,0.432
1991.947,0.499
1991.949,0.455
1991.952,0.467
1991.955,0.550
1991.958,0.485
1991.960,0.120
1991.963,0.051
1991.966,0.018
1991.969,0.219
1991.971,0.429
1991.974,0.526
1991.977,0.667
1991.979,0.847
1991.982,0.977
1991.985,0.710
1991.988,0.711
1991.990,0.608
1991.993,0.510
1991.996,0.572
1991.999,0.748
1992.001,0.850
1992.004,0.826
1992.007,0.900
1992.010,0.859
1992.012,0.971
1992.015,0.951
1992.018,0.922
1992.021,0.846
1992.023,0.749
1992.026,0.629
1992.029,0.689
1992.031,0.740
1992.034,0.680
1992.037,0.511
1992.040,0.561
1992.042,0.577
1992.045,0.661
1992.048,0.678
1992.051,0.892
1992.053,1.084
1992.056,1.274
1992.059,1.226
1992.062,0.948
1992.064,0.622
1992.067,0.468
1992.070,0.858
1992.072,1.162
1992.075,1.486
1992.078,1.776
1992.081,1.673
1992.083,1.506
1992.086,1.302
1992.089,1.286
1992.092,1.334
1992.094,1.139
1992.097,0.923
1992.100,0.632
1992.102,0.616
1992.105,0.542
1992.108,0.259
1992.111,0.154
1992.113,0.330
1992.116,0.402
1992.119,0.573
1992.122,1.023
1992.124,1.196
1992.127,1.159
1992.130,1.051
1992.133,0.719
1992.135,0.595
1992.138,0.510
1992.141,0.513
1992.143,0.715
1992.146,0.684
1992.149,0.460
1992.152,0.306
1992.154,0.441
1992.157,0.363
1992.160,0.180
1992.163,0.045
1992.165,-0.003
1992.168,0.193
1992.171,0.380
1992.173,0.506
1992.176,0.769
1992.179,0.830
1992.182,1.010
1992.184,0.959
1992.187,1.056
1992.190,0.972
1992.193,0.757
1992.195,0.742
1992.198,0.913
1992.201,0.782
1992.203,0.617
1992.206,0.454
1992.209,0.364
1992.212,0.411
1992.214,0.365
1992.217,0.634
1992.220,0.826
1992.223,0.888
1992.225,0.978
1992.228,0.904
1992.231,0.857
1992.234,0.831
1992.236,0.854
1992.239,0.633
1992.242,0.637
1992.245,0.680
1992.247,0.835
1992.250,0.899
1992.253,0.810
1992.255,0.837
1992.258,0.783
1992.261,0.373
1992.264,-0.019
1992.266,-0.333
1992.269,-0.427
1992.272,-0.291
1992.275,-0.156
1992.277,0.024
1992.280,0.250
1992.283,0.403
1992.286,0.671
1992.288,0.813
1992.291,0.877
1992.294,0.657
1992.297,0.354
1992.299,0.365
1992.302,0.563
1992.305,0.251
1992.307,0.139
1992.310,0.311
1992.313,0.507
1992.316,0.597
1992.318,0.649
1992.321,0.533
1992.324,0.621
1992.327,0.494
1992.329,0.172
1992.332,0.069
1992.335,0.177
1992.337,0.170
1992.340,0.309
1992.343,0.479
1992.346,0.455
1992.348,0.500
1992.351,0.294
1992.354,0.347
1992.357,0.734
1992.359,0.868
1992.362,0.753
1992.365,0.610
1992.367,0.496
1992.370,0.597
1992.373,0.548
1992.376,0.527
1992.378,0.531
1992.381,0.447
1992.384,0.383
1992.387,0.339
1992.389,0.180
1992.392,0.098
1992.395,0.206
1992.398,0.487
1992.400,0.283
1992.403,0.325
1992.406,0.307
1992.408,0.162
1992.411,0.213
1992.414,0.339
1992.417,0.110
1992.419,-0.050
1992.422,0.024
1992.425,0.101
1992.428,0.113
1992.430,-0.045
1992.433,-0.085
1992.436,0.034
1992.438,-0.231
1992.441,-0.168
1992.444,0.177
1992.447,0.131
1992.449,0.340
1992.452,0.531
1992.455,0.697
1992.458,0.799
1992.460,0.804
1992.463,0.805
1992.466,0.873
1992.469,0.605
1992.471,0.361
1992.474,0.230
1992.477,0.223
1992.479,0.356
1992.482,0.378
1992.485,0.276
1992.488,0.101
1992.490,0.245
1992.493,0.259
1992.496,0.060
1992.499,-0.188
1992.501,0.153
1992.504,0.258
1992.507,0.313
1992.510,0.385
1992.512,0.131
1992.515,-0.076
1992.518,-0.157
1992.521,-0.065
1992.523,0.122
1992.526,0.083
1992.529,0.094
1992.531,0.106
1992.534,-0.071
1992.537,-0.055
1992.540,-0.280
1992.542,-0.406
1992.545,-0.553
1992.548,-0.512
1992.551,-0.480
1992.553,-0.446
1992.556,-0.293
1992.559,-0.279
1992.562,-0.253
1992.564,-0.310
1992.567,-0.366
1992.570,-0.307
1992.572,-0.030
1992.575,-0.156
1992.578,-0.118
1992.581,-0.297
1992.583,-0.553
1992.586,-0.789
1992.589,-0.628
1992.592,-0.321
1992.594,-0.202
1992.597,-0.034
1992.600,0.167
1992.602,0.269
1992.605,0.374
1992.608,0.415
1992.611,0.250
1992.613,0.062
1992.616,0.098
1992.619,0.492
1992.622,0.478
1992.624,0.542
1992.627,0.337
1992.630,0.017
1992.633,-0.185
1992.635,-0.192
1992.638,-0.236
1992.641,-0.316
1992.643,-0.380
1992.646,-0.209
1992.649,0.082
1992.652,-0.033
1992.654,-0.054
1992.657,-0.034
1992.660,-0.333
1992.663,-0.414
1992.665,-0.453
1992.668,-0.664
1992.671,-0.736
1992.673,-0.492
1992.676,-0.340
1992.679,-0.245
1992.682,-0.222
1992.684,-0.072
1992.687,0.234
1992.690,0.206
1992.693,0.211
1992.695,-0.155
1992.698,-0.620
1992.701,-0.780
1992.703,-0.792
1992.706,-0.792
1992.709,-0.599
1992.712,-0.728
1992.714,-0.695
1992.717,-0.469
1992.720,-0.461
1992.723,-0.170
1992.725,-0.180
1992.728,-0.186
1992.731,0.030
1992.734,-0.141
1992.736,-0.452
1992.739,-0.479
1992.742,-0.477
1992.745,-0.565
1992.747,-0.453
1992.750,-0.133
1992.753,-0.040
1992.755,0.032
1992.758,-0.083
1992.761,-0.444
1992.764,-0.410
1992.766,-0.373
1992.769,-0.362
1992.772,-0.158
1992.775,0.164
1992.777,0.165
1992.780,0.250
1992.783,0.444
1992.786,0.356
1992.788,0.248
1992.791,0.143
1992.794,-0.075
1992.797,-0.109
1992.799,0.021
1992.802,-0.032
1992.805,0.101
1992.807,0.382
1992.810,0.561
1992.813,0.617
1992.816,0.623
1992.818,0.562
1992.821,0.382
1992.824,0.159
1992.827,-0.115
1992.829,-0.242
1992.832,-0.242
1992.835,-0.282
1992.837,-0.460
1992.840,-0.662
1992.843,-0.979
1992.846,-0.936
1992.848,-0.646
1992.851,-0.482
1992.854,-0.445
1992.857,-0.459
1992.859,-0.363
1992.862,-0.242
1992.865,-0.236
1992.867,-0.038
1992.870,0.028
1992.873,-0.213
1992.876,-0.330
1992.878,-0.322
1992.881,-0.046
1992.884,-0.098
1992.887,-0.169
1992.889,-0.321
1992.892,-0.074
1992.895,-0.018
1992.898,-0.051
1992.900,-0.157
1992.903,-0.379
1992.906,-0.506
1992.908,-0.389
1992.911,-0.207
1992.914,-0.365
1992.917,-0.437
1992.919,-0.322
1992.922,0.099
1992.925,-0.003
1992.928,0.046
1992.930,0.163
1992.933,0.385
1992.936,0.566
1992.938,0.414
1992.941,0.270
1992.944,0.262
1992.947,0.634
1992.949,1.046
1992.952,1.171
1992.955,1.066
1992.958,0.931
1992.960,0.660
1992.963,0.238
1992.966,0.258
1992.969,0.188
1992.971,0.139
1992.974,0.416
1992.977,0.315
1992.979,0.086
1992.982,-0.047
1992.985,0.168
1992.988,0.325
1992.990,0.302
1992.993,0.375
1992.996,0.554
1992.999,0.535
1993.001,0.427
1993.004,0.597
1993.007,0.783
1993.010,0.659
1993.012,0.191
1993.015,-0.192
1993.018,-0.020
1993.021,0.053
1993.023,0.142
1993.026,0.121
1993.029,0.205
1993.031,0.480
1993.034,0.810
1993.037,1.039
1993.040,1.116
1993.042,1.093
1993.045,0.984
1993.048,0.842
1993.051,0.791
1993.053,0.921
1993.056,0.998
1993.059,1.036
1993.062,0.802
1993.064,0.698
1993.067,0.476
1993.070,0.569
1993.073,0.806
1993.075,0.796
1993.078,0.770
1993.081,0.834
1993.084,0.864
1993.086,0.843
1993.089,0.932
1993.092,1.030
1993.094,1.111
1993.097,1.255
1993.100,1.280
1993.103,1.258
1993.105,1.251
1993.108,1.242
1993.111,1.305
1993.114,1.159
1993.116,1.093
1993.119,0.937
1993.122,0.449
1993.125,0.216
1993.127,0.038
1993.130,0.005
1993.133,0.175
1993.136,0.197
1993.138,-0.059
1993.141,-0.389
1993.144,-0.392
1993.147,-0.469
1993.149,-0.586
1993.152,-0.487
1993.155,0.084
1993.158,0.437
1993.160,0.619
1993.163,0.574
1993.166,0.482
1993.168,0.674
1993.171,0.628
1993.174,0.686
1993.177,0.938
1993.179,0.983
1993.182,0.850
1993.185,0.692
1993.188,0.536
1993.190,0.428
1993.193,0.355
1993.196,0.125
1993.199,0.016
1993.201,0.001
1993.204,0.157
1993.207,0.204
1993.210,0.286
1993.212,0.674
1993.215,0.847
1993.218,0.992
1993.221,1.277
1993.223,1.306
1993.226,1.169
1993.229,1.152
1993.232,0.959
1993.234,0.714
1993.237,0.723
1993.240,0.751
1993.242,0.717
1993.245,0.629
1993.248,0.703
1993.251,0.340
1993.253,0.291
1993.256,0.363
1993.259,0.444
1993.262,0.437
1993.264,0.532
1993.267,0.599
1993.270,0.673
1993.273,0.617
1993.275,0.729
1993.278,0.799
1993.281,0.847
1993.284,0.820
1993.286,0.731
1993.289,0.743
1993.292,0.688
1993.295,0.530
1993.297,0.612
1993.300,0.475
1993.303,0.314
1993.305,0.509
1993.308,0.740
1993.311,0.574
1993.314,0.529
1993.316,0.432
1993.319,0.487
1993.322,0.615
1993.325,0.682
1993.327,0.800
1993.330,0.866
1993.333,0.861
1993.336,0.912
1993.338,0.715
1993.341,0.473
1993.344,0.263
1993.347,0.174
1993.349,0.239
1993.352,0.459
1993.355,0.614
1993.358,0.575
1993.360,0.470
1993.363,0.479
1993.366,0.448
1993.369,0.233
1993.371,0.201
1993.374,0.215
1993.377,0.228
1993.379,0.243
1993.382,0.370
1993.385,0.233
1993.388,0.018
1993.390,-0.055
1993.393,0.181
1993.396,0.109
1993.399,0.124
1993.401,0.114
1993.404,0.327
1993.407,0.491
1993.410,0.486
1993.412,0.471
1993.415,0.271
1993.418,0.470
1993.421,0.587
1993.423,0.529
1993.426,0.518
1993.429,0.487
1993.432,0.665
1993.434,0.652
1993.437,0.487
1993.440,0.380
1993.443,0.200
1993.445,0.038
1993.448,0.182
1993.451,0.185
1993.453,0.268
1993.456,0.240
1993.459,0.252
1993.462,0.303
1993.464,0.380
1993.467,0.192
1993.470,0.109
1993.473,-0.098
1993.475,-0.181
1993.478,-0.176
1993.481,-0.002
1993.484,0.152
1993.486,0.115
1993.489,0.057
1993.492,0.404
1993.495,0.729
1993.497,0.762
1993.500,0.978
1993.503,0.835
1993.505,0.811
1993.508,0.605
1993.511,0.336
1993.514,-0.058
1993.516,0.050
1993.519,0.172
1993.522,0.319
1993.525,0.442
1993.527,-0.019
1993.530,-0.380
1993.533,-0.451
1993.536,-0.210
1993.538,-0.022
1993.541,-0.017
1993.544,-0.028
1993.547,0.210
1993.549,0.315
1993.552,-0.001
1993.555,0.032
1993.557,0.139
1993.560,0.132
1993.563,0.266
1993.566,0.456
1993.568,0.704
1993.571,0.757
1993.574,0.620
1993.577,0.225
1993.579,-0.091
1993.582,0.189
1993.585,0.304
1993.588,0.290
1993.590,0.143
1993.593,0.083
1993.596,0.242
1993.599,0.250
1993.601,0.254
1993.604,0.385
1993.607,0.373
1993.610,0.191
1993.612,0.295
1993.615,0.333
1993.618,0.272
1993.621,0.152
1993.623,0.077
1993.626,-0.097
1993.629,-0.321
1993.631,-0.303
1993.634,-0.129
1993.637,-0.229
1993.640,-0.266
1993.642,-0.401
1993.645,-0.353
1993.648,-0.263
1993.651,-0.290
1993.653,-0.150
1993.656,-0.120
1993.659,-0.081
1993.662,0.127
1993.664,-0.041
1993.667,-0.203
1993.670,-0.280
1993.673,-0.263
1993.675,-0.109
1993.678,-0.128
1993.681,0.100
1993.684,0.244
1993.686,0.192
1993.689,0.098
1993.692,-0.267
1993.695,-0.198
1993.697,-0.195
1993.700,0.017
1993.703,-0.020
1993.705,-0.161
1993.708,-0.171
1993.711,-0.094
1993.714,-0.019
1993.716,-0.076
1993.719,0.028
1993.722,-0.126
1993.725,-0.193
1993.727,-0.266
1993.730,-0.168
1993.733,-0.281
1993.736,-0.339
1993.738,-0.465
1993.741,-0.452
1993.744,-0.253
1993.747,-0.067
1993.749,-0.008
1993.752,0.138
1993.755,0.121
1993.758,0.203
1993.760,0.273
1993.763,0.292
1993.766,0.320
1993.768,0.273
1993.771,0.322
1993.774,0.146
1993.777,0.202
1993.779,0.293
1993.782,0.257
1993.785,0.461
1993.788,0.573
1993.790,0.797
1993.793,0.891
1993.796,0.743
1993.799,0.422
1993.801,0.202
1993.804,0.070
1993.807,0.179
1993.810,0.254
1993.812,0.446
1993.815,0.503
1993.818,0.506
1993.821,0.253
1993.823,0.348
1993.826,0.154
1993.829,0.243
1993.832,0.108
1993.834,-0.052
1993.837,0.007
1993.840,0.141
1993.842,0.267
1993.845,-0.057
1993.848,-0.482
1993.851,-0.571
1993.853,-0.583
1993.856,-0.363
1993.859,-0.244
1993.862,-0.192
1993.864,-0.344
1993.867,-0.305
1993.870,-0.245
1993.873,-0.520
1993.875,-0.923
1993.878,-1.184
1993.881,-1.239
1993.884,-1.196
1993.886,-1.333
1993.889,-1.133
1993.892,-0.879
1993.895,-0.822
1993.897,-0.654
1993.900,-0.460
1993.903,-0.350
1993.906,-0.291
1993.908,-0.316
1993.911,-0.249
1993.914,-0.249
1993.916,-0.105
1993.919,0.293
1993.922,0.458
1993.925,0.198
1993.927,0.076
1993.930,0.038
1993.933,0.252
1993.936,0.492
1993.938,0.644
1993.941,0.474
1993.944,0.243
1993.947,0.137
1993.949,-0.050
1993.952,-0.266
1993.955,-0.178
1993.958,0.045
1993.960,0.213
1993.963,0.394
1993.966,0.587
1993.969,0.572
1993.971,0.304
1993.974,0.381
1993.977,0.621
1993.979,0.748
1993.982,0.599
1993.985,0.253
1993.988,0.114
1993.990,0.211
1993.993,0.467
1993.996,0.423
1993.999,0.168
1994.001,0.156
1994.004,0.267
1994.007,0.463
1994.010,0.441
1994.012,0.144
1994.015,-0.003
1994.018,0.032
1994.021,-0.065
1994.023,-0.129
1994.026,-0.138
1994.029,0.177
1994.031,0.421
1994.034,0.248
1994.037,-0.136
1994.040,-0.435
1994.042,-0.679
1994.045,-0.502
1994.048,-0.278
1994.051,-0.203
1994.053,-0.037
1994.056,0.255
1994.059,0.464
1994.062,0.669
1994.064,0.815
1994.067,0.847
1994.070,0.904
1994.073,1.163
1994.075,1.453
1994.078,1.174
1994.081,0.689
1994.084,0.500
1994.086,0.271
1994.089,0.258
1994.092,0.280
1994.094,0.269
1994.097,0.227
1994.100,0.221
1994.103,0.043
1994.105,-0.264
1994.108,-0.533
1994.111,-0.954
1994.114,-1.057
1994.116,-1.113
1994.119,-0.864
1994.122,-0.678
1994.125,-0.272
1994.127,-0.018
1994.130,0.213
1994.133,0.156
1994.136,-0.010
1994.138,-0.210
1994.141,-0.460
1994.144,-0.824
1994.147,-0.895
1994.149,-0.562
1994.152,-0.418
1994.155,-0.460
1994.158,-0.403
1994.160,-0.283
1994.163,-0.043
1994.166,0.000
1994.168,0.121
1994.171,0.189
1994.174,0.244
1994.177,0.171
1994.179,0.245
1994.182,0.143
1994.185,-0.145
1994.188,0.166
1994.190,0.380
1994.193,0.388
1994.196,0.467
1994.199,0.685
1994.201,0.942
1994.204,0.856
1994.207,0.730
1994.210,0.911
1994.212,0.968
1994.215,0.951
1994.218,0.592
1994.221,0.535
1994.223,0.525
1994.226,0.545
1994.229,0.648
1994.232,0.765
1994.234,0.974
1994.237,0.965
1994.240,1.204
1994.242,1.228
1994.245,1.362
1994.248,1.217
1994.251,1.057
1994.253,0.958
1994.256,0.854
1994.259,0.781
1994.262,0.681
1994.264,0.587
1994.267,0.565
1994.270,0.702
1994.273,0.869
1994.275,0.838
1994.278,0.740
1994.281,0.647
1994.284,0.687
1994.286,0.863
1994.289,1.165
1994.292,1.139
1994.295,1.157
1994.297,1.084
1994.300,1.240
1994.303,1.441
1994.305,1.253
1994.308,1.208
1994.311,1.269
1994.314,1.192
1994.316,1.012
1994.319,0.697
1994.322,0.449
1994.325,0.488
1994.327,0.614
1994.330,0.334
1994.333,0.258
1994.336,0.466
1994.338,0.742
1994.341,1.055
1994.344,1.204
1994.347,0.971
1994.349,1.003
1994.352,0.609
1994.355,0.356
1994.358,0.255
1994.360,0.129
1994.363,0.106
1994.366,0.225
1994.369,0.139
1994.371,0.076
1994.374,0.378
1994.377,0.453
1994.379,0.387
1994.382,0.367
1994.385,0.456
1994.388,0.788
1994.390,1.038
1994.393,1.036
1994.396,1.044
1994.399,0.801
1994.401,0.594
1994.404,0.400
1994.407,0.541
1994.410,0.635
1994.412,0.875
1994.415,0.606
1994.418,0.612
1994.421,0.764
1994.423,0.739
1994.426,1.103
1994.429,1.107
1994.432,0.835
1994.434,0.673
1994.437,0.564
1994.440,0.465
1994.443,0.640
1994.445,0.871
1994.448,0.656
1994.451,0.736
1994.453,0.969
1994.456,1.149
1994.459,1.303
1994.462,1.210
1994.464,1.102
1994.467,1.050
1994.470,0.835
1994.473,0.811
1994.475,0.912
1994.478,0.840
1994.481,0.453
1994.484,0.445
1994.486,0.389
1994.489,0.463
1994.492,0.677
1994.495,0.530
1994.497,0.372
1994.500,0.413
1994.503,0.317
1994.505,0.446
1994.508,0.574
1994.511,0.596
1994.514,0.354
1994.516,0.240
1994.519,0.142
1994.522,0.062
1994.525,0.169
1994.527,0.118
1994.530,0.251
1994.533,0.538
1994.536,0.737
1994.538,0.837
1994.541,0.753
1994.544,0.684
1994.547,0.521
1994.549,0.666
1994.552,0.672
1994.555,0.448
1994.557,0.348
1994.560,0.271
1994.563,0.474
1994.566,0.416
1994.568,0.513
1994.571,0.412
1994.574,0.109
1994.577,0.082
1994.579,0.143
1994.582,0.047
1994.585,0.064
1994.588,-0.097
1994.590,-0.011
1994.593,0.154
1994.596,0.140
1994.599,0.081
1994.601,-0.003
1994.604,-0.174
1994.607,-0.388
1994.610,-0.281
1994.612,-0.097
1994.615,0.295
1994.618,0.360
1994.621,0.192
1994.623,-0.113
1994.626,-0.216
1994.629,-0.066
1994.631,0.092
1994.634,0.146
1994.637,0.093
1994.640,0.015
1994.642,-0.023
1994.645,-0.047
1994.648,0.129
1994.651,0.298
1994.653,0.478
1994.656,0.618
1994.659,0.578
1994.662,0.546
1994.664,0.380
1994.667,0.145
1994.670,-0.184
1994.673,-0.237
1994.675,-0.296
1994.678,-0.180
1994.681,0.099
1994.684,0.289
1994.686,0.058
1994.689,-0.166
1994.692,-0.294
1994.695,-0.075
1994.697,0.160
1994.700,0.457
1994.703,0.466
1994.705,0.337
1994.708,0.352
1994.711,0.544
1994.714,0.700
1994.716,0.706
1994.719,0.649
1994.722,0.688
1994.725,0.766
1994.727,0.847
1994.730,0.931
1994.733,0.970
1994.736,0.881
1994.738,0.899
1994.741,1.001
1994.744,1.056
1994.747,1.153
1994.749,1.266
1994.752,1.318
1994.755,1.159
1994.758,1.081
1994.760,0.981
1994.763,0.742
1994.766,0.411
1994.768,0.552
1994.771,0.754
1994.774,0.773
1994.777,0.603
1994.779,0.527
1994.782,0.508
1994.785,0.395
1994.788,0.396
1994.790,0.534
1994.793,0.598
1994.796,0.577
1994.799,0.686
1994.801,0.827
1994.804,0.639
1994.807,0.579
1994.810,0.559
1994.812,0.647
1994.815,0.798
1994.818,0.790
1994.821,0.815
1994.823,0.741
1994.826,0.536
1994.829,0.498
1994.832,0.358
1994.834,0.366
1994.837,0.233
1994.840,0.208
1994.842,0.403
1994.845,0.296
1994.848,0.169
1994.851,0.273
1994.853,0.541
1994.856,0.771
1994.859,0.844
1994.862,0.788
1994.864,0.854
1994.867,0.744
1994.870,0.567
1994.873,0.667
1994.875,0.562
1994.878,0.656
1994.881,0.770
1994.884,0.689
1994.886,0.560
1994.889,0.555
1994.892,0.517
1994.895,0.539
1994.897,0.519
1994.900,0.662
1994.903,0.566
1994.906,0.404
1994.908,0.440
1994.911,0.568
1994.914,0.404
1994.916,0.336
1994.919,0.362
1994.922,0.493
1994.925,0.378
1994.927,0.242
1994.930,0.021
1994.933,-0.118
1994.936,-0.161
1994.938,-0.247
1994.941,-0.390
1994.944,-0.451
1994.947,-0.437
1994.949,-0.334
1994.952,-0.115
1994.955,-0.083
1994.958,0.050
1994.960,0.151
1994.963,0.142
1994.966,0.258
1994.969,0.403
1994.971,0.528
1994.974,0.598
1994.977,0.614
1994.979,0.553
1994.982,0.651
1994.985,0.710
1994.988,0.947
1994.990,1.214
1994.993,1.263
1994.996,1.498
1994.999,1.718
1995.001,1.683
1995.004,1.546
1995.007,1.386
1995.010,1.048
1995.012,0.908
1995.015,0.724
1995.018,0.609
1995.021,0.531
1995.023,0.393
1995.026,0.389
1995.029,0.566
1995.031,0.754
1995.034,0.667
1995.037,0.690
1995.040,0.944
1995.042,1.008
1995.045,1.076
1995.048,1.143
1995.051,1.189
1995.053,1.154
1995.056,0.714
1995.059,0.571
1995.062,0.185
1995.064,0.156
1995.067,0.374
1995.070,0.526
1995.073,0.804
1995.075,1.049
1995.078,1.327
1995.081,1.573
1995.084,1.585
1995.086,1.667
1995.089,1.606
1995.092,1.672
1995.094,1.693
1995.097,1.831
1995.100,1.923
1995.103,2.039
1995.105,2.084
1995.108,1.924
1995.111,1.808
1995.114,1.566
1995.116,1.568
1995.119,1.492
1995.122,1.329
1995.125,1.360
1995.127,1.224
1995.130,1.055
1995.133,1.236
1995.136,1.477
1995.138,1.708
1995.141,1.727
1995.144,1.325
1995.147,1.264
1995.149,1.082
1995.152,0.822
1995.155,0.608
1995.158,0.600
1995.160,0.572
1995.163,0.686
1995.166,0.645
1995.168,0.692
1995.171,0.609
1995.174,0.584
1995.177,0.595
1995.179,0.497
1995.182,0.247
1995.185,0.439
1995.188,0.604
1995.190,0.444
1995.193,0.436
1995.196,0.368
1995.199,0.354
1995.201,0.510
1995.204,0.784
1995.207,0.965
1995.210,1.252
1995.212,1.341
1995.215,1.439
1995.218,1.398
1995.221,1.342
1995.223,1.290
1995.226,1.176
1995.229,1.133
1995.232,1.073
1995.234,1.241
1995.237,1.024
1995.240,0.746
1995.242,0.888
1995.245,1.060
1995.248,1.076
1995.251,1.123
1995.253,1.133
1995.256,0.982
1995.259,0.703
1995.262,0.714
1995.264,0.769
1995.267,0.698
1995.270,0.774
1995.273,0.835
1995.275,0.779
1995.278,0.788
1995.281,0.831
1995.284,0.692
1995.286,0.856
1995.289,0.955
1995.292,1.283
1995.295,1.210
1995.297,1.162
1995.300,1.035
1995.303,0.653
1995.305,0.661
1995.308,0.551
1995.311,0.604
1995.314,0.571
1995.316,0.782
1995.319,1.013
1995.322,1.122
1995.325,1.054
1995.327,1.303
1995.330,1.022
1995.333,0.633
1995.336,0.478
1995.338,0.633
1995.341,0.554
1995.344,0.810
1995.347,0.806
1995.349,0.694
1995.352,0.297
1995.355,0.200
1995.358,0.401
1995.360,0.665
1995.363,0.726
1995.366,0.686
1995.369,0.383
1995.371,0.383
1995.374,0.477
1995.377,0.255
1995.379,0.166
1995.382,0.204
1995.385,0.090
1995.388,0.082
1995.390,0.221
1995.393,0.339
1995.396,0.282
1995.399,0.240
1995.401,0.322
1995.404,0.370
1995.407,0.398
1995.410,0.557
1995.412,0.658
1995.415,0.810
1995.418,0.771
1995.421,0.952
1995.423,1.346
1995.426,1.112
1995.429,0.689
1995.432,0.766
1995.434,0.745
1995.437,1.002
1995.440,1.108
1995.443,1.139
1995.445,1.190
1995.448,1.196
1995.451,1.041
1995.453,0.982
1995.456,0.762
1995.459,0.530
1995.462,0.374
1995.464,0.436
1995.467,0.334
1995.470,0.435
1995.473,0.618
1995.475,0.608
1995.478,0.802
1995.481,0.814
1995.484,0.751
1995.486,0.885
1995.489,0.806
1995.492,0.936
1995.495,0.969
1995.497,1.047
1995.500,1.007
1995.503,0.640
1995.505,0.535
1995.508,0.519
1995.511,0.801
1995.514,0.990
1995.516,0.733
1995.519,1.074
1995.522,1.035
1995.525,1.096
1995.527,1.134
1995.530,1.021
1995.533,0.987
1995.536,0.869
1995.538,0.706
1995.541,0.550
1995.544,0.492
1995.547,0.695
1995.549,0.852
1995.552,0.548
1995.555,0.629
1995.557,0.521
1995.560,0.635
1995.563,0.778
1995.566,0.861
1995.568,1.163
1995.571,1.343
1995.574,1.404
1995.577,1.166
1995.579,1.167
1995.582,0.919
1995.585,0.890
1995.588,1.151
1995.590,1.180
1995.593,1.018
1995.596,0.905
1995.599,0.756
1995.601,0.621
1995.604,0.361
1995.607,0.502
1995.610,0.512
1995.612,0.431
1995.615,0.608
1995.618,0.845
1995.621,0.703
1995.623,0.501
1995.626,0.387
1995.629,0.426
1995.631,0.549
1995.634,0.722
1995.637,0.720
1995.640,0.899
1995.642,0.997
1995.645,0.895
1995.648,0.786
1995.651,0.966
1995.653,1.007
1995.656,1.076
1995.659,1.093
1995.662,0.892
1995.664,0.906
1995.667,1.063
1995.670,1.083
1995.673,0.923
1995.675,0.825
1995.678,0.739
1995.681,0.542
1995.684,0.521
1995.686,0.520
1995.689,0.480
1995.692,0.484
1995.695,0.525
1995.697,0.497
1995.700,0.416
1995.703,0.431
1995.705,0.454
1995.708,0.553
1995.711,0.543
1995.714,0.414
1995.716,0.196
1995.719,-0.024
1995.722,-0.080
1995.725,-0.023
1995.727,0.089
1995.730,0.177
1995.733,0.415
1995.736,0.574
1995.738,0.643
1995.741,0.766
1995.744,0.710
1995.747,0.878
1995.749,1.112
1995.752,1.015
1995.755,0.879
1995.758,0.606
1995.760,0.414
1995.763,0.532
1995.766,0.760
1995.768,0.902
1995.771,0.888
1995.774,1.046
1995.777,1.365
1995.779,1.579
1995.782,1.327
1995.785,1.035
1995.788,0.836
1995.790,0.644
1995.793,0.705
1995.796,0.764
1995.799,0.676
1995.801,0.313
1995.804,0.318
1995.807,0.531
1995.810,0.629
1995.812,0.683
1995.815,0.741
1995.818,0.802
1995.821,0.952
1995.823,0.762
1995.826,0.468
1995.829,0.307
1995.832,0.332
1995.834,0.484
1995.837,0.486
1995.840,0.429
1995.842,0.419
1995.845,0.508
1995.848,0.461
1995.851,0.262
1995.853,0.523
1995.856,0.698
1995.859,0.661
1995.862,0.607
1995.864,0.405
1995.867,0.187
1995.870,0.312
1995.873,0.478
1995.875,0.891
1995.878,1.203
1995.881,1.232
1995.884,0.928
1995.886,0.591
1995.889,0.596
1995.892,0.570
1995.895,0.597
1995.897,0.519
1995.900,0.616
1995.903,0.704
1995.906,0.388
1995.908,0.164
1995.911,0.289
1995.914,0.608
1995.916,0.577
1995.919,0.566
1995.922,0.381
1995.925,-0.179
1995.927,-0.514
1995.930,-0.501
1995.933,-0.485
1995.936,-0.415
1995.938,-0.423
1995.941,-0.610
1995.944,-0.554
1995.947,-0.373
1995.949,-0.011
1995.952,0.253
1995.955,0.435
1995.958,0.578
1995.960,0.700
1995.963,0.740
1995.966,0.769
1995.969,0.712
1995.971,0.681
1995.974,0.552
1995.977,0.425
1995.979,0.394
1995.982,0.628
1995.985,0.732
1995.988,0.864
1995.990,0.988
1995.993,1.004
1995.996,1.046
1995.999,0.983
1996.001,1.110
1996.004,1.005
1996.007,0.726
1996.010,0.407
1996.012,0.099
1996.015,0.220
1996.018,0.614
1996.021,0.502
1996.023,0.535
1996.026,0.662
1996.029,0.780
1996.031,0.669
1996.034,0.485
1996.037,0.152
1996.040,-0.074
1996.042,-0.205
1996.045,-0.194
1996.048,-0.373
1996.051,-0.557
1996.053,-0.513
1996.056,-0.292
1996.059,-0.159
1996.062,-0.139
1996.064,-0.029
1996.067,-0.159
1996.070,-0.352
1996.072,-0.153
1996.075,0.104
1996.078,0.326
1996.081,0.455
1996.083,0.219
1996.086,0.277
1996.089,0.338
1996.092,0.189
1996.094,0.291
1996.097,0.650
1996.100,0.991
1996.102,1.601
1996.105,1.982
1996.108,1.776
1996.111,1.447
1996.113,1.106
1996.116,0.788
1996.119,0.779
1996.122,0.633
1996.124,0.318
1996.127,0.288
1996.130,0.492
1996.133,0.570
1996.135,1.011
1996.138,1.378
1996.141,1.200
1996.143,0.973
1996.146,0.788
1996.149,0.845
1996.152,1.087
1996.154,1.013
1996.157,0.669
1996.160,0.362
1996.163,0.508
1996.165,0.677
1996.168,0.597
1996.171,0.596
1996.173,0.499
1996.176,0.724
1996.179,0.643
1996.182,0.409
1996.184,0.404
1996.187,0.584
1996.190,0.920
1996.193,1.077
1996.195,1.077
1996.198,0.943
1996.201,1.078
1996.203,0.966
1996.206,0.750
1996.209,0.535
1996.212,0.402
1996.214,0.310
1996.217,0.076
1996.220,-0.074
1996.223,-0.132
1996.225,-0.407
1996.228,-0.562
1996.231,-0.340
1996.234,-0.410
1996.236,-0.401
1996.239,0.086
1996.242,0.452
1996.245,0.540
1996.247,0.469
1996.250,0.236
1996.253,0.124
1996.255,0.067
1996.258,0.325
1996.261,0.434
1996.264,0.471
1996.266,0.549
1996.269,0.490
1996.272,0.390
1996.275,0.245
1996.277,0.353
1996.280,0.329
1996.283,0.494
1996.286,0.674
1996.288,0.751
1996.291,0.766
1996.294,0.757
1996.297,0.830
1996.299,0.908
1996.302,0.910
1996.305,0.926
1996.307,0.988
1996.310,0.920
1996.313,0.759
1996.316,0.633
1996.318,0.496
1996.321,0.537
1996.324,0.607
1996.327,0.550
1996.329,0.525
1996.332,0.545
1996.335,0.556
1996.337,0.537
1996.340,0.736
1996.343,0.715
1996.346,0.622
1996.348,0.666
1996.351,0.823
1996.354,0.959
1996.357,0.796
1996.359,0.756
1996.362,0.693
1996.365,0.800
1996.367,0.756
1996.370,0.584
1996.373,0.778
1996.376,0.833
1996.378,0.799
1996.381,0.719
1996.384,0.164
1996.387,-0.094
1996.389,-0.033
1996.392,-0.054
1996.395,0.037
1996.398,0.014
1996.400,-0.026
1996.403,-0.175
1996.406,-0.176
1996.408,-0.035
1996.411,0.073
1996.414,0.160
1996.417,0.017
1996.419,-0.006
1996.422,0.067
1996.425,-0.065
1996.428,-0.082
1996.430,0.169
1996.433,0.493
1996.436,0.334
1996.438,0.462
1996.441,0.701
1996.444,0.827
1996.447,0.821
1996.449,0.582
1996.452,0.396
1996.455,0.354
1996.458,0.313
1996.460,0.372
1996.463,0.415
1996.466,0.436
1996.469,0.197
1996.471,0.173
1996.474,0.015
1996.477,-0.138
1996.479,0.084
1996.482,0.261
1996.485,0.353
1996.488,0.660
1996.490,0.683
1996.493,0.510
1996.496,0.560
1996.499,0.574
1996.501,0.768
1996.504,0.889
1996.507,0.764
1996.510,0.709
1996.512,0.604
1996.515,1.000
1996.518,1.205
1996.521,0.832
1996.523,0.515
1996.526,0.317
1996.529,0.215
1996.531,0.138
1996.534,0.235
1996.537,0.212
1996.540,0.058
1996.542,0.111
1996.545,0.314
1996.548,0.696
1996.551,0.619
1996.553,0.781
1996.556,0.787
1996.559,0.745
1996.562,0.702
1996.564,0.463
1996.567,0.255
1996.570,0.334
1996.572,0.509
1996.575,0.735
1996.578,0.796
1996.581,1.133
1996.583,1.400
1996.586,1.381
1996.589,1.193
1996.592,1.098
1996.594,0.954
1996.597,0.845
1996.600,0.524
1996.602,0.369
1996.605,0.588
1996.608,0.673
1996.611,0.837
1996.613,1.079
1996.616,1.043
1996.619,0.687
1996.622,0.566
1996.624,0.552
1996.627,0.559
1996.630,0.329
1996.633,0.117
1996.635,0.177
1996.638,0.156
1996.641,0.553
1996.643,1.124
1996.646,1.520
1996.649,1.531
1996.652,1.455
1996.654,1.349
1996.657,1.141
1996.660,0.950
1996.663,0.615
1996.665,0.415
1996.668,0.260
1996.671,0.148
1996.673,0.123
1996.676,0.032
1996.679,0.223
1996.682,0.258
1996.684,0.213
1996.687,0.558
1996.690,0.536
1996.693,0.597
1996.695,0.478
1996.698,0.304
1996.701,0.355
1996.703,0.519
1996.706,0.560
1996.709,0.560
1996.712,0.626
1996.714,0.598
1996.717,0.562
1996.720,0.271
1996.723,0.428
1996.725,0.340
1996.728,0.315
1996.731,0.225
1996.734,0.184
1996.736,0.224
1996.739,0.227
1996.742,0.060
1996.745,-0.152
1996.747,-0.139
1996.750,0.143
1996.753,0.626
1996.755,0.617
1996.758,0.469
1996.761,0.382
1996.764,0.385
1996.766,0.347
1996.769,0.515
1996.772,0.577
1996.775,0.660
1996.777,0.613
1996.780,0.646
1996.783,0.749
1996.786,0.857
1996.788,0.773
1996.791,0.539
1996.794,0.441
1996.797,0.330
1996.799,0.144
1996.802,-0.048
1996.805,-0.179
1996.807,-0.114
1996.810,-0.165
1996.813,-0.080
1996.816,-0.198
1996.818,-0.233
1996.821,0.059
1996.824,0.147
1996.827,0.220
1996.829,0.257
1996.832,0.139
1996.835,0.202
1996.837,0.226
1996.840,0.049
1996.843,0.115
1996.846,0.125
1996.848,0.046
1996.851,0.022
1996.854,0.069
1996.857,-0.026
1996.859,-0.199
1996.862,-0.234
1996.865,-0.025
1996.867,0.346
1996.870,0.655
1996.873,0.766
1996.876,0.852
1996.878,0.874
1996.881,0.848
1996.884,1.107
1996.887,1.448
1996.889,1.274
1996.892,0.971
1996.895,0.541
1996.898,0.260
1996.900,0.157
1996.903,0.214
1996.906,0.187
1996.908,0.245
1996.911,0.485
1996.914,0.563
1996.917,0.613
1996.919,0.589
1996.922,0.549
1996.925,0.647
1996.928,0.805
1996.930,0.713
1996.933,0.573
1996.936,0.818
1996.938,0.767
1996.941,0.888
1996.944,0.839
1996.947,0.801
1996.949,0.798
1996.952,0.905
1996.955,0.883
1996.958,0.766
1996.960,0.613
1996.963,0.521
1996.966,0.607
1996.969,0.648
1996.971,0.630
1996.974,0.780
1996.977,0.732
1996.979,0.551
1996.982,0.265
1996.985,-0.038
1996.988,0.227
1996.990,0.412
1996.993,0.362
1996.996,0.372
1996.999,0.268
1997.001,0.600
1997.004,0.920
1997.007,1.154
1997.010,0.886
1997.012,0.743
1997.015,0.547
1997.018,0.536
1997.021,0.292
1997.023,0.347
1997.026,0.620
1997.029,0.473
1997.031,0.385
1997.034,0.321
1997.037,0.216
1997.040,0.362
1997.042,0.512
1997.045,0.517
1997.048,0.640
1997.051,0.811
1997.053,0.835
1997.056,0.723
1997.059,0.397
1997.062,0.239
1997.064,0.229
1997.067,0.459
1997.070,0.298
1997.073,0.100
1997.075,0.224
1997.078,0.352
1997.081,0.863
1997.084,1.358
1997.086,1.100
1997.089,0.717
1997.092,0.702
1997.094,0.850
1997.097,0.732
1997.100,0.592
1997.103,0.454
1997.105,0.439
1997.108,0.452
1997.111,0.328
1997.114,0.052
1997.116,0.259
1997.119,0.484
1997.122,0.547
1997.125,0.500
1997.127,0.339
1997.130,0.348
1997.133,0.556
1997.136,0.348
1997.138,0.323
1997.141,0.415
1997.144,0.470
1997.147,0.450
1997.149,0.745
1997.152,0.901
1997.155,0.777
1997.158,0.780
1997.160,0.608
1997.163,0.638
1997.166,0.738
1997.168,0.770
1997.171,0.904
1997.174,0.845
1997.177,0.738
1997.179,0.735
1997.182,0.746
1997.185,0.905
1997.188,1.168
1997.190,1.342
1997.193,1.532
1997.196,1.309
1997.199,0.876
1997.201,0.788
1997.204,0.960
1997.207,1.023
1997.210,1.244
1997.212,1.347
1997.215,1.304
1997.218,1.082
1997.221,0.791
1997.223,0.458
1997.226,0.233
1997.229,0.385
1997.232,0.516
1997.234,0.347
1997.237,0.244
1997.240,0.225
1997.242,0.113
1997.245,0.111
1997.248,0.404
1997.251,0.664
1997.253,0.719
1997.256,0.587
1997.259,0.588
1997.262,0.782
1997.264,0.418
1997.267,0.183
1997.270,-0.083
1997.273,-0.089
1997.275,-0.051
1997.278,-0.092
1997.281,0.215
1997.284,0.475
1997.286,0.603
1997.289,1.012
1997.292,1.127
1997.295,1.224
1997.297,1.353
1997.300,1.245
1997.303,1.219
1997.305,1.311
1997.308,1.123
1997.311,1.072
1997.314,1.140
1997.316,1.003
1997.319,1.151
1997.322,0.893
1997.325,0.790
1997.327,0.784
1997.330,0.764
1997.333,0.800
1997.336,0.654
1997.338,0.468
1997.341,0.314
1997.344,0.368
1997.347,0.287
1997.349,0.230
1997.352,0.199
1997.355,0.013
1997.358,-0.096
1997.360,-0.191
1997.363,-0.002
1997.366,0.190
1997.369,0.443
1997.371,0.580
1997.374,0.668
1997.377,0.691
1997.379,0.595
1997.382,0.493
1997.385,0.425
1997.388,0.387
1997.390,0.533
1997.393,0.440
1997.396,0.316
1997.399,0.300
1997.401,0.617
1997.404,0.717
1997.407,0.558
1997.410,0.379
1997.412,0.324
1997.415,0.155
1997.418,0.347
1997.421,0.415
1997.423,0.746
1997.426,0.965
1997.429,0.822
1997.432,0.877
1997.434,0.784
1997.437,0.542
1997.440,0.543
1997.443,0.585
1997.445,0.735
1997.448,0.824
1997.451,0.673
1997.453,0.591
1997.456,0.472
1997.459,0.748
1997.462,0.966
1997.464,1.305
1997.467,1.535
1997.470,1.556
1997.473,1.616
1997.475,1.309
1997.478,1.078
1997.481,1.082
1997.484,0.987
1997.486,0.707
1997.489,0.328
1997.492,0.128
1997.495,-0.163
1997.497,-0.139
1997.500,-0.044
1997.503,0.141
1997.505,0.161
1997.508,0.102
1997.511,0.015
1997.514,0.266
1997.516,0.586
1997.519,0.652
1997.522,0.146
1997.525,0.090
1997.527,0.142
1997.530,0.449
1997.533,0.470
1997.536,0.386
1997.538,0.268
1997.541,0.193
1997.544,0.079
1997.547,-0.256
1997.549,-0.224
1997.552,-0.170
1997.555,-0.100
1997.557,0.043
1997.560,0.054
1997.563,0.384
1997.566,0.624
1997.568,0.670
1997.571,0.543
1997.574,0.579
1997.577,0.414
1997.579,0.320
1997.582,0.384
1997.585,0.355
1997.588,0.439
1997.590,0.324
1997.593,0.019
1997.596,-0.068
1997.599,0.010
1997.601,0.220
1997.604,0.378
1997.607,0.600
1997.610,0.519
1997.612,0.657
1997.615,0.750
1997.618,0.588
1997.621,0.474
1997.623,0.540
1997.626,0.476
1997.629,0.422
1997.631,0.337
1997.634,0.378
1997.637,0.398
1997.640,0.515
1997.642,0.552
1997.645,0.629
1997.648,0.492
1997.651,0.490
1997.653,0.468
1997.656,0.369
1997.659,0.286
1997.662,0.186
1997.664,0.331
1997.667,0.485
1997.670,0.525
1997.673,0.651
1997.675,0.578
1997.678,0.546
1997.681,0.470
1997.684,0.549
1997.686,0.378
1997.689,0.317
1997.692,0.038
1997.695,-0.015
1997.697,-0.065
1997.700,-0.120
1997.703,-0.177
1997.705,-0.144
1997.708,0.098
1997.711,0.358
1997.714,0.409
1997.716,0.455
1997.719,0.386
1997.722,0.487
1997.725,0.786
1997.727,1.179
1997.730,1.460
1997.733,1.623
1997.736,1.500
1997.738,1.300
1997.741,1.305
1997.744,1.398
1997.747,1.111
1997.749,1.052
1997.752,1.158
1997.755,1.061
1997.758,1.060
1997.760,1.095
1997.763,1.098
1997.766,1.146
1997.768,1.113
1997.771,1.347
1997.774,1.447
1997.777,1.331
1997.779,1.248
1997.782,1.213
1997.785,1.201
1997.788,1.000
1997.790,0.940
1997.793,0.580
1997.796,0.575
1997.799,0.362
1997.801,0.206
1997.804,0.129
1997.807,0.228
1997.810,0.470
1997.812,0.583
1997.815,0.712
1997.818,0.834
1997.821,0.762
1997.823,0.563
1997.826,0.441
1997.829,0.435
1997.832,0.542
1997.834,0.486
1997.837,0.702
1997.840,0.865
1997.842,1.284
1997.845,1.621
1997.848,1.601
1997.851,1.635
1997.853,1.647
1997.856,1.739
1997.859,1.522
1997.862,1.234
1997.864,0.914
1997.867,0.494
1997.870,0.178
1997.873,0.018
1997.875,-0.141
1997.878,-0.390
1997.881,-0.292
1997.884,-0.054
1997.886,0.245
1997.889,0.498
1997.892,0.468
1997.895,0.413
1997.897,0.482
1997.900,0.468
1997.903,0.235
1997.906,0.133
1997.908,0.164
1997.911,0.106
1997.914,0.181
1997.916,0.272
1997.919,0.226
1997.922,0.251
1997.925,0.667
1997.927,0.871
1997.930,0.729
1997.933,0.684
1997.936,0.612
1997.938,0.610
1997.941,0.896
1997.944,0.963
1997.947,0.797
1997.949,0.678
1997.952,0.319
1997.955,-0.104
1997.958,-0.035
1997.960,0.524
1997.963,0.749
1997.966,0.785
1997.969,0.809
1997.971,0.799
1997.974,0.747
1997.977,0.880
1997.979,1.059
1997.982,1.295
1997.985,1.251
1997.988,0.836
1997.990,0.549
1997.993,0.732
1997.996,0.809
1997.999,0.772
1998.001,0.600
1998.004,0.818
1998.007,0.977
1998.010,1.024
1998.012,0.974
1998.015,0.935
1998.018,0.691
1998.021,0.602
1998.023,0.585
1998.026,0.423
1998.029,0.324
1998.031,0.159
1998.034,0.086
1998.037,-0.170
1998.040,-0.021
1998.042,0.181
1998.045,0.221
1998.048,0.291
1998.051,0.272
1998.053,0.182
1998.056,0.170
1998.059,0.199
1998.062,0.300
1998.064,0.546
1998.067,0.736
1998.070,0.787
1998.073,1.217
1998.075,1.409
1998.078,1.601
1998.081,1.548
1998.084,1.913
1998.086,1.798
1998.089,1.877
1998.092,1.931
1998.094,1.903
1998.097,1.933
1998.100,1.780
1998.103,1.615
1998.105,1.309
1998.108,1.137
1998.111,1.287
1998.114,1.369
1998.116,1.322
1998.119,1.106
1998.122,0.942
1998.125,0.992
1998.127,1.221
1998.130,1.288
1998.133,1.478
1998.136,1.561
1998.138,1.590
1998.141,1.644
1998.144,1.603
1998.147,1.750
1998.149,1.799
1998.152,1.813
1998.155,1.896
1998.158,1.706
1998.160,1.561
1998.163,1.654
1998.166,1.547
1998.168,1.470
1998.171,1.655
1998.174,1.724
1998.177,1.336
1998.179,1.042
1998.182,0.833
1998.185,0.913
1998.188,0.643
1998.190,0.324
1998.193,0.102
1998.196,0.176
1998.199,0.358
1998.201,0.397
1998.204,0.204
1998.207,0.318
1998.210,0.438
1998.212,0.382
1998.215,0.279
1998.218,0.446
1998.221,0.661
1998.223,0.808
1998.226,0.731
1998.229,0.651
1998.232,0.745
1998.234,1.017
1998.237,1.023
1998.240,1.093
1998.242,1.079
1998.245,1.002
1998.248,1.159
1998.251,1.392
1998.253,1.620
1998.256,1.673
1998.259,1.790
1998.262,1.936
1998.264,1.873
1998.267,1.711
1998.270,1.445
1998.273,1.333
1998.275,1.433
1998.278,1.610
1998.281,1.427
1998.284,1.348
1998.286,1.471
1998.289,1.318
1998.292,1.195
1998.295,0.940
1998.297,0.964
1998.300,0.976
1998.303,0.977
1998.305,0.804
1998.308,0.696
1998.311,0.634
1998.314,0.775
1998.316,0.862
1998.319,1.014
1998.322,1.060
1998.325,1.042
1998.327,0.940
1998.330,0.857
1998.333,0.855
1998.336,0.922
1998.338,1.188
1998.341,0.963
1998.344,1.316
1998.347,1.499
1998.349,1.507
1998.352,1.603
1998.355,1.146
1998.358,0.997
1998.360,0.851
1998.363,0.917
1998.366,1.101
1998.369,1.042
1998.371,1.033
1998.374,1.057
1998.377,1.132
1998.379,1.236
1998.382,1.348
1998.385,1.266
1998.388,1.425
1998.390,1.243
1998.393,1.255
1998.396,1.266
1998.399,1.214
1998.401,1.317
1998.404,1.173
1998.407,1.203
1998.410,1.060
1998.412,1.138
1998.415,1.114
1998.418,0.833
1998.421,0.864
1998.423,1.150
1998.426,1.458
1998.429,1.349
1998.432,1.263
1998.434,1.014
1998.437,1.299
1998.440,1.494
1998.443,1.594
1998.445,1.591
1998.448,1.396
1998.451,1.433
1998.453,1.533
1998.456,1.523
1998.459,1.330
1998.462,1.358
1998.464,1.392
1998.467,1.371
1998.470,1.063
1998.473,0.877
1998.475,0.791
1998.478,0.695
1998.481,0.715
1998.484,0.794
1998.486,0.985
1998.489,1.088
1998.492,1.281
1998.495,1.158
1998.497,0.918
1998.500,0.794
1998.503,1.086
1998.505,1.133
1998.508,1.293
1998.511,1.195
1998.514,1.083
1998.516,0.945
1998.519,0.863
1998.522,0.819
1998.525,0.788
1998.527,0.666
1998.530,0.617
1998.533,0.521
1998.536,0.710
1998.538,0.991
1998.541,1.240
1998.544,1.192
1998.547,1.178
1998.549,1.310
1998.552,1.337
1998.555,1.179
1998.557,1.275
1998.560,1.210
1998.563,0.948
1998.566,0.991
1998.568,1.191
1998.571,1.284
1998.574,1.267
1998.577,1.456
1998.579,1.427
1998.582,1.249
1998.585,1.283
1998.588,1.623
1998.590,1.707
1998.593,1.716
1998.596,1.740
1998.599,1.708
1998.601,1.885
1998.604,1.595
1998.607,1.463
1998.610,1.188
1998.612,0.949
1998.615,0.790
1998.618,0.700
1998.621,0.884
1998.623,1.071
1998.626,0.845
1998.629,0.658
1998.631,0.640
1998.634,0.823
1998.637,0.845
1998.640,0.866
1998.642,0.761
1998.645,0.888
1998.648,0.825
1998.651,0.644
1998.653,0.732
1998.656,0.647
1998.659,0.677
1998.662,0.757
1998.664,0.665
1998.667,0.595
1998.670,0.566
1998.673,0.316
1998.675,0.255
1998.678,0.252
1998.681,0.400
1998.684,0.447
1998.686,0.274
1998.689,0.205
1998.692,0.313
1998.695,0.505
1998.697,0.854
1998.700,0.897
1998.703,0.665
1998.705,0.634
1998.708,0.605
1998.711,0.787
1998.714,0.467
1998.716,0.405
1998.719,0.359
1998.722,0.270
1998.725,0.294
1998.727,0.143
1998.730,0.361
1998.733,0.431
1998.736,0.774
1998.738,1.015
1998.741,1.177
1998.744,1.244
1998.747,1.237
1998.749,0.911
1998.752,0.670
1998.755,0.526
1998.758,0.477
1998.760,0.461
1998.763,0.382
1998.766,0.315
1998.768,0.153
1998.771,0.130
1998.774,0.266
1998.777,0.447
1998.779,0.639
1998.782,0.861
1998.785,0.956
1998.788,1.157
1998.790,1.091
1998.793,1.064
1998.796,1.030
1998.799,0.830
1998.801,0.620
1998.804,0.462
1998.807,0.501
1998.810,0.597
1998.812,0.663
1998.815,0.823
1998.818,0.995
1998.821,0.905
1998.823,0.737
1998.826,0.562
1998.829,0.332
1998.832,0.278
1998.834,0.133
1998.837,0.268
1998.840,0.330
1998.842,0.586
1998.845,0.769
1998.848,0.802
1998.851,0.783
1998.853,0.716
1998.856,0.642
1998.859,0.414
1998.862,0.173
1998.864,0.058
1998.867,0.258
1998.870,0.376
1998.873,0.319
1998.875,0.262
1998.878,-0.130
1998.881,-0.222
1998.884,-0.189
1998.886,-0.102
1998.889,-0.066
1998.892,0.082
1998.895,0.165
1998.897,0.203
1998.900,0.191
1998.903,0.165
1998.906,0.128
1998.908,-0.000
1998.911,-0.148
1998.914,-0.142
1998.916,-0.049
1998.919,0.113
1998.922,0.558
1998.925,0.903
1998.927,0.953
1998.930,0.776
1998.933,0.752
1998.936,0.650
1998.938,0.706
1998.941,0.907
1998.944,1.114
1998.947,1.418
1998.949,1.695
1998.952,1.621
1998.955,1.379
1998.958,1.419
1998.960,1.349
1998.963,1.292
1998.966,1.102
1998.969,1.047
1998.971,0.960
1998.974,0.748
1998.977,0.544
1998.979,0.733
1998.982,1.008
1998.985,1.158
1998.988,1.098
1998.990,1.138
1998.993,0.948
1998.996,0.862
1998.999,0.709
1999.001,0.479
1999.004,0.295
1999.007,0.391
1999.010,0.322
1999.012,0.393
1999.015,0.474
1999.018,0.434
1999.021,0.549
1999.023,0.652
1999.026,0.577
1999.029,0.540
1999.031,0.643
1999.034,0.795
1999.037,1.101
1999.040,1.701
1999.042,1.984
1999.045,1.986
1999.048,1.869
1999.051,1.568
1999.053,1.284
1999.056,1.225
1999.059,1.231
1999.062,1.031
1999.064,0.983
1999.067,0.767
1999.070,0.574
1999.073,0.674
1999.075,0.956
1999.078,0.901
1999.081,0.876
1999.084,0.716
1999.086,0.876
1999.089,0.944
1999.092,1.018
1999.094,1.008
1999.097,1.138
1999.100,1.584
1999.103,1.374
1999.105,1.366
1999.108,1.564
1999.111,1.638
1999.114,1.555
1999.116,1.553
1999.119,1.726
1999.122,1.642
1999.125,1.752
1999.127,1.684
1999.130,1.777
1999.133,1.592
1999.136,1.540
1999.138,1.514
1999.141,1.477
1999.144,1.329
1999.147,1.493
1999.149,1.655
1999.152,1.891
1999.155,1.865
1999.158,1.811
1999.160,1.676
1999.163,1.414
1999.166,1.322
1999.168,1.143
1999.171,0.917
1999.174,0.758
1999.177,0.524
1999.179,0.238
1999.182,0.215
1999.185,0.191
1999.188,0.313
1999.190,0.350
1999.193,0.399
1999.196,0.223
1999.199,0.041
1999.201,-0.097
1999.204,-0.285
1999.207,-0.276
1999.210,-0.266
1999.212,-0.124
1999.215,-0.157
1999.218,-0.262
1999.221,-0.182
1999.223,0.219
1999.226,0.609
1999.229,0.526
1999.232,0.296
1999.234,0.252
1999.237,0.175
1999.240,0.327
1999.242,0.585
1999.245,0.737
1999.248,0.629
1999.251,0.594
1999.253,0.791
1999.256,0.825
1999.259,0.921
1999.262,0.929
1999.264,0.787
1999.267,0.766
1999.270,0.640
1999.273,0.750
1999.275,0.839
1999.278,1.166
1999.281,1.366
1999.284,1.303
1999.286,1.194
1999.289,0.997
1999.292,0.705
1999.295,0.429
1999.297,0.522
1999.300,0.702
1999.303,0.829
1999.305,0.950
1999.308,0.966
1999.311,0.634
1999.314,0.528
1999.316,0.468
1999.319,0.318
1999.322,0.114
1999.325,0.216
1999.327,0.308
1999.330,0.460
1999.333,0.610
1999.336,0.869
1999.338,1.045
1999.341,0.673
1999.344,0.701
1999.347,0.572
1999.349,0.438
1999.352,0.246
1999.355,0.229
1999.358,0.158
1999.360,0.329
1999.363,0.466
1999.366,0.412
1999.369,0.443
1999.371,0.460
1999.374,0.421
1999.377,0.348
1999.379,0.481
1999.382,0.608
1999.385,0.562
1999.388,0.540
1999.390,0.519
1999.393,0.473
1999.396,0.414
1999.399,0.460
1999.401,0.595
1999.404,0.873
1999.407,0.964
1999.410,0.871
1999.412,0.620
1999.415,0.566
1999.418,0.773
1999.421,0.819
1999.423,0.717
1999.426,0.869
1999.429,1.083
1999.432,1.099
1999.434,0.769
1999.437,0.825
1999.440,0.579
1999.443,0.469
1999.445,0.446
1999.448,0.529
1999.451,0.679
1999.453,0.685
1999.456,0.849
1999.459,0.896
1999.462,0.865
1999.464,0.815
1999.467,0.862
1999.470,0.827
1999.473,0.859
1999.475,0.670
1999.478,0.388
1999.481,0.470
1999.484,0.532
1999.486,0.610
1999.489,0.568
1999.492,0.307
1999.495,0.168
1999.497,0.347
1999.500,0.575
1999.503,0.726
1999.505,0.746
1999.508,0.794
1999.511,0.633
1999.514,0.649
1999.516,0.775
1999.519,0.792
1999.522,0.737
1999.525,0.513
1999.527,0.523
1999.530,0.330
1999.533,0.210
1999.536,0.240
1999.538,0.325
1999.541,0.301
1999.544,0.327
1999.547,0.577
1999.549,0.646
1999.552,0.652
1999.555,0.538
1999.557,0.525
1999.560,0.545
1999.563,0.535
1999.566,0.658
1999.568,0.606
1999.571,0.547
1999.574,0.814
1999.577,0.742
1999.579,0.705
1999.582,0.724
1999.585,0.826
1999.588,0.903
1999.590,0.827
1999.593,0.875
1999.596,0.741
1999.599,0.503
1999.601,0.291
1999.604,0.291
1999.607,0.651
1999.610,0.825
1999.612,0.789
1999.615,0.378
1999.618,0.069
1999.621,0.058
1999.623,0.151
1999.626,0.132
1999.629,0.458
1999.631,0.692
1999.634,0.608
1999.637,0.487
1999.640,0.280
1999.642,0.406
1999.645,0.558
1999.648,0.717
1999.651,0.555
1999.653,0.590
1999.656,0.444
1999.659,0.417
1999.662,0.528
1999.664,0.682
1999.667,0.608
1999.670,0.697
1999.673,0.966
1999.675,0.666
1999.678,0.627
1999.681,0.512
1999.684,0.657
1999.686,0.721
1999.689,0.783
1999.692,0.553
1999.695,0.817
1999.697,0.901
1999.700,0.629
1999.703,0.567
1999.705,0.562
1999.708,0.552
1999.711,0.429
1999.714,0.525
1999.716,0.672
1999.719,0.697
1999.722,0.593
1999.725,0.564
1999.727,0.638
1999.730,0.777
1999.733,0.778
1999.736,0.658
1999.738,0.592
1999.741,0.405
1999.744,0.362
1999.747,0.185
1999.749,0.142
1999.752,0.318
1999.755,0.243
1999.758,0.224
1999.760,0.314
1999.763,0.700
1999.766,0.981
1999.768,0.956
1999.771,0.833
1999.774,0.787
1999.777,0.700
1999.779,0.553
1999.782,0.666
1999.785,0.613
1999.788,0.572
1999.790,0.547
1999.793,0.574
1999.796,0.386
1999.799,0.594
1999.801,0.760
1999.804,0.744
1999.807,0.780
1999.810,0.778
1999.812,0.826
1999.815,0.769
1999.818,0.831
1999.821,0.763
1999.823,0.756
1999.826,1.033
1999.829,1.291
1999.832,1.301
1999.834,1.085
1999.837,0.951
1999.840,0.908
1999.842,0.995
1999.845,0.905
1999.848,0.951
1999.851,0.951
1999.853,0.640
1999.856,0.585
1999.859,0.329
1999.862,0.312
1999.864,0.465
1999.867,0.598
1999.870,0.738
1999.873,0.578
1999.875,0.366
1999.878,0.236
1999.881,0.300
1999.884,0.514
1999.886,0.315
1999.889,0.000
1999.892,-0.006
1999.895,-0.043
1999.897,-0.098
1999.900,-0.115
1999.903,-0.053
1999.906,-0.173
1999.908,-0.128
1999.911,-0.138
1999.914,-0.022
1999.916,0.273
1999.919,0.708
1999.922,0.858
1999.925,0.928
1999.927,0.887
1999.930,0.742
1999.933,0.676
1999.936,0.699
1999.938,0.649
1999.941,0.761
1999.944,0.563
1999.947,0.770
1999.949,0.786
1999.952,0.818
1999.955,0.584
1999.958,0.545
1999.960,0.585
1999.963,0.667
1999.966,0.612
1999.969,0.799
1999.971,0.963
1999.974,1.211
1999.977,1.257
1999.979,1.128
1999.982,1.217
1999.985,1.346
1999.988,1.130
1999.990,0.961
1999.993,0.633
1999.996,0.283
1999.999,0.191
2000.001,0.011
2000.004,-0.186
2000.007,-0.283
2000.010,-0.329
2000.012,-0.526
2000.015,-0.468
2000.018,-0.066
2000.021,0.204
2000.023,0.556
2000.026,0.692
2000.029,0.670
2000.031,0.558
2000.034,0.167
2000.037,-0.071
2000.040,-0.167
2000.042,0.082
2000.045,0.135
2000.048,0.239
2000.051,0.384
2000.053,0.476
2000.056,0.365
2000.059,0.432
2000.062,0.368
2000.064,0.357
2000.067,0.524
2000.070,0.645
2000.072,0.639
2000.075,0.550
2000.078,0.627
2000.081,0.852
2000.083,0.951
2000.086,1.286
2000.089,1.449
2000.092,1.552
2000.094,1.584
2000.097,1.523
2000.100,1.394
2000.102,1.574
2000.105,1.374
2000.108,1.255
2000.111,1.250
2000.113,1.228
2000.116,0.973
2000.119,0.794
2000.122,0.622
2000.124,0.642
2000.127,0.569
2000.130,0.592
2000.133,0.733
2000.135,0.629
2000.138,0.653
2000.141,0.786
2000.143,0.738
2000.146,0.885
2000.149,0.905
2000.152,0.932
2000.154,0.787
2000.157,0.577
2000.160,0.573
2000.163,0.698
2000.165,0.911
2000.168,1.043
2000.171,1.140
2000.173,0.949
2000.176,0.918
2000.179,0.864
2000.182,0.877
2000.184,0.781
2000.187,0.582
2000.190,0.354
2000.193,0.365
2000.195,0.555
2000.198,0.568
2000.201,0.613
2000.203,0.481
2000.206,0.540
2000.209,0.545
2000.212,0.673
2000.214,0.804
2000.217,0.753
2000.220,0.900
2000.223,1.047
2000.225,1.142
2000.228,1.073
2000.231,1.316
2000.234,1.443
2000.236,1.452
2000.239,1.487
2000.242,1.708
2000.245,1.970
2000.247,2.162
2000.250,2.052
2000.253,2.040
2000.255,1.885
2000.258,1.567
2000.261,1.018
2000.264,0.583
2000.266,0.738
2000.269,0.897
2000.272,0.956
2000.275,0.893
2000.277,0.977
2000.280,1.081
2000.283,1.449
2000.286,1.416
2000.288,1.439
2000.291,1.529
2000.294,1.557
2000.297,1.586
2000.299,1.437
2000.302,1.369
2000.305,1.636
2000.307,1.622
2000.310,1.472
2000.313,1.382
2000.316,1.314
2000.318,1.394
2000.321,1.304
2000.324,1.099
2000.327,0.816
2000.329,0.884
2000.332,0.912
2000.335,0.888
2000.337,1.051
2000.340,1.253
2000.343,1.203
2000.346,1.037
2000.348,0.963
2000.351,0.626
2000.354,0.427
2000.357,0.551
2000.359,0.795
2000.362,0.640
2000.365,0.357
2000.367,0.521
2000.370,0.658
2000.373,0.571
2000.376,0.358
2000.378,0.335
2000.381,0.104
2000.384,0.145
2000.387,0.224
2000.389,0.524
2000.392,0.819
2000.395,0.970
2000.398,0.923
2000.400,0.716
2000.403,0.562
2000.406,0.536
2000.408,0.575
2000.411,0.805
2000.414,0.819
2000.417,0.986
2000.419,1.074
2000.422,1.219
2000.425,1.334
2000.428,1.130
2000.430,0.910
2000.433,0.676
2000.436,0.664
2000.438,0.830
2000.441,0.798
2000.444,0.596
2000.447,0.624
2000.449,0.707
2000.452,0.687
2000.455,0.530
2000.458,0.206
2000.460,0.131
2000.463,0.405
2000.466,0.506
2000.469,0.649
2000.471,0.720
2000.474,0.657
2000.477,0.560
2000.479,0.707
2000.482,0.842
2000.485,0.749
2000.488,0.667
2000.490,0.599
2000.493,0.448
2000.496,0.169
2000.499,0.376
2000.501,0.525
2000.504,0.358
2000.507,0.465
2000.510,0.482
2000.512,0.712
2000.515,0.828
2000.518,0.700
2000.521,0.484
2000.523,0.369
2000.526,0.204
2000.529,0.239
2000.531,0.172
2000.534,0.469
2000.537,0.755
2000.540,0.827
2000.542,0.869
2000.545,0.750
2000.548,0.668
2000.551,0.746
2000.553,0.793
2000.556,0.677
2000.559,0.419
2000.562,0.329
2000.564,0.363
2000.567,0.531
2000.570,0.524
2000.572,0.535
2000.575,0.518
2000.578,0.681
2000.581,0.955
2000.583,1.022
2000.586,0.985
2000.589,0.750
2000.592,0.755
2000.594,0.703
2000.597,0.751
2000.600,0.661
2000.602,0.811
2000.605,0.749
2000.608,0.733
2000.611,0.586
2000.613,0.332
2000.616,0.371
2000.619,0.547
2000.622,0.399
2000.624,0.163
2000.627,0.194
2000.630,0.397
2000.633,0.686
2000.635,0.714
2000.638,0.548
2000.641,0.520
2000.643,0.652
2000.646,0.846
2000.649,0.937
2000.652,0.788
2000.654,0.890
2000.657,0.893
2000.660,0.772
2000.663,0.780
2000.665,0.900
2000.668,0.861
2000.671,0.728
2000.673,0.945
2000.676,0.948
2000.679,0.922
2000.682,0.881
2000.684,1.040
2000.687,0.875
2000.690,0.613
2000.693,0.588
2000.695,0.569
2000.698,0.526
2000.701,0.584
2000.703,0.505
2000.706,0.552
2000.709,0.342
2000.712,0.317
2000.714,0.428
2000.717,0.348
2000.720,0.119
2000.723,0.297
2000.725,0.375
2000.728,0.260
2000.731,0.115
2000.734,-0.161
2000.736,-0.162
2000.739,0.115
2000.742,0.403
2000.745,0.357
2000.747,0.708
2000.750,0.791
2000.753,0.562
2000.755,0.439
2000.758,0.274
2000.761,0.237
2000.764,0.240
2000.766,0.179
2000.769,0.143
2000.772,0.098
2000.775,0.059
2000.777,0.244
2000.780,0.394
2000.783,0.179
2000.786,-0.157
2000.788,-0.312
2000.791,-0.115
2000.794,0.121
2000.797,0.010
2000.799,-0.002
2000.802,-0.086
2000.805,-0.150
2000.807,-0.125
2000.810,-0.076
2000.813,0.039
2000.816,0.226
2000.818,0.406
2000.821,0.522
2000.824,0.229
2000.827,0.016
2000.829,0.071
2000.832,0.390
2000.835,0.498
2000.837,0.607
2000.840,0.728
2000.843,0.825
2000.846,0.604
2000.848,0.125
2000.851,-0.227
2000.854,-0.274
2000.857,-0.114
2000.859,-0.119
2000.862,0.005
2000.865,-0.010
2000.867,-0.177
2000.870,-0.257
2000.873,-0.410
2000.876,-0.433
2000.878,-0.368
2000.881,-0.307
2000.884,-0.280
2000.887,-0.466
2000.889,-0.573
2000.892,-0.365
2000.895,0.164
2000.898,0.353
2000.900,0.508
2000.903,0.632
2000.906,0.632
2000.908,0.560
2000.911,0.170
2000.914,0.150
2000.917,0.300
2000.919,0.028
2000.922,-0.191
2000.925,-0.357
2000.928,-0.289
2000.930,-0.161
2000.933,-0.152
2000.936,-0.064
2000.938,0.062
2000.941,0.219
2000.944,0.227
2000.947,-0.039
2000.949,-0.240
2000.952,-0.139
2000.955,-0.110
2000.958,0.133
2000.960,0.356
2000.963,0.480
2000.966,0.444
2000.969,0.309
2000.971,0.072
2000.974,-0.041
2000.977,-0.148
2000.979,-0.088
2000.982,0.181
2000.985,0.463
2000.988,0.543
2000.990,0.547
2000.993,0.585
2000.996,0.667
2000.999,0.498
2001.001,0.332
2001.004,0.310
2001.007,0.493
2001.010,0.659
2001.012,0.523
2001.015,0.396
2001.018,0.525
2001.021,0.387
2001.023,0.321
2001.026,0.320
2001.029,0.374
2001.031,0.329
2001.034,0.500
2001.037,0.520
2001.040,0.874
2001.042,1.167
2001.045,1.272
2001.048,1.398
2001.051,1.301
2001.053,1.143
2001.056,1.053
2001.059,1.028
2001.062,0.990
2001.064,0.851
2001.067,0.539
2001.070,0.482
2001.073,0.617
2001.075,0.581
2001.078,0.585
2001.081,0.501
2001.084,0.319
2001.086,0.056
2001.089,-0.100
2001.092,-0.064
2001.094,0.183
2001.097,0.275
2001.100,0.284
2001.103,0.399
2001.105,0.312
2001.108,0.151
2001.111,0.047
2001.114,0.049
2001.116,0.427
2001.119,0.391
2001.122,0.536
2001.125,0.564
2001.127,0.672
2001.130,0.749
2001.133,0.738
2001.136,0.760
2001.138,0.983
2001.141,0.922
2001.144,0.666
2001.147,0.621
2001.149,0.700
2001.152,0.707
2001.155,0.855
2001.158,0.873
2001.160,0.963
2001.163,0.952
2001.166,1.049
2001.168,1.311
2001.171,1.418
2001.174,1.415
2001.177,1.357
2001.179,1.475
2001.182,1.401
2001.185,1.231
2001.188,1.055
2001.190,1.149
2001.193,1.300
2001.196,1.329
2001.199,1.380
2001.201,1.266
2001.204,1.260
2001.207,1.272
2001.210,1.059
2001.212,0.682
2001.215,0.797
2001.218,0.674
2001.221,0.627
2001.223,0.595
2001.226,0.660
2001.229,0.771
2001.232,0.638
2001.234,0.917
2001.237,1.131
2001.240,1.181
2001.242,1.148
2001.245,1.254
2001.248,1.272
2001.251,1.378
2001.253,1.749
2001.256,1.736
2001.259,1.453
2001.262,1.333
2001.264,1.192
2001.267,1.137
2001.270,1.026
2001.273,0.920
2001.275,0.976
2001.278,1.224
2001.281,1.187
2001.284,1.063
2001.286,0.996
2001.289,0.837
2001.292,0.698
2001.295,0.605
2001.297,0.699
2001.300,0.812
2001.303,0.738
2001.305,0.666
2001.308,0.938
2001.311,1.059
2001.314,1.182
2001.316,1.134
2001.319,1.280
2001.322,1.353
2001.325,1.048
2001.327,1.264
2001.330,1.374
2001.333,1.235
2001.336,1.090
2001.338,1.184
2001.341,1.047
2001.344,1.079
2001.347,1.222
2001.349,1.538
2001.352,1.488
2001.355,1.628
2001.358,1.739
2001.360,1.604
2001.363,1.361
2001.366,1.168
2001.369,1.096
2001.371,1.151
2001.374,1.033
2001.377,0.818
2001.379,0.727
2001.382,0.699
2001.385,0.839
2001.388,0.946
2001.390,1.271
2001.393,1.208
2001.396,1.243
2001.399,1.312
2001.401,1.019
2001.404,0.885
2001.407,0.745
2001.410,0.517
2001.412,0.559
2001.415,0.602
2001.418,0.976
2001.421,0.823
2001.423,0.885
2001.426,0.900
2001.429,0.882
2001.432,1.130
2001.434,1.181
2001.437,1.061
2001.440,1.040
2001.443,1.240
2001.445,1.247
2001.448,1.140
2001.451,0.998
2001.453,0.655
2001.456,0.454
2001.459,0.322
2001.462,0.468
2001.464,0.511
2001.467,0.274
2001.470,0.199
2001.473,0.333
2001.475,0.268
2001.478,0.298
2001.481,0.594
2001.484,0.674
2001.486,0.778
2001.489,0.764
2001.492,0.761
2001.495,0.711
2001.497,0.655
2001.500,0.536
2001.503,0.735
2001.505,0.578
2001.508,0.312
2001.511,0.129
2001.514,0.340
2001.516,0.690
2001.519,0.737
2001.522,1.131
2001.525,1.332
2001.527,1.480
2001.530,1.576
2001.533,1.643
2001.536,1.409
2001.538,1.320
2001.541,1.098
2001.544,1.270
2001.547,1.338
2001.549,1.312
2001.552,1.127
2001.555,1.110
2001.557,1.049
2001.560,0.701
2001.563,0.419
2001.566,0.189
2001.568,-0.022
2001.571,-0.064
2001.574,0.160
2001.577,0.690
2001.579,1.130
2001.582,0.984
2001.585,0.730
2001.588,0.679
2001.590,0.930
2001.593,1.264
2001.596,0.953
2001.599,0.510
2001.601,0.546
2001.604,0.731
2001.607,0.829
2001.610,0.520
2001.612,0.495
2001.615,0.462
2001.618,0.508
2001.621,0.576
2001.623,0.747
2001.626,0.631
2001.629,0.424
2001.631,0.407
2001.634,0.415
2001.637,0.471
2001.640,0.683
2001.642,0.817
2001.645,0.833
2001.648,0.707
2001.651,0.646
2001.653,0.409
2001.656,0.286
2001.659,0.211
2001.662,0.318
2001.664,0.323
2001.667,0.390
2001.670,0.451
2001.673,0.563
2001.675,0.607
2001.678,0.534
2001.681,0.637
2001.684,0.836
2001.686,0.876
2001.689,0.757
2001.692,0.800
2001.695,0.882
2001.697,1.067
2001.700,1.047
2001.703,0.693
2001.705,0.536
2001.708,0.288
2001.711,0.198
2001.714,0.231
2001.716,0.273
2001.719,0.361
2001.722,0.674
2001.725,0.851
2001.727,1.213
2001.730,1.076
2001.733,0.688
2001.736,0.409
2001.738,0.510
2001.741,0.713
2001.744,0.797
2001.747,0.840
2001.749,0.391
2001.752,0.236
2001.755,0.430
2001.758,0.696
2001.760,0.680
2001.763,0.865
2001.766,0.896
2001.768,0.882
2001.771,0.917
2001.774,0.987
2001.777,1.022
2001.779,0.840
2001.782,0.555
2001.785,0.499
2001.788,0.369
2001.790,0.207
2001.793,0.115
2001.796,0.304
2001.799,0.532
2001.801,0.531
2001.804,0.467
2001.807,0.624
2001.810,0.746
2001.812,0.765
2001.815,0.573
2001.818,0.471
2001.821,0.140
2001.823,0.243
2001.826,0.332
2001.829,0.513
2001.832,0.838
2001.834,0.994
2001.837,1.185
2001.840,1.332
2001.842,1.577
2001.845,1.532
2001.848,1.526
2001.851,1.505
2001.853,1.390
2001.856,1.262
2001.859,1.245
2001.862,1.025
2001.864,1.069
2001.867,1.199
2001.870,1.384
2001.873,1.560
2001.875,1.695
2001.878,1.758
2001.881,1.747
2001.884,1.375
2001.886,0.927
2001.889,0.858
2001.892,1.190
2001.895,1.257
2001.897,0.864
2001.900,0.434
2001.903,0.287
2001.906,0.234
2001.908,0.387
2001.911,0.581
2001.914,0.599
2001.916,0.451
2001.919,0.324
2001.922,0.263
2001.925,0.160
2001.927,0.182
2001.930,0.170
2001.933,0.052
2001.936,-0.244
2001.938,-0.435
2001.941,-0.223
2001.944,-0.199
2001.947,-0.226
2001.949,-0.085
2001.952,0.267
2001.955,0.562
2001.958,0.849
2001.960,1.037
2001.963,1.128
2001.966,1.326
2001.969,1.426
2001.971,1.276
2001.974,1.312
2001.977,1.534
2001.979,1.640
2001.982,1.665
2001.985,1.588
2001.988,1.517
2001.990,1.689
2001.993,1.682
2001.996,1.575
2001.999,1.385
2002.001,1.377
2002.004,1.505
2002.007,1.397
2002.010,1.383
2002.012,1.541
2002.015,1.574
2002.018,1.579
2002.021,1.745
2002.023,1.976
2002.026,2.053
2002.029,2.082
2002.031,1.823
2002.034,1.660
2002.037,1.734
2002.040,1.533
2002.042,1.346
2002.045,1.091
2002.048,1.058
2002.051,1.105
2002.053,1.151
2002.056,1.035
2002.059,0.970
2002.062,1.053
2002.064,1.134
2002.067,1.010
2002.070,1.019
2002.073,0.985
2002.075,0.909
2002.078,0.915
2002.081,1.004
2002.084,1.235
2002.086,1.241
2002.089,1.172
2002.092,1.285
2002.094,1.004
2002.097,0.861
2002.100,0.843
2002.103,0.744
2002.105,0.668
2002.108,0.655
2002.111,0.806
2002.114,1.054
2002.116,1.315
2002.119,1.544
2002.122,1.703
2002.125,1.976
2002.127,2.182
2002.130,2.242
2002.133,2.228
2002.136,2.320
2002.138,2.117
2002.141,1.958
2002.144,2.004
2002.147,1.968
2002.149,1.915
2002.152,1.763
2002.155,1.523
2002.158,1.278
2002.160,0.944
2002.163,1.095
2002.166,1.236
2002.168,1.263
2002.171,1.185
2002.174,1.176
2002.177,1.205
2002.179,1.543
2002.182,1.680
2002.185,1.880
2002.188,1.957
2002.190,1.921
2002.193,2.247
2002.196,2.509
2002.199,2.266
2002.201,2.103
2002.204,1.954
2002.207,1.789
2002.210,1.690
2002.212,2.037
2002.215,1.962
2002.218,1.838
2002.221,1.447
2002.223,1.324
2002.226,1.173
2002.229,1.194
2002.232,1.245
2002.234,1.417
2002.237,1.561
2002.240,1.770
2002.242,1.746
2002.245,1.572
2002.248,1.383
2002.251,1.233
2002.253,0.870
2002.256,0.322
2002.259,0.140
2002.262,0.579
2002.264,0.808
2002.267,0.968
2002.270,1.219
2002.273,1.238
2002.275,1.422
2002.278,1.586
2002.281,1.619
2002.284,1.720
2002.286,1.574
2002.289,1.442
2002.292,1.289
2002.295,1.255
2002.297,1.308
2002.300,1.113
2002.303,0.834
2002.305,0.927
2002.308,0.699
2002.311,0.763
2002.314,0.832
2002.316,0.858
2002.319,1.075
2002.322,1.384
2002.325,1.406
2002.327,1.229
2002.330,1.013
2002.333,0.854
2002.336,0.826
2002.338,0.990
2002.341,1.184
2002.344,1.118
2002.347,1.210
2002.349,1.098
2002.352,1.183
2002.355,1.346
2002.358,1.477
2002.360,1.460
2002.363,1.469
2002.366,1.299
2002.369,1.410
2002.371,1.460
2002.374,1.081
2002.377,0.798
2002.379,0.747
2002.382,0.558
2002.385,0.351
2002.388,0.353
2002.390,0.304
2002.393,0.588
2002.396,0.992
2002.399,1.392
2002.401,1.554
2002.404,1.604
2002.407,1.431
2002.410,1.403
2002.412,1.454
2002.415,1.343
2002.418,1.053
2002.421,1.006
2002.423,0.902
2002.426,0.808
2002.429,0.632
2002.432,0.588
2002.434,0.599
2002.437,0.675
2002.440,0.590
2002.443,0.461
2002.445,0.561
2002.448,0.566
2002.451,0.527
2002.453,0.456
2002.456,0.642
2002.459,0.783
2002.462,0.805
2002.464,0.885
2002.467,1.196
2002.470,1.245
2002.473,0.863
2002.475,0.653
2002.478,0.454
2002.481,0.507
2002.484,0.792
2002.486,0.866
2002.489,0.903
2002.492,0.684
2002.495,0.596
2002.497,0.824
2002.500,0.932
2002.503,1.155
2002.505,1.103
2002.508,1.124
2002.511,1.259
2002.514,1.266
2002.516,1.379
2002.519,1.196
2002.522,1.070
2002.525,0.969
2002.527,1.213
2002.530,1.257
2002.533,1.144
2002.536,1.318
2002.538,1.094
2002.541,0.858
2002.544,0.743
2002.547,0.798
2002.549,0.820
2002.552,0.903
2002.555,0.869
2002.557,0.955
2002.560,1.233
2002.563,0.877
2002.566,1.011
2002.568,1.314
2002.571,1.089
2002.574,1.139
2002.577,1.294
2002.579,1.054
2002.582,0.622
2002.585,0.533
2002.588,0.421
2002.590,0.388
2002.593,0.558
2002.596,0.554
2002.599,0.554
2002.601,0.594
2002.604,0.583
2002.607,0.513
2002.610,0.763
2002.612,0.996
2002.615,1.038
2002.618,1.111
2002.621,1.165
2002.623,1.151
2002.626,1.050
2002.629,0.780
2002.631,0.570
2002.634,0.471
2002.637,0.473
2002.640,0.706
2002.642,0.815
2002.645,0.824
2002.648,0.924
2002.651,0.821
2002.653,0.709
2002.656,0.715
2002.659,0.559
2002.662,0.636
2002.664,0.771
2002.667,1.027
2002.670,0.841
2002.673,0.706
2002.675,0.929
2002.678,0.891
2002.681,0.793
2002.684,0.747
2002.686,0.919
2002.689,0.943
2002.692,1.016
2002.695,0.809
2002.697,0.699
2002.700,0.853
2002.703,0.915
2002.705,1.045
2002.708,0.970
2002.711,0.792
2002.714,0.660
2002.716,0.774
2002.719,0.846
2002.722,0.928
2002.725,0.790
2002.727,0.678
2002.730,0.722
2002.733,0.798
2002.736,0.803
2002.738,0.860
2002.741,0.983
2002.744,0.955
2002.747,0.848
2002.749,0.833
2002.752,0.643
2002.755,0.411
2002.758,0.377
2002.760,0.562
2002.763,0.646
2002.766,0.878
2002.768,0.923
2002.771,1.059
2002.774,1.014
2002.777,0.919
2002.779,0.872
2002.782,0.744
2002.785,0.550
2002.788,0.481
2002.790,0.513
2002.793,0.479
2002.796,0.524
2002.799,0.716
2002.801,0.803
2002.804,0.723
2002.807,0.608
2002.810,0.479
2002.812,0.495
2002.815,0.692
2002.818,1.112
2002.821,0.820
2002.823,0.677
2002.826,0.581
2002.829,0.613
2002.832,0.442
2002.834,0.547
2002.837,0.529
2002.840,0.635
2002.842,0.569
2002.845,0.418
2002.848,0.324
2002.851,0.415
2002.853,0.417
2002.856,0.699
2002.859,0.796
2002.862,0.743
2002.864,0.659
2002.867,0.609
2002.870,0.697
2002.873,0.595
2002.875,0.778
2002.878,1.018
2002.881,1.311
2002.884,1.259
2002.886,1.145
2002.889,1.114
2002.892,1.206
2002.895,1.135
2002.897,0.928
2002.900,0.651
2002.903,0.360
2002.906,0.408
2002.908,0.408
2002.911,0.356
2002.914,0.112
2002.916,-0.174
2002.919,-0.371
2002.922,-0.223
2002.925,-0.269
2002.927,-0.363
2002.930,-0.392
2002.933,-0.429
2002.936,-0.399
2002.938,-0.180
2002.941,0.088
2002.944,0.466
2002.947,0.761
2002.949,1.064
2002.952,1.280
2002.955,1.386
2002.958,1.455
2002.960,1.307
2002.963,1.201
2002.966,1.081
2002.969,1.059
2002.971,0.938
2002.974,0.665
2002.977,0.241
2002.979,-0.059
2002.982,-0.045
2002.985,-0.059
2002.988,-0.051
2002.990,-0.003
2002.993,-0.007
2002.996,0.084
2002.999,0.099
2003.001,0.062
2003.004,0.332
2003.007,0.876
2003.010,1.326
2003.012,1.471
2003.015,1.604
2003.018,1.692
2003.021,1.679
2003.023,1.571
2003.026,1.113
2003.029,0.789
2003.031,0.904
2003.034,1.136
2003.037,1.180
2003.040,1.344
2003.042,1.682
2003.045,1.768
2003.048,1.918
2003.051,1.953
2003.053,2.080
2003.056,1.849
2003.059,1.545
2003.062,1.303
2003.064,1.111
2003.067,0.959
2003.070,0.942
2003.073,0.989
2003.075,1.257
2003.078,1.302
2003.081,1.532
2003.084,1.710
2003.086,1.933
2003.089,1.985
2003.092,1.929
2003.094,1.633
2003.097,1.376
2003.100,1.292
2003.103,1.071
2003.105,0.909
2003.108,0.754
2003.111,0.774
2003.114,0.781
2003.116,0.764
2003.119,0.621
2003.122,0.588
2003.125,0.336
2003.127,0.035
2003.130,0.276
2003.133,0.623
2003.136,0.953
2003.138,0.815
2003.141,0.717
2003.144,0.735
2003.147,0.723
2003.149,0.908
2003.152,0.816
2003.155,0.853
2003.158,0.747
2003.160,0.727
2003.163,0.680
2003.166,0.479
2003.168,0.020
2003.171,-0.123
2003.174,-0.076
2003.177,-0.038
2003.179,-0.066
2003.182,-0.063
2003.185,0.044
2003.188,0.281
2003.190,0.439
2003.193,0.645
2003.196,0.747
2003.199,0.900
2003.201,1.351
2003.204,1.577
2003.207,1.544
2003.210,1.659
2003.212,1.393
2003.215,1.243
2003.218,1.397
2003.221,1.320
2003.223,1.438
2003.226,1.680
2003.229,1.699
2003.232,1.452
2003.234,1.268
2003.237,1.401
2003.240,1.375
2003.242,1.186
2003.245,0.952
2003.248,1.036
2003.251,1.044
2003.253,1.030
2003.256,0.970
2003.259,0.805
2003.262,0.741
2003.264,1.029
2003.267,1.277
2003.270,1.410
2003.273,1.393
2003.275,1.537
2003.278,1.295
2003.281,1.039
2003.284,0.849
2003.286,0.822
2003.289,0.703
2003.292,0.767
2003.295,0.735
2003.297,0.691
2003.300,1.033
2003.303,1.458
2003.305,1.445
2003.308,1.292
2003.311,1.295
2003.314,1.352
2003.316,1.112
2003.319,0.840
2003.322,0.610
2003.325,0.454
2003.327,0.560
2003.330,0.646
2003.333,0.577
2003.336,0.524
2003.338,0.465
2003.341,0.537
2003.344,0.559
2003.347,0.850
2003.349,1.019
2003.352,1.072
2003.355,1.042
2003.358,1.267
2003.360,1.116
2003.363,1.247
2003.366,1.098
2003.369,0.955
2003.371,0.832
2003.374,0.917
2003.377,0.829
2003.379,1.064
2003.382,1.272
2003.385,1.142
2003.388,1.098
2003.390,1.242
2003.393,1.531
2003.396,1.397
2003.399,1.241
2003.401,0.929
2003.404,1.015
2003.407,0.984
2003.410,1.099
2003.412,1.166
2003.415,1.023
2003.418,0.808
2003.421,0.542
2003.423,0.568
2003.426,0.625
2003.429,0.501
2003.432,0.426
2003.434,0.521
2003.437,0.522
2003.440,0.484
2003.443,0.468
2003.445,0.430
2003.448,0.539
2003.451,0.704
2003.453,0.973
2003.456,0.963
2003.459,0.779
2003.462,0.819
2003.464,0.637
2003.467,0.409
2003.470,0.235
2003.473,0.253
2003.475,0.545
2003.478,0.515
2003.481,0.685
2003.484,0.444
2003.486,0.437
2003.489,0.528
2003.492,0.469
2003.495,0.481
2003.497,0.557
2003.500,0.613
2003.503,0.553
2003.505,0.571
2003.508,0.788
2003.511,1.054
2003.514,1.037
2003.516,1.056
2003.519,0.809
2003.522,0.611
2003.525,0.487
2003.527,0.383
2003.530,0.413
2003.533,0.465
2003.536,0.591
2003.538,0.786
2003.541,0.864
2003.544,0.833
2003.547,0.869
2003.549,0.978
2003.552,1.025
2003.555,0.834
2003.557,0.607
2003.560,0.334
2003.563,0.493
2003.566,0.456
2003.568,0.420
2003.571,0.668
2003.574,0.561
2003.577,0.414
2003.579,0.450
2003.582,0.809
2003.585,1.052
2003.588,0.981
2003.590,1.026
2003.593,1.049
2003.596,1.001
2003.599,0.907
2003.601,0.987
2003.604,0.569
2003.607,0.383
2003.610,0.624
2003.612,0.739
2003.615,0.795
2003.618,0.688
2003.621,0.743
2003.623,0.732
2003.626,0.783
2003.629,0.820
2003.631,1.018
2003.634,0.813
2003.637,0.814
2003.640,0.970
2003.642,1.064
2003.645,1.083
2003.648,0.902
2003.651,0.838
2003.653,0.704
2003.656,0.654
2003.659,0.636
2003.662,0.721
2003.664,0.786
2003.667,0.736
2003.670,0.549
2003.673,0.851
2003.675,1.079
2003.678,0.968
2003.681,0.901
2003.684,0.639
2003.686,0.360
2003.689,-0.003
2003.692,0.236
2003.695,0.362
2003.697,0.449
2003.700,0.359
2003.703,0.217
2003.705,0.549
2003.708,0.812
2003.711,0.823
2003.714,1.030
2003.716,1.250
2003.719,1.283
2003.722,1.413
2003.725,1.283
2003.727,1.218
2003.730,1.093
2003.733,1.106
2003.736,1.300
2003.738,1.259
2003.741,0.957
2003.744,0.770
2003.747,0.891
2003.749,1.225
2003.752,1.234
2003.755,1.212
2003.758,1.234
2003.760,1.189
2003.763,1.029
2003.766,1.102
2003.768,1.142
2003.771,1.116
2003.774,0.820
2003.777,0.653
2003.779,0.493
2003.782,0.634
2003.785,0.907
2003.788,1.052
2003.790,0.967
2003.793,0.990
2003.796,1.087
2003.799,1.106
2003.801,1.078
2003.804,1.175
2003.807,1.230
2003.810,1.154
2003.812,1.112
2003.815,1.274
2003.818,1.287
2003.821,1.034
2003.823,1.123
2003.826,1.207
2003.829,1.077
2003.832,1.033
2003.834,0.913
2003.837,0.843
2003.840,0.654
2003.842,0.512
2003.845,0.410
2003.848,0.621
2003.851,0.577
2003.853,0.678
2003.856,0.665
2003.859,0.699
2003.862,0.794
2003.864,0.784
2003.867,0.697
2003.870,0.654
2003.873,0.531
2003.875,0.411
2003.878,0.619
2003.881,0.702
2003.884,0.759
2003.886,0.549
2003.889,0.148
2003.892,-0.145
2003.895,-0.013
2003.897,0.111
2003.900,-0.003
2003.903,0.122
2003.906,0.364
2003.908,0.341
2003.911,0.215
2003.914,0.158
2003.916,0.228
2003.919,0.275
2003.922,0.285
2003.925,0.396
2003.927,0.713
2003.930,0.925
2003.933,1.020
2003.936,1.226
2003.938,1.398
2003.941,1.182
2003.944,1.163
2003.947,1.220
2003.949,1.399
2003.952,1.673
2003.955,1.648
2003.958,1.540
2003.960,1.488
2003.963,1.717
2003.966,1.695
2003.969,1.773
2003.971,1.944
2003.974,1.865
2003.977,1.699
2003.979,1.719
2003.982,1.656
2003.985,1.461
2003.988,1.491
2003.990,1.468
2003.993,1.405
2003.996,1.459
2003.999,1.623
2004.001,1.434
2004.004,1.371
2004.007,1.292
2004.010,1.101
2004.012,0.819
2004.015,0.604
2004.018,0.425
2004.021,0.294
2004.023,0.639
2004.026,0.986
2004.029,1.353
2004.031,1.317
2004.034,1.249
2004.037,1.241
2004.040,1.260
2004.042,1.279
2004.045,1.080
2004.048,0.984
2004.051,0.946
2004.053,0.840
2004.056,0.710
2004.059,0.466
2004.062,0.604
2004.064,0.492
2004.067,0.592
2004.070,0.697
2004.072,0.622
2004.075,0.554
2004.078,0.599
2004.081,0.706
2004.083,0.734
2004.086,0.944
2004.089,0.835
2004.092,0.676
2004.094,0.679
2004.097,0.795
2004.100,1.150
2004.102,1.150
2004.105,1.384
2004.108,1.691
2004.111,1.857
2004.113,1.777
2004.116,1.673
2004.119,1.237
2004.122,1.074
2004.124,0.771
2004.127,0.743
2004.130,1.050
2004.133,1.234
2004.135,1.094
2004.138,1.038
2004.141,1.195
2004.143,1.500
2004.146,1.515
2004.149,1.516
2004.152,1.713
2004.154,1.944
2004.157,1.973
2004.160,1.900
2004.163,1.730
2004.165,1.509
2004.168,1.330
2004.171,1.085
2004.173,0.899
2004.176,0.859
2004.179,0.891
2004.182,0.816
2004.184,1.091
2004.187,1.220
2004.190,1.225
2004.193,1.129
2004.195,0.958
2004.198,0.997
2004.201,1.006
2004.203,0.997
2004.206,1.031
2004.209,0.911
2004.212,1.122
2004.214,1.419
2004.217,1.323
2004.220,1.158
2004.223,0.986
2004.225,1.060
2004.228,1.107
2004.231,1.140
2004.234,1.116
2004.236,1.129
2004.239,1.254
2004.242,1.417
2004.245,1.371
2004.247,1.372
2004.250,1.207
2004.253,1.306
2004.255,1.489
2004.258,1.592
2004.261,1.572
2004.264,1.516
2004.266,1.560
2004.269,1.372
2004.272,1.170
2004.275,1.140
2004.277,1.173
2004.280,1.084
2004.283,1.036
2004.286,1.116
2004.288,1.031
2004.291,1.095
2004.294,1.033
2004.297,1.125
2004.299,1.140
2004.302,1.163
2004.305,1.308
2004.307,1.106
2004.310,0.766
2004.313,0.696
2004.316,0.450
2004.318,0.575
2004.321,0.534
2004.324,0.293
2004.327,0.133
2004.329,-0.142
2004.332,-0.131
2004.335,-0.078
2004.337,-0.075
2004.340,-0.037
2004.343,-0.023
2004.346,0.074
2004.348,0.268
2004.351,0.448
2004.354,0.686
2004.357,0.859
2004.359,0.969
2004.362,0.668
2004.365,0.573
2004.367,0.534
2004.370,0.684
2004.373,0.940
2004.376,1.018
2004.378,1.051
2004.381,0.858
2004.384,0.466
2004.387,0.347
2004.389,0.074
2004.392,-0.220
2004.395,-0.074
2004.398,0.097
2004.400,-0.071
2004.403,-0.427
2004.406,-0.360
2004.408,-0.272
2004.411,0.116
2004.414,0.108
2004.417,0.010
2004.419,0.118
2004.422,0.048
2004.425,0.006
2004.428,0.159
2004.430,0.347
2004.433,0.321
2004.436,0.417
2004.438,0.488
2004.441,0.472
2004.444,0.369
2004.447,0.396
2004.449,0.313
2004.452,0.376
2004.455,0.434
2004.458,0.461
2004.460,0.702
2004.463,0.925
2004.466,0.894
2004.469,0.960
2004.471,1.056
2004.474,0.983
2004.477,0.929
2004.479,0.980
2004.482,0.873
2004.485,0.785
2004.488,0.634
2004.490,0.499
2004.493,0.372
2004.496,0.336
2004.499,0.425
2004.501,0.340
2004.504,0.351
2004.507,0.284
2004.510,0.285
2004.512,0.140
2004.515,0.080
2004.518,-0.170
2004.521,-0.029
2004.523,0.093
2004.526,0.227
2004.529,0.416
2004.531,0.593
2004.534,0.471
2004.537,0.303
2004.540,0.147
2004.542,0.100
2004.545,-0.131
2004.548,-0.316
2004.551,-0.396
2004.553,-0.296
2004.556,-0.173
2004.559,-0.154
2004.562,-0.054
2004.564,0.080
2004.567,-0.065
2004.570,-0.021
2004.572,-0.074
2004.575,-0.256
2004.578,-0.279
2004.581,-0.208
2004.583,0.111
2004.586,0.296
2004.589,0.348
2004.592,0.336
2004.594,0.240
2004.597,0.292
2004.600,0.119
2004.602,0.103
2004.605,0.229
2004.608,0.358
2004.611,0.356
2004.613,0.358
2004.616,0.640
2004.619,0.565
2004.622,0.368
2004.624,0.407
2004.627,0.318
2004.630,0.674
2004.633,0.471
2004.635,0.360
2004.638,0.190
2004.641,0.015
2004.643,0.306
2004.646,0.543
2004.649,0.583
2004.652,0.498
2004.654,0.474
2004.657,0.486
2004.660,0.609
2004.663,0.511
2004.665,0.271
2004.668,0.521
2004.671,0.588
2004.673,0.668
2004.676,0.642
2004.679,0.589
2004.682,0.571
2004.684,0.314
2004.687,0.212
2004.690,0.161
2004.693,0.239
2004.695,0.324
2004.698,0.171
2004.701,0.154
2004.703,0.338
2004.706,0.574
2004.709,0.683
2004.712,0.792
2004.714,1.034
2004.717,0.905
2004.720,0.812
2004.723,0.788
2004.725,0.737
2004.728,0.583
2004.731,0.683
2004.734,0.912
2004.736,0.946
2004.739,0.868
2004.742,0.830
2004.745,0.622
2004.747,0.335
2004.750,0.204
2004.753,0.171
2004.755,0.308
2004.758,0.666
2004.761,0.958
2004.764,1.081
2004.766,1.133
2004.769,1.254
2004.772,1.463
2004.775,1.510
2004.777,1.400
2004.780,1.303
2004.783,1.051
2004.786,0.599
2004.788,0.528
2004.791,0.717
2004.794,0.644
2004.797,0.626
2004.799,0.785
2004.802,0.610
2004.805,0.653
2004.807,0.825
2004.810,0.792
2004.813,0.767
2004.816,0.733
2004.818,0.738
2004.821,0.858
2004.824,1.032
2004.827,1.089
2004.829,0.991
2004.832,0.854
2004.835,0.717
2004.837,0.741
2004.840,0.697
2004.843,0.566
2004.846,0.439
2004.848,0.310
2004.851,0.333
2004.854,0.667
2004.857,0.925
2004.859,1.207
2004.862,1.126
2004.865,1.124
2004.867,1.284
2004.870,1.436
2004.873,1.709
2004.876,1.998
2004.878,2.200
2004.881,2.205
2004.884,1.971
2004.887,1.760
2004.889,1.732
2004.892,1.558
2004.895,1.233
2004.898,0.812
2004.900,0.691
2004.903,0.843
2004.906,0.961
2004.908,0.784
2004.911,0.630
2004.914,0.588
2004.917,0.501
2004.919,0.548
2004.922,0.459
2004.925,0.253
2004.928,0.101
2004.930,0.169
2004.933,0.172
2004.936,0.289
2004.938,0.433
2004.941,0.550
2004.944,0.685
2004.947,0.779
2004.949,0.900
2004.952,0.736
2004.955,0.593
2004.958,0.692
2004.960,0.620
2004.963,0.593
2004.966,0.696
2004.969,0.506
2004.971,0.129
2004.974,0.124
2004.977,0.182
2004.979,0.277
2004.982,0.293
2004.985,0.575
2004.988,0.552
2004.990,0.707
2004.993,0.783
2004.996,0.800
2004.999,0.920
2005.001,0.952
2005.004,1.336
2005.007,1.449
2005.010,1.513
2005.012,1.509
2005.015,1.372
2005.018,1.353
2005.021,1.470
2005.023,1.461
2005.026,1.697
2005.029,1.702
2005.031,1.502
2005.034,1.468
2005.037,1.252
2005.040,1.001
2005.042,0.961
2005.045,0.968
2005.048,0.937
2005.051,1.014
2005.053,0.922
2005.056,0.830
2005.059,0.720
2005.062,0.830
2005.064,0.937
2005.067,0.911
2005.070,0.772
2005.073,0.810
2005.075,0.829
2005.078,0.628
2005.081,0.711
2005.084,0.915
2005.086,0.949
2005.089,0.630
2005.092,0.230
2005.094,0.208
2005.097,0.190
2005.100,0.218
2005.103,0.434
2005.105,0.486
2005.108,0.520
2005.111,0.584
2005.114,0.640
2005.116,0.771
2005.119,0.706
2005.122,0.918
2005.125,0.982
2005.127,0.847
2005.130,0.630
2005.133,0.486
2005.136,0.573
2005.138,0.681
2005.141,0.827
2005.144,0.893
2005.147,1.062
2005.149,1.256
2005.152,1.368
2005.155,1.364
2005.158,1.512
2005.160,1.433
2005.163,1.331
2005.166,1.404
2005.168,1.557
2005.171,1.616
2005.174,1.647
2005.177,1.556
2005.179,1.583
2005.182,1.723
2005.185,2.025
2005.188,2.021
2005.190,1.780
2005.193,1.767
2005.196,1.605
2005.199,1.542
2005.201,1.484
2005.204,1.415
2005.207,1.010
2005.210,0.998
2005.212,1.096
2005.215,1.265
2005.218,1.413
2005.221,0.983
2005.223,0.904
2005.226,0.806
2005.229,0.914
2005.232,1.081
2005.234,1.293
2005.237,1.417
2005.240,1.394
2005.242,1.431
2005.245,1.427
2005.248,1.431
2005.251,1.574
2005.253,1.573
2005.256,1.430
2005.259,1.546
2005.262,1.619
2005.264,1.657
2005.267,1.491
2005.270,1.321
2005.273,1.286
2005.275,1.269
2005.278,1.182
2005.281,1.324
2005.284,1.343
2005.286,1.451
2005.289,1.370
2005.292,1.405
2005.295,1.390
2005.297,1.634
2005.300,1.818
2005.303,1.829
2005.305,1.883
2005.308,1.751
2005.311,1.630
2005.314,1.500
2005.316,1.264
2005.319,1.372
2005.322,1.282
2005.325,1.090
2005.327,1.031
2005.330,0.928
2005.333,0.961
2005.336,0.836
2005.338,0.785
2005.341,0.859
2005.344,0.990
2005.347,0.939
2005.349,0.936
2005.352,1.146
2005.355,1.249
2005.358,1.322
2005.360,1.188
2005.363,1.190
2005.366,1.186
2005.369,1.158
2005.371,1.082
2005.374,1.260
2005.377,1.337
2005.379,1.325
2005.382,1.357
2005.385,1.024
2005.388,0.968
2005.390,0.979
2005.393,0.954
2005.396,0.794
2005.399,0.838
2005.401,1.029
2005.404,1.005
2005.407,1.175
2005.410,1.011
2005.412,0.833
2005.415,0.814
2005.418,0.992
2005.421,1.103
2005.423,1.004
2005.426,1.066
2005.429,1.135
2005.432,1.151
2005.434,1.097
2005.437,1.449
2005.440,1.401
2005.443,1.350
2005.445,1.325
2005.448,1.293
2005.451,1.179
2005.453,1.090
2005.456,1.134
2005.459,1.031
2005.462,0.971
2005.464,1.288
2005.467,1.477
2005.470,1.251
2005.473,1.065
2005.475,0.899
2005.478,0.764
2005.481,0.757
2005.484,0.921
2005.486,0.881
2005.489,0.927
2005.492,1.124
2005.495,1.264
2005.497,1.490
2005.500,1.308
2005.503,1.102
2005.505,0.916
2005.508,0.673
2005.511,0.616
2005.514,0.542
2005.516,0.573
2005.519,0.655
2005.522,0.719
2005.525,0.726
2005.527,0.722
2005.530,0.987
2005.533,1.296
2005.536,1.335
2005.538,1.180
2005.541,0.884
2005.544,0.739
2005.547,0.679
2005.549,0.632
2005.552,0.702
2005.555,0.887
2005.557,1.027
2005.560,1.093
2005.563,0.891
2005.566,0.889
2005.568,0.737
2005.571,0.742
2005.574,0.918
2005.577,1.075
2005.579,0.860
2005.582,0.777
2005.585,0.901
2005.588,0.963
2005.590,0.986
2005.593,0.784
2005.596,0.610
2005.599,0.596
2005.601,0.456
2005.604,0.415
2005.607,0.621
2005.610,0.484
2005.612,0.533
2005.615,0.559
2005.618,0.599
2005.621,0.520
2005.623,0.802
2005.626,0.934
2005.629,1.007
2005.631,0.899
2005.634,0.939
2005.637,0.690
2005.640,0.596
2005.642,0.351
2005.645,0.290
2005.648,0.721
2005.651,0.907
2005.653,0.883
2005.656,0.899
2005.659,0.902
2005.662,0.654
2005.664,0.458
2005.667,0.433
2005.670,0.596
2005.673,0.758
2005.675,0.927
2005.678,1.100
2005.681,1.212
2005.684,1.436
2005.686,1.662
2005.689,1.589
2005.692,1.160
2005.695,0.812
2005.697,0.751
2005.700,0.951
2005.703,1.171
2005.705,1.289
2005.708,1.192
2005.711,1.362
2005.714,1.446
2005.716,1.479
2005.719,1.533
2005.722,1.571
2005.725,1.635
2005.727,1.557
2005.730,1.368
2005.733,1.192
2005.736,0.990
2005.738,0.935
2005.741,1.107
2005.744,1.024
2005.747,1.140
2005.749,1.384
2005.752,1.405
2005.755,1.444
2005.758,1.317
2005.760,0.993
2005.763,0.888
2005.766,0.870
2005.768,0.880
2005.771,0.957
2005.774,1.536
2005.777,1.821
2005.779,1.985
2005.782,1.848
2005.785,1.675
2005.788,1.548
2005.790,1.435
2005.793,1.461
2005.796,1.458
2005.799,1.425
2005.801,1.341
2005.804,1.309
2005.807,1.316
2005.810,1.328
2005.812,1.128
2005.815,1.242
2005.818,1.412
2005.821,1.419
2005.823,1.323
2005.826,1.235
2005.829,1.182
2005.832,1.262
2005.834,1.436
2005.837,1.364
2005.840,1.244
2005.842,1.132
2005.845,0.829
2005.848,0.737
2005.851,0.817
2005.853,0.878
2005.856,0.999
2005.859,0.980
2005.862,1.017
2005.864,1.100
2005.867,1.150
2005.870,1.137
2005.873,1.156
2005.875,1.208
2005.878,1.262
2005.881,1.399
2005.884,1.608
2005.886,1.536
2005.889,1.486
2005.892,1.504
2005.895,1.364
2005.897,1.389
2005.900,1.503
2005.903,1.531
2005.906,1.382
2005.908,1.323
2005.911,1.317
2005.914,1.033
2005.916,0.704
2005.919,0.702
2005.922,0.782
2005.925,0.709
2005.927,0.438
2005.930,0.113
2005.933,0.174
2005.936,0.468
2005.938,0.782
2005.941,1.053
2005.944,1.159
2005.947,1.057
2005.949,0.996
2005.952,1.081
2005.955,1.069
2005.958,1.287
2005.960,1.457
2005.963,1.341
2005.966,1.229
2005.969,1.432
2005.971,1.585
2005.974,1.860
2005.977,1.959
2005.979,1.730
2005.982,1.612
2005.985,1.452
2005.988,1.329
2005.990,1.304
2005.993,1.510
2005.996,1.551
2005.999,1.495
2006.001,1.431
2006.004,1.484
2006.007,1.546
2006.010,1.482
2006.012,1.321
2006.015,0.996
2006.018,0.848
2006.021,0.740
2006.023,0.620
2006.026,0.655
2006.029,0.855
2006.031,1.027
2006.034,1.051
2006.037,0.805
2006.040,0.412
2006.042,0.066
2006.045,-0.111
2006.048,-0.152
2006.051,-0.252
2006.053,0.096
2006.056,0.297
2006.059,0.241
2006.062,0.479
2006.064,0.631
2006.067,0.577
2006.070,0.385
2006.073,0.277
2006.075,0.569
2006.078,0.719
2006.081,0.549
2006.084,0.568
2006.086,0.796
2006.089,1.113
2006.092,1.222
2006.094,0.999
2006.097,0.991
2006.100,1.078
2006.103,1.230
2006.105,1.392
2006.108,1.374
2006.111,1.294
2006.114,1.194
2006.116,1.498
2006.119,1.682
2006.122,1.574
2006.125,1.647
2006.127,1.378
2006.130,1.261
2006.133,1.087
2006.136,1.255
2006.138,1.446
2006.141,1.440
2006.144,1.382
2006.147,1.168
2006.149,0.920
2006.152,1.156
2006.155,1.137
2006.158,1.013
2006.160,1.206
2006.163,1.478
2006.166,1.713
2006.168,1.792
2006.171,1.729
2006.174,1.626
2006.177,1.638
2006.179,1.363
2006.182,1.262
2006.185,1.233
2006.188,1.261
2006.190,1.099
2006.193,0.938
2006.196,0.650
2006.199,0.796
2006.201,0.914
2006.204,0.932
2006.207,0.776
2006.210,0.633
2006.212,0.735
2006.215,1.065
2006.218,1.372
2006.221,1.190
2006.223,1.238
2006.226,1.171
2006.229,1.155
2006.232,1.151
2006.234,1.171
2006.237,1.200
2006.240,1.111
2006.242,1.222
2006.245,1.386
2006.248,1.409
2006.251,1.333
2006.253,1.387
2006.256,1.074
2006.259,0.861
2006.262,0.819
2006.264,0.773
2006.267,0.689
2006.270,0.771
2006.273,1.072
2006.275,0.882
2006.278,0.565
2006.281,0.685
2006.284,0.782
2006.286,0.709
2006.289,0.671
2006.292,0.477
2006.295,0.419
2006.297,0.852
2006.300,1.225
2006.303,1.238
2006.305,1.195
2006.308,1.225
2006.311,1.144
2006.314,1.184
2006.316,0.991
2006.319,0.769
2006.322,0.869
2006.325,0.894
2006.327,0.761
2006.330,0.876
2006.333,0.916
2006.336,0.869
2006.338,0.744
2006.341,0.653
2006.344,0.774
2006.347,0.566
2006.349,0.345
2006.352,0.463
2006.355,0.428
2006.358,0.351
2006.360,0.320
2006.363,0.471
2006.366,0.491
2006.369,0.769
2006.371,1.077
2006.374,1.054
2006.377,0.902
2006.379,0.535
2006.382,0.182
2006.385,0.094
2006.388,0.145
2006.390,0.351
2006.393,0.461
2006.396,0.533
2006.399,0.580
2006.401,0.658
2006.404,0.724
2006.407,0.704
2006.410,0.845
2006.412,1.025
2006.415,1.290
2006.418,1.390
2006.421,1.322
2006.423,1.199
2006.426,1.008
2006.429,0.943
2006.432,1.064
2006.434,0.919
2006.437,0.732
2006.440,0.784
2006.443,1.020
2006.445,1.159
2006.448,1.321
2006.451,1.346
2006.453,1.208
2006.456,1.214
2006.459,1.216
2006.462,1.173
2006.464,1.138
2006.467,1.080
2006.470,0.945
2006.473,0.959
2006.475,1.174
2006.478,1.352
2006.481,1.367
2006.484,1.093
2006.486,0.989
2006.489,0.934
2006.492,1.049
2006.495,1.135
2006.497,0.910
2006.500,0.845
2006.503,0.733
2006.505,0.762
2006.508,0.555
2006.511,0.433
2006.514,0.485
2006.516,0.518
2006.519,0.525
2006.522,0.782
2006.525,1.015
2006.527,0.964
2006.530,0.795
2006.533,0.813
2006.536,0.847
2006.538,0.817
2006.541,0.767
2006.544,0.740
2006.547,0.814
2006.549,0.935
2006.552,0.814
2006.555,0.629
2006.557,0.621
2006.560,0.611
2006.563,0.800
2006.566,0.818
2006.568,0.709
2006.571,0.740
2006.574,0.664
2006.577,0.770
2006.579,0.886
2006.582,0.915
2006.585,1.148
2006.588,1.156
2006.590,1.078
2006.593,1.107
2006.596,1.103
2006.599,1.087
2006.601,0.959
2006.604,0.966
2006.607,0.991
2006.610,0.913
2006.612,1.126
2006.615,1.383
2006.618,1.429
2006.621,1.377
2006.623,1.200
2006.626,1.211
2006.629,1.242
2006.631,0.960
2006.634,0.936
2006.637,0.898
2006.640,0.876
2006.642,1.074
2006.645,1.065
2006.648,1.203
2006.651,1.135
2006.653,0.884
2006.656,0.747
2006.659,0.519
2006.662,0.518
2006.664,0.602
2006.667,0.522
2006.670,0.333
2006.673,0.304
2006.675,0.089
2006.678,0.083
2006.681,-0.008
2006.684,0.151
2006.686,0.323
2006.689,0.309
2006.692,0.348
2006.695,0.525
2006.697,0.528
2006.700,0.487
2006.703,0.607
2006.705,0.640
2006.708,0.805
2006.711,1.168
2006.714,1.197
2006.716,1.526
2006.719,1.485
2006.722,1.422
2006.725,1.300
2006.727,1.345
2006.730,1.096
2006.733,1.200
2006.736,1.386
2006.738,1.435
2006.741,1.389
2006.744,1.314
2006.747,1.359
2006.749,1.517
2006.752,1.589
2006.755,1.546
2006.758,1.449
2006.760,1.348
2006.763,1.161
2006.766,1.049
2006.768,1.028
2006.771,0.880
2006.774,0.791
2006.777,0.700
2006.779,0.771
2006.782,0.715
2006.785,0.756
2006.788,0.624
2006.790,0.425
2006.793,0.510
2006.796,0.660
2006.799,0.765
2006.801,0.624
2006.804,0.727
2006.807,1.027
2006.810,1.099
2006.812,1.142
2006.815,1.136
2006.818,1.262
2006.821,1.388
2006.823,1.332
2006.826,1.114
2006.829,1.160
2006.832,1.309
2006.834,1.022
2006.837,0.789
2006.840,0.784
2006.842,0.798
2006.845,0.814
2006.848,0.867
2006.851,0.937
2006.853,1.067
2006.856,1.169
2006.859,1.080
2006.862,0.960
2006.864,1.016
2006.867,0.762
2006.870,1.142
2006.873,1.415
2006.875,1.395
2006.878,1.217
2006.881,0.881
2006.884,0.776
2006.886,0.725
2006.889,0.604
2006.892,0.302
2006.895,0.318
2006.897,0.374
2006.900,0.321
2006.903,0.187
2006.906,0.131
2006.908,0.140
2006.911,0.119
2006.914,0.238
2006.916,0.132
2006.919,0.060
2006.922,0.119
2006.925,0.518
2006.927,0.845
2006.930,1.083
2006.933,1.359
2006.936,1.421
2006.938,1.381
2006.941,1.497
2006.944,1.458
2006.947,1.454
2006.949,1.539
2006.952,1.596
2006.955,1.630
2006.958,1.723
2006.960,1.742
2006.963,1.875
2006.966,1.890
2006.969,1.923
2006.971,1.871
2006.974,1.797
2006.977,1.668
2006.979,1.414
2006.982,1.054
2006.985,0.916
2006.988,0.686
2006.990,0.721
2006.993,0.967
2006.996,1.119
2006.999,1.354
2007.001,1.405
2007.004,1.670
2007.007,1.903
2007.010,2.121
2007.012,2.130
2007.015,1.997
2007.018,1.653
2007.021,1.586
2007.023,1.616
2007.026,1.625
2007.029,1.841
2007.031,1.744
2007.034,1.743
2007.037,1.604
2007.040,1.653
2007.042,1.627
2007.045,1.814
2007.048,2.020
2007.051,2.074
2007.053,2.047
2007.056,2.032
2007.059,2.160
2007.062,2.216
2007.064,2.334
2007.067,2.221
2007.070,2.291
2007.073,2.179
2007.075,2.185
2007.078,1.990
2007.081,2.005
2007.084,2.036
2007.086,2.060
2007.089,1.839
2007.092,1.690
2007.094,1.503
2007.097,1.512
2007.100,1.631
2007.103,1.695
2007.105,1.650
2007.108,1.643
2007.111,1.521
2007.114,1.484
2007.116,1.431
2007.119,1.253
2007.122,1.000
2007.125,0.908
2007.127,0.869
2007.130,0.653
2007.133,0.378
2007.136,0.275
2007.138,0.426
2007.141,0.520
2007.144,0.635
2007.147,0.488
2007.149,0.355
2007.152,0.455
2007.155,0.388
2007.158,0.243
2007.160,0.260
2007.163,0.396
2007.166,0.299
2007.168,0.393
2007.171,0.513
2007.174,0.547
2007.177,0.628
2007.179,0.682
2007.182,0.773
2007.185,1.002
2007.188,1.002
2007.190,0.955
2007.193,1.017
2007.196,1.246
2007.199,1.155
2007.201,0.932
2007.204,0.865
2007.207,0.988
2007.210,1.393
2007.212,1.466
2007.215,1.687
2007.218,2.139
2007.221,2.552
2007.223,2.417
2007.226,2.034
2007.229,1.743
2007.232,1.687
2007.234,1.657
2007.237,1.807
2007.240,1.778
2007.242,1.887
2007.245,1.721
2007.248,1.494
2007.251,1.560
2007.253,1.498
2007.256,1.309
2007.259,1.476
2007.262,1.627
2007.264,1.552
2007.267,1.633
2007.270,1.642
2007.273,1.655
2007.275,1.713
2007.278,1.611
2007.281,1.474
2007.284,1.564
2007.286,1.495
2007.289,1.508
2007.292,1.877
2007.295,2.073
2007.297,1.922
2007.300,2.024
2007.303,2.032
2007.305,2.040
2007.308,1.969
2007.311,1.877
2007.314,1.725
2007.316,1.556
2007.319,1.506
2007.322,1.612
2007.325,1.682
2007.327,1.950
2007.330,2.280
2007.333,2.334
2007.336,2.182
2007.338,1.905
2007.341,1.943
2007.344,1.908
2007.347,1.733
2007.349,1.446
2007.352,1.306
2007.355,1.266
2007.358,1.290
2007.360,1.220
2007.363,1.258
2007.366,1.323
2007.369,1.267
2007.371,1.105
2007.374,0.907
2007.377,0.843
2007.379,0.813
2007.382,1.048
2007.385,1.115
2007.388,1.061
2007.390,1.005
2007.393,1.014
2007.396,1.288
2007.399,1.467
2007.401,1.573
2007.404,1.668
2007.407,1.345
2007.410,1.048
2007.412,1.258
2007.415,1.171
2007.418,1.020
2007.421,0.757
2007.423,0.659
2007.426,0.649
2007.429,0.652
2007.432,0.748
2007.434,1.050
2007.437,1.172
2007.440,1.266
2007.443,1.238
2007.445,1.202
2007.448,1.095
2007.451,0.909
2007.453,0.836
2007.456,0.661
2007.459,0.706
2007.462,0.964
2007.464,1.198
2007.467,1.128
2007.470,1.237
2007.473,1.093
2007.475,1.124
2007.478,1.029
2007.481,1.052
2007.484,1.038
2007.486,0.895
2007.489,0.767
2007.492,0.935
2007.495,0.921
2007.497,1.024
2007.500,1.104
2007.503,1.235
2007.505,1.359
2007.508,1.513
2007.511,1.485
2007.514,1.296
2007.516,0.917
2007.519,0.705
2007.522,0.378
2007.525,0.248
2007.527,0.339
2007.530,0.559
2007.533,0.705
2007.536,0.896
2007.538,0.907
2007.541,0.902
2007.544,0.822
2007.547,0.718
2007.549,0.783
2007.552,0.734
2007.555,0.831
2007.557,0.852
2007.560,1.266
2007.563,1.270
2007.566,0.982
2007.568,1.026
2007.571,1.114
2007.574,1.000
2007.577,1.092
2007.579,1.117
2007.582,1.136
2007.585,1.199
2007.588,0.979
2007.590,0.814
2007.593,0.862
2007.596,1.071
2007.599,0.971
2007.601,0.859
2007.604,0.801
2007.607,0.726
2007.610,0.665
2007.612,0.645
2007.615,0.908
2007.618,1.115
2007.621,0.834
2007.623,0.698
2007.626,0.580
2007.629,0.585
2007.631,0.821
2007.634,0.841
2007.637,0.907
2007.640,1.155
2007.642,1.059
2007.645,1.015
2007.648,1.142
2007.651,1.034
2007.653,0.866
2007.656,0.803
2007.659,1.022
2007.662,1.036
2007.664,0.860
2007.667,0.866
2007.670,1.009
2007.673,1.170
2007.675,1.121
2007.678,0.843
2007.681,0.769
2007.684,0.938
2007.686,0.955
2007.689,0.972
2007.692,0.849
2007.695,0.716
2007.697,0.593
2007.700,0.459
2007.703,0.550
2007.705,0.753
2007.708,0.678
2007.711,0.938
2007.714,0.961
2007.716,0.860
2007.719,0.933
2007.722,0.906
2007.725,1.041
2007.727,1.044
2007.730,0.861
2007.733,0.773
2007.736,0.752
2007.738,0.679
2007.741,0.755
2007.744,0.781
2007.747,0.792
2007.749,0.930
2007.752,0.996
2007.755,1.091
2007.758,1.061
2007.760,1.048
2007.763,1.033
2007.766,0.646
2007.768,0.555
2007.771,0.666
2007.774,0.784
2007.777,0.645
2007.779,0.805
2007.782,0.796
2007.785,0.807
2007.788,1.144
2007.790,1.244
2007.793,1.202
2007.796,1.155
2007.799,1.171
2007.801,1.269
2007.804,1.170
2007.807,1.046
2007.810,1.014
2007.812,0.967
2007.815,1.107
2007.818,1.071
2007.821,1.191
2007.823,1.114
2007.826,1.150
2007.829,1.199
2007.832,1.402
2007.834,1.401
2007.837,1.128
2007.840,1.135
2007.842,1.141
2007.845,1.000
2007.848,1.074
2007.851,1.128
2007.853,1.179
2007.856,1.186
2007.859,1.072
2007.862,0.929
2007.864,0.857
2007.867,0.804
2007.870,0.664
2007.873,0.468
2007.875,0.709
2007.878,0.706
2007.881,0.727
2007.884,0.926
2007.886,1.019
2007.889,0.922
2007.892,0.666
2007.895,0.487
2007.897,0.443
2007.900,0.638
2007.903,0.682
2007.906,0.581
2007.908,0.522
2007.911,0.670
2007.914,0.741
2007.916,0.732
2007.919,0.738
2007.922,0.669
2007.925,0.691
2007.927,0.855
2007.930,0.994
2007.933,0.956
2007.936,1.019
2007.938,0.887
2007.941,0.974
2007.944,1.075
2007.947,1.191
2007.949,0.961
2007.952,0.691
2007.955,0.374
2007.958,0.324
2007.960,0.344
2007.963,0.555
2007.966,0.789
2007.969,0.941
2007.971,1.101
2007.974,0.971
2007.977,0.764
2007.979,0.693
2007.982,0.312
2007.985,0.618
2007.988,0.562
2007.990,0.600
2007.993,0.622
2007.996,0.741
2007.999,0.822
2008.001,0.392
2008.004,0.167
2008.007,0.084
2008.010,0.391
2008.012,0.840
2008.015,1.137
2008.018,1.019
2008.021,0.872
2008.023,0.623
2008.026,0.413
2008.029,0.312
2008.031,0.110
2008.034,0.099
2008.037,0.030
2008.040,0.125
2008.042,-0.178
2008.045,-0.106
2008.048,-0.060
2008.051,-0.155
2008.053,-0.121
2008.056,0.009
2008.059,-0.011
2008.062,-0.095
2008.064,-0.144
2008.067,-0.147
2008.070,0.139
2008.072,0.170
2008.075,0.104
2008.078,0.003
2008.081,-0.297
2008.083,-0.459
2008.086,-0.365
2008.089,-0.120
2008.092,0.129
2008.094,0.356
2008.097,0.316
2008.100,0.146
2008.102,-0.166
2008.105,-0.465
2008.108,-0.578
2008.111,-0.457
2008.113,-0.625
2008.116,-0.684
2008.119,-0.557
2008.122,-0.075
2008.124,0.269
2008.127,0.278
2008.130,0.489
2008.133,0.747
2008.135,0.540
2008.138,0.484
2008.141,0.487
2008.143,0.970
2008.146,1.243
2008.149,1.350
2008.152,1.405
2008.154,1.405
2008.157,1.341
2008.160,1.328
2008.163,1.524
2008.165,1.714
2008.168,2.013
2008.171,2.135
2008.173,2.073
2008.176,1.873
2008.179,1.816
2008.182,1.959
2008.184,1.958
2008.187,1.763
2008.190,1.830
2008.193,1.932
2008.195,1.856
2008.198,1.743
2008.201,1.515
2008.203,1.310
2008.206,1.043
2008.209,1.210
2008.212,1.274
2008.214,1.468
2008.217,1.572
2008.220,1.554
2008.223,1.780
2008.225,1.671
2008.228,1.782
2008.231,1.972
2008.234,1.977
2008.236,1.690
2008.239,1.575
2008.242,1.654
2008.245,1.527
2008.247,1.689
2008.250,1.538
2008.253,1.520
2008.255,1.207
2008.258,1.032
2008.261,1.065
2008.264,1.414
2008.266,1.523
2008.269,1.469
2008.272,1.592
2008.275,1.487
2008.277,1.363
2008.280,1.229
2008.283,1.163
2008.286,0.541
2008.288,0.396
2008.291,0.520
2008.294,0.605
2008.297,0.743
2008.299,0.618
2008.302,0.666
2008.305,0.745
2008.307,1.035
2008.310,1.065
2008.313,1.217
2008.316,1.352
2008.318,1.448
2008.321,1.405
2008.324,1.151
2008.327,0.964
2008.329,0.821
2008.332,1.062
2008.335,1.031
2008.337,0.831
2008.340,0.957
2008.343,1.097
2008.346,1.009
2008.348,0.893
2008.351,0.644
2008.354,0.572
2008.357,0.747
2008.359,0.835
2008.362,0.864
2008.365,0.813
2008.367,1.060
2008.370,1.266
2008.373,1.103
2008.376,1.032
2008.378,0.920
2008.381,0.845
2008.384,0.773
2008.387,0.708
2008.389,0.730
2008.392,0.830
2008.395,0.840
2008.398,0.758
2008.400,0.672
2008.403,0.696
2008.406,0.595
2008.408,0.315
2008.411,0.291
2008.414,0.552
2008.417,0.720
2008.419,0.835
2008.422,0.830
2008.425,0.709
2008.428,0.848
2008.430,1.021
2008.433,1.105
2008.436,0.977
2008.438,0.769
2008.441,0.624
2008.444,0.655
2008.447,0.588
2008.449,0.605
2008.452,0.689
2008.455,0.672
2008.458,0.433
2008.460,0.568
2008.463,0.617
2008.466,0.785
2008.469,0.771
2008.471,0.609
2008.474,0.495
2008.477,0.397
2008.479,0.315
2008.482,0.448
2008.485,0.858
2008.488,1.037
2008.490,1.045
2008.493,0.803
2008.496,0.673
2008.499,0.524
2008.501,0.372
2008.504,0.347
2008.507,0.247
2008.510,0.306
2008.512,0.625
2008.515,0.797
2008.518,0.505
2008.521,0.406
2008.523,0.493
2008.526,0.762
2008.529,1.018
2008.531,1.176
2008.534,1.142
2008.537,1.037
2008.540,1.035
2008.542,1.155
2008.545,1.227
2008.548,1.103
2008.551,1.112
2008.553,1.073
2008.556,0.824
2008.559,0.791
2008.562,0.711
2008.564,0.936
2008.567,1.150
2008.570,1.365
2008.572,1.325
2008.575,1.135
2008.578,1.116
2008.581,1.065
2008.583,1.066
2008.586,0.906
2008.589,0.767
2008.592,0.669
2008.594,0.639
2008.597,0.499
2008.600,0.511
2008.602,0.387
2008.605,0.242
2008.608,0.304
2008.611,0.368
2008.613,0.412
2008.616,0.551
2008.619,0.800
2008.622,0.706
2008.624,0.816
2008.627,0.650
2008.630,0.533
2008.633,0.395
2008.635,0.351
2008.638,0.372
2008.641,0.219
2008.643,0.220
2008.646,0.518
2008.649,0.544
2008.652,0.479
2008.654,0.506
2008.657,0.549
2008.660,0.493
2008.663,0.570
2008.665,0.574
2008.668,0.774
2008.671,1.184
2008.673,1.042
2008.676,1.007
2008.679,0.797
2008.682,0.558
2008.684,0.598
2008.687,0.665
2008.690,0.867
2008.693,0.952
2008.695,1.111
2008.698,1.000
2008.701,0.817
2008.703,0.603
2008.706,0.388
2008.709,0.117
2008.712,0.116
2008.714,0.448
2008.717,0.718
2008.720,0.792
2008.723,0.630
2008.725,0.588
2008.728,0.497
2008.731,0.660
2008.734,0.827
2008.736,0.823
2008.739,0.849
2008.742,0.887
2008.745,1.042
2008.747,1.148
2008.750,1.324
2008.753,1.356
2008.755,1.304
2008.758,1.046
2008.761,1.085
2008.764,1.195
2008.766,0.963
2008.769,0.784
2008.772,0.716
2008.775,0.895
2008.777,1.109
2008.780,1.210
2008.783,1.264
2008.786,1.414
2008.788,1.390
2008.791,1.366
2008.794,1.305
2008.797,1.227
2008.799,1.190
2008.802,1.188
2008.805,1.114
2008.807,0.920
2008.810,0.894
2008.813,0.957
2008.816,1.084
2008.818,1.002
2008.821,0.978
2008.824,1.175
2008.827,1.304
2008.829,1.385
2008.832,1.572
2008.835,1.428
2008.837,1.388
2008.840,1.501
2008.843,1.562
2008.846,1.471
2008.848,1.279
2008.851,1.024
2008.854,0.814
2008.857,0.823
2008.859,0.857
2008.862,0.837
2008.865,0.900
2008.867,0.858
2008.870,0.811
2008.873,0.718
2008.876,0.482
2008.878,0.254
2008.881,0.169
2008.884,0.174
2008.887,0.411
2008.889,0.554
2008.892,0.731
2008.895,0.942
2008.898,1.287
2008.900,1.470
2008.903,1.637
2008.906,1.757
2008.908,1.613
2008.911,1.545
2008.914,1.550
2008.917,1.374
2008.919,1.137
2008.922,0.727
2008.925,0.448
2008.928,0.580
2008.930,0.721
2008.933,0.818
2008.936,0.698
2008.938,0.788
2008.941,0.722
2008.944,0.548
2008.947,0.635
2008.949,0.405
2008.952,0.270
2008.955,0.190
2008.958,0.161
2008.960,0.078
2008.963,-0.040
2008.966,-0.015
2008.969,0.153
2008.971,0.192
2008.974,0.110
2008.977,0.237
2008.979,0.569
2008.982,0.593
2008.985,0.688
2008.988,1.184
2008.990,1.480
2008.993,1.392
2008.996,1.219
2008.999,1.288
2009.001,1.167
2009.004,0.782
2009.007,0.569
2009.010,0.494
2009.012,0.544
2009.015,0.529
2009.018,0.515
2009.021,0.482
2009.023,0.518
2009.026,0.507
2009.029,0.497
2009.031,0.685
2009.034,0.832
2009.037,1.000
2009.040,1.285
2009.042,1.468
2009.045,1.872
2009.048,1.986
2009.051,1.747
2009.053,1.437
2009.056,1.240
2009.059,1.239
2009.062,0.938
2009.064,0.964
2009.067,1.034
2009.070,1.097
2009.073,1.269
2009.075,1.246
2009.078,1.185
2009.081,1.190
2009.084,1.052
2009.086,1.094
2009.089,1.120
2009.092,1.329
2009.094,1.552
2009.097,1.828
2009.100,2.158
2009.103,2.071
2009.105,1.754
2009.108,1.426
2009.111,1.426
2009.114,1.194
2009.116,0.844
2009.119,0.638
2009.122,0.513
2009.125,0.496
2009.127,0.401
2009.130,0.390
2009.133,0.408
2009.136,0.385
2009.138,0.575
2009.141,0.777
2009.144,0.586
2009.147,0.495
2009.149,0.550
2009.152,0.744
2009.155,0.736
2009.158,0.776
2009.160,0.728
2009.163,0.624
2009.166,0.550
2009.168,1.021
2009.171,1.064
2009.174,0.990
2009.177,1.037
2009.179,1.122
2009.182,0.982
2009.185,0.624
2009.188,0.545
2009.190,0.431
2009.193,0.344
2009.196,0.452
2009.199,0.568
2009.201,0.665
2009.204,0.887
2009.207,0.960
2009.210,0.926
2009.212,0.970
2009.215,1.084
2009.218,1.351
2009.221,1.276
2009.223,1.027
2009.226,1.042
2009.229,1.193
2009.232,1.166
2009.234,1.333
2009.237,1.242
2009.240,1.246
2009.242,1.307
2009.245,1.305
2009.248,1.311
2009.251,1.541
2009.253,1.412
2009.256,1.208
2009.259,1.198
2009.262,1.351
2009.264,1.365
2009.267,1.265
2009.270,1.190
2009.273,1.065
2009.275,0.939
2009.278,0.919
2009.281,1.062
2009.284,1.081
2009.286,1.103
2009.289,0.952
2009.292,1.048
2009.295,1.196
2009.297,1.301
2009.300,1.211
2009.303,1.245
2009.305,1.256
2009.308,1.089
2009.311,1.070
2009.314,1.128
2009.316,0.952
2009.319,1.228
2009.322,1.565
2009.325,1.871
2009.327,1.992
2009.330,1.779
2009.333,1.666
2009.336,1.466
2009.338,1.289
2009.341,1.316
2009.344,1.462
2009.347,1.386
2009.349,1.224
2009.352,1.158
2009.355,0.771
2009.358,0.717
2009.360,0.552
2009.363,0.335
2009.366,0.150
2009.369,0.031
2009.371,0.247
2009.374,0.349
2009.377,0.517
2009.379,0.911
2009.382,0.959
2009.385,0.847
2009.388,0.800
2009.390,0.813
2009.393,1.010
2009.396,1.185
2009.399,1.446
2009.401,1.282
2009.404,1.207
2009.407,1.123
2009.410,1.016
2009.412,1.203
2009.415,1.005
2009.418,0.897
2009.421,0.886
2009.423,0.935
2009.426,0.841
2009.429,0.499
2009.432,0.339
2009.434,0.305
2009.437,0.400
2009.440,0.344
2009.443,0.377
2009.445,0.549
2009.448,0.898
2009.451,1.140
2009.453,1.149
2009.456,1.025
2009.459,1.062
2009.462,0.962
2009.464,0.965
2009.467,0.997
2009.470,1.096
2009.473,0.946
2009.475,0.927
2009.478,0.913
2009.481,0.936
2009.484,0.976
2009.486,1.043
2009.489,1.340
2009.492,1.290
2009.495,1.252
2009.497,0.948
2009.500,0.941
2009.503,0.738
2009.505,0.750
2009.508,0.835
2009.511,1.019
2009.514,1.105
2009.516,0.884
2009.519,0.887
2009.522,0.993
2009.525,1.162
2009.527,1.242
2009.530,1.246
2009.533,0.986
2009.536,0.938
2009.538,0.844
2009.541,0.854
2009.544,1.180
2009.547,1.235
2009.549,1.183
2009.552,1.425
2009.555,1.332
2009.557,1.304
2009.560,0.922
2009.563,0.765
2009.566,0.783
2009.568,0.866
2009.571,0.913
2009.574,0.899
2009.577,0.918
2009.579,0.931
2009.582,0.776
2009.585,0.909
2009.588,0.935
2009.590,1.033
2009.593,1.005
2009.596,1.023
2009.599,0.818
2009.601,0.561
2009.604,0.536
2009.607,0.526
2009.610,0.730
2009.612,0.987
2009.615,1.089
2009.618,1.299
2009.621,1.279
2009.623,1.178
2009.626,1.006
2009.629,0.984
2009.631,1.036
2009.634,0.917
2009.637,0.848
2009.640,0.782
2009.642,0.678
2009.645,0.637
2009.648,0.829
2009.651,0.872
2009.653,0.985
2009.656,0.984
2009.659,0.833
2009.662,0.543
2009.664,0.361
2009.667,0.435
2009.670,0.708
2009.673,0.886
2009.675,0.869
2009.678,0.944
2009.681,0.869
2009.684,0.763
2009.686,0.687
2009.689,0.607
2009.692,0.841
2009.695,1.235
2009.697,1.538
2009.700,1.583
2009.703,1.547
2009.705,1.508
2009.708,1.512
2009.711,1.491
2009.714,1.433
2009.716,1.304
2009.719,1.028
2009.722,1.131
2009.725,1.085
2009.727,1.096
2009.730,1.150
2009.733,1.225
2009.736,1.262
2009.738,1.455
2009.741,1.162
2009.744,0.913
2009.747,0.741
2009.749,0.739
2009.752,0.671
2009.755,0.668
2009.758,0.886
2009.760,0.991
2009.763,1.176
2009.766,0.959
2009.768,0.760
2009.771,0.774
2009.774,0.732
2009.777,0.771
2009.779,0.660
2009.782,0.797
2009.785,0.944
2009.788,0.946
2009.790,1.052
2009.793,1.137
2009.796,1.115
2009.799,1.065
2009.801,1.064
2009.804,1.031
2009.807,1.141
2009.810,1.167
2009.812,1.032
2009.815,0.711
2009.818,0.560
2009.821,0.496
2009.823,0.486
2009.826,0.644
2009.829,0.781
2009.832,0.677
2009.834,0.360
2009.837,0.431
2009.840,0.637
2009.842,0.903
2009.845,0.991
2009.848,1.073
2009.851,0.861
2009.853,0.823
2009.856,0.769
2009.859,0.720
2009.862,0.651
2009.864,0.827
2009.867,1.165
2009.870,1.205
2009.873,1.244
2009.875,1.071
2009.878,0.761
2009.881,0.637
2009.884,0.763
2009.886,0.814
2009.889,0.778
2009.892,0.820
2009.895,0.791
2009.897,0.888
2009.900,0.994
2009.903,1.016
2009.906,1.005
2009.908,0.999
2009.911,1.131
2009.914,1.146
2009.916,1.013
2009.919,0.907
2009.922,0.851
2009.925,0.776
2009.927,0.711
2009.930,0.692
2009.933,0.353
2009.936,0.077
2009.938,-0.021
2009.941,-0.226
2009.944,-0.348
2009.947,-0.200
2009.949,-0.099
2009.952,-0.014
2009.955,0.070
2009.958,0.220
2009.960,0.520
2009.963,0.650
2009.966,0.810
2009.969,0.900
2009.971,0.969
2009.974,0.949
2009.977,1.050
2009.979,0.935
2009.982,0.904
2009.985,0.935
2009.988,0.828
2009.990,0.909
2009.993,0.771
2009.996,0.669
2009.999,0.556
2010.001,0.487
2010.004,0.420
2010.007,0.524
2010.010,0.649
2010.012,0.783
2010.015,0.661
2010.018,0.431
2010.021,0.422
2010.023,0.506
2010.026,0.675
2010.029,0.754
2010.031,0.794
2010.034,0.953
2010.037,1.325
2010.040,1.436
2010.042,1.488
2010.045,1.532
2010.048,1.493
2010.051,1.500
2010.053,1.577
2010.056,1.608
2010.059,1.722
2010.062,1.718
2010.064,1.601
2010.067,1.342
2010.070,1.156
2010.073,1.240
2010.075,1.422
2010.078,1.305
2010.081,1.258
2010.084,1.332
2010.086,1.369
2010.089,1.466
2010.092,1.302
2010.094,1.115
2010.097,1.075
2010.100,1.028
2010.103,1.001
2010.105,0.765
2010.108,0.702
2010.111,0.577
2010.114,0.703
2010.116,0.893
2010.119,1.093
2010.122,1.243
2010.125,1.311
2010.127,1.444
2010.130,1.551
2010.133,1.755
2010.136,1.932
2010.138,1.864
2010.141,1.688
2010.144,1.503
2010.147,1.508
2010.149,1.330
2010.152,1.135
2010.155,1.107
2010.158,1.305
2010.160,1.295
2010.163,1.364
2010.166,1.584
2010.168,1.419
2010.171,1.443
2010.174,1.414
2010.177,1.597
2010.179,1.566
2010.182,1.557
2010.185,1.670
2010.188,1.938
2010.190,1.985
2010.193,2.182
2010.196,2.250
2010.199,2.149
2010.201,2.120
2010.204,2.101
2010.207,1.885
2010.210,1.929
2010.212,1.792
2010.215,1.416
2010.218,1.158
2010.221,0.936
2010.223,0.878
2010.226,0.935
2010.229,1.150
2010.232,1.112
2010.234,1.184
2010.237,1.576
2010.240,1.709
2010.242,1.835
2010.245,1.946
2010.248,1.797
2010.251,1.686
2010.253,1.722
2010.256,2.025
2010.259,2.054
2010.262,1.672
2010.264,1.412
2010.267,1.187
2010.270,0.881
2010.273,0.709
2010.275,0.698
2010.278,0.850
2010.281,0.841
2010.284,1.027
2010.286,1.262
2010.289,1.777
2010.292,2.086
2010.295,2.207
2010.297,2.368
2010.300,2.287
2010.303,2.159
2010.305,1.944
2010.308,1.648
2010.311,1.518
2010.314,1.439
2010.316,1.476
2010.319,1.391
2010.322,1.557
2010.325,1.439
2010.327,1.496
2010.330,1.643
2010.333,1.776
2010.336,1.842
2010.338,1.552
2010.341,1.372
2010.344,1.449
2010.347,1.336
2010.349,1.253
2010.352,1.241
2010.355,1.185
2010.358,1.234
2010.360,1.266
2010.363,1.194
2010.366,1.272
2010.369,1.272
2010.371,1.188
2010.374,0.976
2010.377,0.941
2010.379,0.924
2010.382,0.903
2010.385,0.940
2010.388,1.188
2010.390,1.309
2010.393,1.332
2010.396,1.258
2010.399,1.083
2010.401,1.171
2010.404,1.351
2010.407,1.396
2010.410,1.052
2010.412,0.784
2010.415,0.645
2010.418,0.858
2010.421,0.921
2010.423,0.907
2010.426,0.900
2010.429,0.981
2010.432,0.831
2010.434,0.718
2010.437,0.955
2010.440,1.013
2010.443,1.092
2010.445,1.150
2010.448,1.103
2010.451,1.194
2010.453,0.948
2010.456,0.915
2010.459,0.928
2010.462,1.036
2010.464,1.000
2010.467,1.056
2010.470,1.051
2010.473,1.051
2010.475,1.268
2010.478,1.445
2010.481,1.313
2010.484,1.196
2010.486,1.023
2010.489,0.997
2010.492,1.037
2010.495,0.902
2010.497,0.797
2010.500,0.588
2010.503,0.515
2010.505,0.736
2010.508,0.826
2010.511,0.760
2010.514,0.917
2010.516,1.035
2010.519,1.005
2010.522,1.203
2010.525,1.516
2010.527,1.487
2010.530,1.149
2010.533,1.101
2010.536,0.866
2010.538,0.883
2010.541,0.854
2010.544,0.827
2010.547,0.886
2010.549,0.865
2010.552,0.869
2010.555,0.875
2010.557,0.887
2010.560,0.781
2010.563,0.712
2010.566,0.778
2010.568,0.683
2010.571,0.858
2010.574,1.051
2010.577,1.109
2010.579,0.916
2010.582,0.599
2010.585,0.701
2010.588,0.746
2010.590,0.620
2010.593,0.657
2010.596,0.749
2010.599,0.888
2010.601,0.744
2010.604,0.683
2010.607,0.629
2010.610,0.655
2010.612,0.739
2010.615,0.783
2010.618,0.615
2010.621,0.964
2010.623,0.924
2010.626,0.903
2010.629,0.746
2010.631,0.907
2010.634,1.162
2010.637,1.345
2010.640,1.457
2010.642,1.363
2010.645,1.138
2010.648,1.005
2010.651,1.089
2010.653,1.038
2010.656,1.179
2010.659,1.120
2010.662,1.100
2010.664,1.152
2010.667,1.211
2010.670,1.213
2010.673,0.916
2010.675,0.432
2010.678,0.347
2010.681,0.393
2010.684,0.261
2010.686,0.446
2010.689,0.780
2010.692,0.661
2010.695,0.412
2010.697,0.444
2010.700,0.615
2010.703,0.696
2010.705,0.679
2010.708,0.857
2010.711,0.719
2010.714,0.854
2010.716,0.850
2010.719,0.659
2010.722,0.791
2010.725,0.985
2010.727,1.098
2010.730,1.085
2010.733,1.197
2010.736,1.481
2010.738,1.359
2010.741,1.324
2010.744,1.186
2010.747,1.157
2010.749,1.138
2010.752,1.237
2010.755,1.292
2010.758,1.252
2010.760,1.174
2010.763,1.478
2010.766,1.312
2010.768,1.179
2010.771,1.150
2010.774,1.359
2010.777,1.278
2010.779,1.340
2010.782,1.389
2010.785,1.269
2010.788,1.042
2010.790,0.949
2010.793,1.022
2010.796,1.119
2010.799,1.330
2010.801,1.526
2010.804,1.684
2010.807,1.447
2010.810,1.174
2010.812,1.034
2010.815,0.895
2010.818,0.843
2010.821,0.900
2010.823,0.854
2010.826,1.084
2010.829,1.093
2010.832,1.259
2010.834,1.108
2010.837,1.276
2010.840,1.477
2010.842,1.695
2010.845,1.906
2010.848,1.967
2010.851,1.983
2010.853,2.158
2010.856,2.355
2010.859,2.301
2010.862,2.204
2010.864,1.947
2010.867,1.811
2010.870,1.875
2010.873,1.922
2010.875,1.688
2010.878,1.450
2010.881,1.277
2010.884,1.263
2010.886,1.213
2010.889,0.972
2010.892,0.749
2010.895,0.619
2010.897,0.573
2010.900,0.492
2010.903,0.516
2010.906,0.313
2010.908,0.280
2010.911,0.108
2010.914,-0.058
2010.916,-0.282
2010.919,-0.298
2010.922,-0.081
2010.925,0.240
2010.927,0.388
2010.930,0.354
2010.933,0.401
2010.936,0.358
2010.938,0.328
2010.941,0.330
2010.944,0.345
2010.947,0.141
2010.949,0.169
2010.952,0.372
2010.955,0.417
2010.958,0.747
2010.960,0.818
2010.963,0.810
2010.966,0.852
2010.969,0.685
2010.971,0.636
2010.974,0.858
2010.977,1.039
2010.979,1.070
2010.982,1.251
2010.985,1.207
2010.988,1.004
2010.990,0.784
2010.993,0.747
2010.996,0.734
2010.999,0.628
2011.001,0.691
2011.004,0.669
2011.007,0.662
2011.010,0.635
2011.012,0.754
2011.015,0.832
2011.018,0.843
2011.021,0.791
2011.023,0.555
2011.026,0.375
2011.029,0.175
2011.031,0.360
2011.034,0.556
2011.037,0.621
2011.040,0.578
2011.042,0.549
2011.045,0.494
2011.048,0.343
2011.051,0.118
2011.053,-0.125
2011.056,-0.190
2011.059,-0.094
2011.062,0.065
2011.064,0.400
2011.067,0.817
2011.070,1.140
2011.073,1.341
2011.075,1.450
2011.078,1.492
2011.081,1.532
2011.084,1.372
2011.086,1.293
2011.089,1.318
2011.092,1.409
2011.094,1.424
2011.097,1.365
2011.100,0.913
2011.103,0.785
2011.105,0.525
2011.108,0.306
2011.111,0.237
2011.114,0.415
2011.116,0.401
2011.119,0.323
2011.122,0.419
2011.125,0.567
2011.127,0.887
2011.130,0.876
2011.133,0.659
2011.136,0.512
2011.138,0.476
2011.141,0.461
2011.144,0.300
2011.147,0.198
2011.149,0.217
2011.152,0.110
2011.155,-0.152
2011.158,-0.064
2011.160,-0.022
2011.163,-0.146
2011.166,-0.238
2011.168,0.035
2011.171,0.323
2011.174,0.742
2011.177,0.909
2011.179,0.787
2011.182,0.825
2011.185,0.981
2011.188,0.814
2011.190,0.844
2011.193,0.979
2011.196,0.911
2011.199,0.764
2011.201,0.726
2011.204,0.920
2011.207,1.034
2011.210,0.988
2011.212,0.947
2011.215,0.983
2011.218,1.239
2011.221,1.179
2011.223,1.230
2011.226,1.244
2011.229,1.162
2011.232,1.209
2011.234,1.430
2011.237,1.643
2011.240,1.705
2011.242,1.763
2011.245,1.756
2011.248,1.667
2011.251,1.445
2011.253,1.172
2011.256,1.008
2011.259,0.716
2011.262,0.755
2011.264,0.771
2011.267,0.967
2011.270,1.336
2011.273,1.351
2011.275,1.348
2011.278,1.251
2011.281,1.499
2011.284,1.761
2011.286,1.556
2011.289,1.554
2011.292,1.690
2011.295,1.794
2011.297,1.728
2011.300,1.464
2011.303,1.431
2011.305,1.442
2011.308,1.453
2011.311,1.391
2011.314,1.761
2011.316,1.814
2011.319,1.856
2011.322,1.656
2011.325,1.347
2011.327,1.191
2011.330,0.939
2011.333,0.641
2011.336,0.466
2011.338,0.582
2011.341,0.749
2011.344,1.045
2011.347,1.336
2011.349,1.423
2011.352,1.254
2011.355,1.410
2011.358,1.248
2011.360,1.185
2011.363,0.996
2011.366,0.900
2011.369,0.524
2011.371,0.500
2011.374,0.461
2011.377,0.670
2011.379,0.790
2011.382,0.963
2011.385,1.114
2011.388,1.021
2011.390,0.809
2011.393,0.554
2011.396,0.515
2011.399,0.455
2011.401,0.561
2011.404,0.604
2011.407,0.829
2011.410,1.037
2011.412,1.178
2011.415,1.144
2011.418,1.092
2011.421,1.218
2011.423,1.231
2011.426,1.372
2011.429,1.513
2011.432,1.602
2011.434,1.491
2011.437,1.294
2011.440,0.997
2011.443,0.766
2011.445,0.850
2011.448,0.894
2011.451,0.972
2011.453,1.031
2011.456,1.121
2011.459,1.067
2011.462,1.090
2011.464,1.077
2011.467,1.176
2011.470,1.143
2011.473,0.933
2011.475,0.720
2011.478,0.803
2011.481,0.793
2011.484,0.613
2011.486,0.501
2011.489,0.496
2011.492,0.540
2011.495,0.541
2011.497,0.586
2011.500,0.764
2011.503,0.914
2011.505,0.696
2011.508,0.766
2011.511,0.793
2011.514,0.836
2011.516,0.937
2011.519,1.177
2011.522,1.205
2011.525,1.387
2011.527,1.501
2011.530,1.404
2011.533,1.472
2011.536,1.467
2011.538,1.357
2011.541,1.574
2011.544,1.601
2011.547,1.422
2011.549,1.376
2011.552,1.317
2011.555,1.306
2011.557,1.234
2011.560,1.115
2011.563,1.274
2011.566,1.536
2011.568,1.581
2011.571,1.647
2011.574,1.546
2011.577,1.220
2011.579,1.327
2011.582,1.517
2011.585,1.545
2011.588,1.418
2011.590,1.192
2011.593,1.340
2011.596,1.470
2011.599,1.559
2011.601,1.753
2011.604,1.551
2011.607,1.414
2011.610,1.383
2011.612,1.212
2011.615,1.244
2011.618,1.151
2011.621,1.065
2011.623,1.012
2011.626,0.834
2011.629,0.725
2011.631,0.590
2011.634,0.574
2011.637,0.691
2011.640,0.833
2011.642,0.916
2011.645,1.066
2011.648,1.280
2011.651,1.456
2011.653,1.602
2011.656,1.575
2011.659,1.364
2011.662,1.180
2011.664,1.101
2011.667,1.208
2011.670,1.323
2011.673,1.318
2011.675,1.231
2011.678,1.111
2011.681,0.926
2011.684,0.725
2011.686,0.706
2011.689,0.739
2011.692,0.874
2011.695,0.761
2011.697,0.688
2011.700,0.745
2011.703,0.681
2011.705,0.487
2011.708,0.409
2011.711,0.402
2011.714,0.366
2011.716,0.492
2011.719,0.420
2011.722,0.599
2011.725,0.782
2011.727,0.745
2011.730,0.864
2011.733,1.076
2011.736,1.396
2011.738,1.386
2011.741,1.336
2011.744,1.221
2011.747,1.307
2011.749,1.042
2011.752,0.967
2011.755,1.082
2011.758,1.458
2011.760,1.558
2011.763,1.565
2011.766,1.666
2011.768,1.770
2011.771,1.696
2011.774,1.535
2011.777,1.437
2011.779,1.434
2011.782,1.442
2011.785,1.410
2011.788,1.298
2011.790,1.076
2011.793,0.997
2011.796,1.075
2011.799,1.036
2011.801,0.886
2011.804,0.833
2011.807,0.913
2011.810,1.033
2011.812,1.081
2011.815,1.099
2011.818,0.911
2011.821,0.752
2011.823,0.553
2011.826,0.444
2011.829,0.244
2011.832,0.243
2011.834,0.434
2011.837,0.818
2011.840,0.896
2011.842,0.873
2011.845,0.809
2011.848,0.687
2011.851,0.733
2011.853,0.741
2011.856,0.625
2011.859,0.579
2011.862,0.625
2011.864,0.966
2011.867,1.096
2011.870,0.998
2011.873,0.811
2011.875,0.570
2011.878,0.640
2011.881,0.482
2011.884,0.430
2011.886,0.266
2011.889,0.249
2011.892,0.265
2011.895,0.288
2011.897,0.399
2011.900,0.513
2011.903,0.524
2011.906,0.637
2011.908,0.709
2011.911,0.718
2011.914,0.547
2011.916,0.485
2011.919,0.468
2011.922,0.408
2011.925,0.522
2011.927,0.585
2011.930,0.671
2011.933,0.570
2011.936,0.646
2011.938,0.780
2011.941,0.859
2011.944,0.775
2011.947,0.672
2011.949,0.798
2011.952,0.764
2011.955,0.666
2011.958,0.727
2011.960,0.813
2011.963,0.954
2011.966,1.072
2011.969,1.249
2011.971,1.188
2011.974,1.000
2011.977,0.937
2011.979,0.757
2011.982,0.861
2011.985,1.022
2011.988,1.243
2011.990,1.408
2011.993,1.534
2011.996,1.694
2011.999,1.957
2012.001,1.876
2012.004,1.630
2012.007,1.284
2012.010,1.178
2012.012,1.272
2012.015,1.276
2012.018,1.268
2012.021,1.321
2012.023,1.312
2012.026,1.155
2012.029,0.832
2012.031,0.686
2012.034,0.575
2012.037,0.408
2012.040,0.335
2012.042,0.311
2012.045,0.224
2012.048,0.125
2012.051,0.052
2012.053,-0.050
2012.056,-0.168
2012.059,-0.276
2012.062,0.010
2012.064,0.082
2012.067,0.157
2012.070,0.175
2012.072,0.051
2012.075,-0.213
2012.078,-0.310
2012.081,-0.264
2012.083,-0.212
2012.086,-0.083
2012.089,0.080
2012.092,0.362
2012.094,0.487
2012.097,0.476
2012.100,0.203
2012.102,-0.028
2012.105,-0.228
2012.108,-0.261
2012.111,-0.329
2012.113,-0.235
2012.116,0.074
2012.119,0.466
2012.122,0.814
2012.124,1.120
2012.127,1.242
2012.130,1.263
2012.133,1.150
2012.135,0.916
2012.138,0.750
2012.141,0.727
2012.143,0.837
2012.146,0.938
2012.149,0.592
2012.152,0.170
2012.154,-0.052
2012.157,-0.003
2012.160,0.186
2012.163,0.448
2012.165,0.116
2012.168,0.057
2012.171,-0.070
2012.173,-0.203
2012.176,-0.056
2012.179,0.056
2012.182,0.174
2012.184,0.209
2012.187,0.184
2012.190,0.119
2012.193,0.372
2012.195,0.494
2012.198,0.802
2012.201,1.118
2012.203,1.291
2012.206,1.153
2012.209,1.147
2012.212,1.027
2012.214,1.161
2012.217,1.311
2012.220,1.517
2012.223,1.404
2012.225,1.199
2012.228,0.963
2012.231,1.047
2012.234,0.948
2012.236,1.092
2012.239,1.218
2012.242,1.245
2012.245,1.479
2012.247,1.529
2012.250,1.635
2012.253,1.963
2012.255,2.259
2012.258,2.137
2012.261,1.985
2012.264,1.736
2012.266,1.545
2012.269,1.670
2012.272,1.754
2012.275,1.692
2012.277,1.442
2012.280,1.330
2012.283,1.208
2012.286,1.287
2012.288,1.347
2012.291,1.411
2012.294,1.369
2012.297,1.471
2012.299,1.517
2012.302,1.548
2012.305,1.481
2012.307,1.452
2012.310,1.524
2012.313,1.329
2012.316,1.045
2012.318,1.066
2012.321,0.907
2012.324,0.875
2012.327,0.923
2012.329,0.939
2012.332,1.153
2012.335,1.171
2012.337,1.326
2012.340,1.640
2012.343,1.867
2012.346,2.032
2012.348,2.138
2012.351,2.146
2012.354,2.110
2012.357,2.184
2012.359,2.065
2012.362,1.799
2012.365,1.558
2012.367,1.441
2012.370,1.504
2012.373,1.335
2012.376,1.101
2012.378,0.914
2012.381,0.854
2012.384,0.932
2012.387,0.990
2012.389,0.984
2012.392,1.035
2012.395,0.655
2012.398,0.393
2012.400,0.583
2012.403,0.894
2012.406,0.994
2012.408,1.215
2012.411,1.311
2012.414,1.299
2012.417,1.351
2012.419,1.162
2012.422,1.034
2012.425,0.978
2012.428,0.684
2012.430,0.455
2012.433,0.470
2012.436,0.360
2012.438,0.459
2012.441,0.727
2012.444,0.957
2012.447,1.270
2012.449,1.542
2012.452,1.783
2012.455,1.890
2012.458,1.922
2012.460,1.821
2012.463,1.746
2012.466,1.549
2012.469,1.261
2012.471,1.272
2012.474,0.947
2012.477,0.782
2012.479,0.857
2012.482,0.960
2012.485,0.986
2012.488,1.062
2012.490,1.038
2012.493,1.388
2012.496,1.645
2012.499,1.496
2012.501,1.250
2012.504,0.977
2012.507,0.803
2012.510,0.850
2012.512,0.793
2012.515,0.554
2012.518,0.481
2012.521,0.686
2012.523,0.867
2012.526,0.873
2012.529,1.015
2012.531,0.926
2012.534,0.832
2012.537,0.703
2012.540,0.671
2012.542,0.615
2012.545,0.464
2012.548,0.269
2012.551,0.426
2012.553,0.870
2012.556,0.947
2012.559,0.944
2012.562,0.946
2012.564,0.834
2012.567,0.838
2012.570,0.706
2012.572,0.651
2012.575,0.667
2012.578,0.462
2012.581,0.459
2012.583,0.638
2012.586,0.790
2012.589,1.109
2012.592,1.049
2012.594,1.024
2012.597,1.013
2012.600,1.083
2012.602,1.205
2012.605,1.193
2012.608,0.987
2012.611,0.724
2012.613,0.663
2012.616,0.519
2012.619,0.444
2012.622,0.619
2012.624,0.744
2012.627,0.944
2012.630,0.895
2012.633,0.658
2012.635,0.635
2012.638,0.652
2012.641,0.895
2012.643,0.904
2012.646,0.791
2012.649,0.893
2012.652,1.074
2012.654,0.989
2012.657,1.097
2012.660,1.323
2012.663,1.203
2012.665,1.046
2012.668,0.930
2012.671,0.843
2012.673,0.791
2012.676,0.839
2012.679,0.794
2012.682,0.751
2012.684,0.806
2012.687,0.969
2012.690,0.908
2012.693,0.741
2012.695,0.737
2012.698,0.766
2012.701,0.700
2012.703,0.654
2012.706,0.748
2012.709,0.727
2012.712,0.741
2012.714,0.788
2012.717,0.820
2012.720,1.170
2012.723,1.529
2012.725,1.397
2012.728,1.268
2012.731,1.083
2012.734,1.019
2012.736,1.042
2012.739,1.417
2012.742,1.512
2012.745,1.459
2012.747,1.501
2012.750,1.583
2012.753,1.669
2012.755,1.496
2012.758,1.480
2012.761,1.428
2012.764,1.258
2012.766,1.138
2012.769,1.127
2012.772,1.190
2012.775,0.940
2012.777,0.626
2012.780,0.680
2012.783,0.802
2012.786,1.068
2012.788,1.277
2012.791,1.397
2012.794,1.206
2012.797,1.344
2012.799,1.569
2012.802,1.489
2012.805,1.276
2012.807,1.151
2012.810,1.013
2012.813,0.847
2012.816,0.819
2012.818,0.787
2012.821,0.782
2012.824,0.972
2012.827,1.129
2012.829,1.219
2012.832,1.273
2012.835,1.303
2012.837,1.235
2012.840,1.282
2012.843,1.355
2012.846,1.419
2012.848,1.304
2012.851,1.208
2012.854,1.004
2012.857,0.916
2012.859,0.850
2012.862,0.881
2012.865,0.687
2012.867,0.617
2012.870,0.751
2012.873,0.896
2012.876,0.916
2012.878,1.054
2012.881,1.146
2012.884,1.217
2012.887,1.417
2012.889,1.568
2012.892,1.429
2012.895,1.137
2012.898,0.849
2012.900,0.545
2012.903,0.390
2012.906,0.354
2012.908,0.348
2012.911,0.308
2012.914,0.295
2012.917,0.492
2012.919,0.813
2012.922,0.846
2012.925,0.741
2012.928,0.720
2012.930,0.875
2012.933,0.892
2012.936,0.826
2012.938,0.628
2012.941,0.300
2012.944,-0.061
2012.947,-0.169
2012.949,-0.010
2012.952,0.105
2012.955,0.129
2012.958,0.153
2012.960,0.175
2012.963,0.176
2012.966,0.128
2012.969,0.019
2012.971,-0.003
2012.974,-0.210
2012.977,-0.167
2012.979,0.179
2012.982,0.235
2012.985,-0.035
2012.988,0.134
2012.990,0.371
2012.993,0.532
2012.996,0.594
2012.999,0.631
2013.001,0.489
2013.004,0.429
2013.007,0.572
2013.010,0.816
2013.012,0.769
2013.015,0.778
2013.018,0.714
2013.021,0.771
2013.023,0.851
2013.026,0.934
2013.029,0.789
2013.031,0.736
2013.034,0.931
2013.037,0.959
2013.040,0.941
2013.042,0.980
2013.045,0.950
2013.048,0.786
2013.051,0.921
2013.053,1.155
2013.056,1.349
2013.059,1.479
2013.062,1.598
2013.064,1.742
2013.067,1.661
2013.070,1.531
2013.073,1.532
2013.075,1.550
2013.078,1.475
2013.081,1.334
2013.084,1.249
2013.086,1.068
2013.089,1.067
2013.092,1.105
2013.094,1.219
2013.097,1.207
2013.100,1.202
2013.103,1.026
2013.105,0.918
2013.108,1.030
2013.111,1.279
2013.114,1.249
2013.116,1.221
2013.119,1.187
2013.122,0.913
2013.125,0.719
2013.127,0.704
2013.130,0.569
2013.133,0.152
2013.136,0.214
2013.138,0.301
2013.141,0.571
2013.144,0.987
2013.147,1.357
2013.149,1.458
2013.152,1.387
2013.155,1.381
2013.158,1.344
2013.160,1.313
2013.163,1.284
2013.166,1.410
2013.168,1.445
2013.171,1.581
2013.174,1.818
2013.177,1.651
2013.179,1.320
2013.182,1.425
2013.185,1.481
2013.188,1.512
2013.190,1.450
2013.193,1.390
2013.196,1.271
2013.199,1.150
2013.201,1.165
2013.204,1.301
2013.207,1.156
2013.210,0.795
2013.212,0.597
2013.215,0.717
2013.218,0.625
2013.221,0.507
2013.223,0.479
2013.226,0.470
2013.229,0.459
2013.232,0.398
2013.234,0.604
2013.237,0.709
2013.240,0.921
2013.242,1.138
2013.245,1.023
2013.248,0.952
2013.251,0.732
2013.253,0.606
2013.256,0.429
2013.259,0.361
2013.262,0.557
2013.264,0.693
2013.267,0.974
2013.270,1.322
2013.273,1.350
2013.275,1.218
2013.278,1.226
2013.281,1.076
2013.284,1.051
2013.286,0.911
2013.289,0.840
2013.292,0.730
2013.295,0.623
2013.297,0.534
2013.300,0.415
2013.303,0.579
2013.305,0.815
2013.308,0.957
2013.311,0.976
2013.314,1.095
2013.316,1.267
2013.319,1.376
2013.322,1.373
2013.325,1.274
2013.327,1.463
2013.330,1.390
2013.333,1.198
2013.336,1.100
2013.338,1.184
2013.341,1.221
2013.344,1.227
2013.347,1.171
2013.349,1.229
2013.352,1.399
2013.355,1.318
2013.358,1.199
2013.360,1.031
2013.363,0.851
2013.366,0.984
2013.369,1.084
2013.371,1.095
2013.374,1.184
2013.377,1.129
2013.379,1.010
2013.382,0.940
2013.385,0.826
2013.388,0.898
2013.390,0.922
2013.393,0.815
2013.396,0.842
2013.399,0.805
2013.401,0.612
2013.404,0.872
2013.407,1.202
2013.410,1.198
2013.412,1.099
2013.415,1.220
2013.418,1.188
2013.421,1.012
2013.423,0.734
2013.426,0.664
2013.429,0.795
2013.432,0.684
2013.434,0.669
2013.437,0.778
2013.440,1.016
2013.443,1.431
2013.445,1.637
2013.448,1.708
2013.451,1.439
2013.453,1.218
2013.456,1.244
2013.459,1.292
2013.462,1.310
2013.464,1.292
2013.467,1.351
2013.470,1.402
2013.473,1.536
2013.475,1.528
2013.478,1.429
2013.481,1.447
2013.484,1.526
2013.486,1.553
2013.489,1.565
2013.492,1.400
2013.495,1.039
2013.497,0.879
2013.500,0.830
2013.503,0.939
2013.505,1.268
2013.508,1.265
2013.511,1.153
2013.514,0.864
2013.516,0.707
2013.519,0.749
2013.522,0.735
2013.525,0.729
2013.527,0.667
2013.530,0.806
2013.533,0.767
2013.536,0.459
2013.538,0.640
2013.541,0.855
2013.544,0.806
2013.547,0.626
2013.549,0.601
2013.552,0.496
2013.555,0.571
2013.557,0.569
2013.560,0.592
2013.563,0.356
2013.566,0.527
2013.568,0.813
2013.571,0.942
2013.574,0.714
2013.577,0.658
2013.579,0.744
2013.582,0.914
2013.585,1.024
2013.588,1.021
2013.590,1.155
2013.593,1.178
2013.596,1.176
2013.599,1.293
2013.601,1.349
2013.604,1.353
2013.607,1.228
2013.610,1.364
2013.612,1.473
2013.615,1.363
2013.618,1.124
2013.621,0.858
2013.623,0.922
2013.626,1.038
2013.629,1.278
2013.631,1.224
2013.634,0.908
2013.637,0.890
2013.640,0.876
2013.642,0.672
2013.645,0.621
2013.648,0.287
2013.651,0.212
2013.653,0.347
2013.656,0.446
2013.659,0.542
2013.662,0.621
2013.664,0.873
2013.667,1.075
2013.670,1.153
2013.673,1.113
2013.675,1.153
2013.678,1.106
2013.681,0.934
2013.684,0.954
2013.686,1.059
2013.689,1.107
2013.692,1.011
2013.695,1.297
2013.697,1.423
2013.700,1.537
2013.703,1.382
2013.705,1.326
2013.708,1.085
2013.711,0.914
2013.714,0.789
2013.716,1.112
2013.719,1.245
2013.722,1.227
2013.725,1.112
2013.727,1.015
2013.730,0.947
2013.733,0.944
2013.736,1.049
2013.738,1.263
2013.741,1.272
2013.744,1.126
2013.747,1.082
2013.749,0.842
2013.752,0.809
2013.755,0.830
2013.758,0.854
2013.760,1.068
2013.763,1.061
2013.766,1.019
2013.768,0.953
2013.771,0.928
2013.774,0.944
2013.777,0.867
2013.779,0.907
2013.782,0.818
2013.785,0.788
2013.788,0.947
2013.790,1.146
2013.793,1.197
2013.796,1.362
2013.799,1.393
2013.801,1.373
2013.804,1.094
2013.807,0.779
2013.810,0.678
2013.812,0.680
2013.815,0.681
2013.818,0.863
2013.821,0.944
2013.823,1.005
2013.826,1.167
2013.829,1.300
2013.832,1.482
2013.834,1.455
2013.837,1.161
2013.840,0.789
2013.842,0.662
2013.845,0.674
2013.848,0.871
2013.851,0.954
2013.853,1.011
2013.856,1.153
2013.859,1.276
2013.862,1.205
2013.864,1.202
2013.867,1.321
2013.870,1.451
2013.873,1.446
2013.875,1.318
2013.878,1.358
2013.881,1.494
2013.884,1.333
2013.886,1.064
2013.889,0.975
2013.892,0.963
2013.895,1.106
2013.897,1.053
2013.900,0.925
2013.903,1.152
2013.906,1.274
2013.908,1.658
2013.911,1.780
2013.914,1.948
2013.916,2.056
2013.919,2.047
2013.922,1.980
2013.925,1.549
2013.927,1.189
2013.930,0.920
2013.933,0.730
2013.936,0.733
2013.938,0.769
2013.941,0.374
2013.944,0.119
2013.947,0.063
2013.949,0.408
2013.952,0.850
2013.955,1.104
2013.958,0.887
2013.960,0.686
2013.963,0.659
2013.966,0.554
2013.969,0.352
2013.971,0.406
2013.974,0.555
2013.977,0.681
2013.979,0.826
2013.982,1.076
2013.985,1.247
2013.988,1.414
2013.990,1.407
2013.993,1.191
2013.996,0.894
2013.999,0.857
2014.001,0.931
2014.004,1.045
2014.007,0.947
2014.010,0.671
2014.012,0.563
2014.015,0.562
2014.018,0.601
2014.021,0.743
2014.023,1.085
2014.026,1.426
2014.029,1.704
2014.031,1.660
2014.034,1.761
2014.037,1.928
2014.040,1.906
2014.042,1.707
2014.045,1.724
2014.048,1.469
2014.051,1.348
2014.053,1.228
2014.056,1.122
2014.059,1.055
2014.062,1.347
2014.064,1.019
2014.067,0.677
2014.070,0.605
2014.073,0.454
2014.075,0.148
2014.078,0.185
2014.081,0.439
2014.084,0.534
2014.086,0.585
2014.089,0.518
2014.092,0.067
2014.094,-0.098
2014.097,-0.052
2014.100,-0.204
2014.103,-0.158
2014.105,0.058
2014.108,0.166
2014.111,-0.004
2014.114,-0.110
2014.116,-0.043
2014.119,0.189
2014.122,0.348
2014.125,0.473
2014.127,0.445
2014.130,0.524
2014.133,0.757
2014.136,0.894
2014.138,0.794
2014.141,0.761
2014.144,0.716
2014.147,0.661
2014.149,0.726
2014.152,0.561
2014.155,0.217
2014.158,0.112
2014.160,0.056
2014.163,0.065
2014.166,0.139
2014.168,0.070
2014.171,0.140
2014.174,0.601
2014.177,0.732
2014.179,0.814
2014.182,0.956
2014.185,1.080
2014.188,1.074
2014.190,1.250
2014.193,1.374
2014.196,1.455
2014.199,1.554
2014.201,1.679
2014.204,1.683
2014.207,1.885
2014.210,2.023
2014.212,1.919
2014.215,1.710
2014.218,1.549
2014.221,1.458
2014.223,1.435
2014.226,1.302
2014.229,1.148
2014.232,1.030
2014.234,1.195
2014.237,1.264
2014.240,1.402
2014.242,1.337
2014.245,1.373
2014.248,1.360
2014.251,1.168
2014.253,1.176
2014.256,1.221
2014.259,1.300
2014.262,1.471
2014.264,1.761
2014.267,1.657
2014.270,1.460
2014.273,1.204
2014.275,1.112
2014.278,1.214
2014.281,1.465
2014.284,1.326
2014.286,1.245
2014.289,1.415
2014.292,1.749
2014.295,1.826
2014.297,1.865
2014.300,1.942
2014.303,1.812
2014.305,1.959
2014.308,1.784
2014.311,1.361
2014.314,1.098
2014.316,1.130
2014.319,1.252
2014.322,1.249
2014.325,1.264
2014.327,1.246
2014.330,1.232
2014.333,1.133
2014.336,1.107
2014.338,1.085
2014.341,1.026
2014.344,1.078
2014.347,1.121
2014.349,1.042
2014.352,1.401
2014.355,1.536
2014.358,1.450
2014.360,1.563
2014.363,1.425
2014.366,1.316
2014.369,1.301
2014.371,1.469
2014.374,1.408
2014.377,1.170
2014.379,1.250
2014.382,1.282
2014.385,1.478
2014.388,1.647
2014.390,1.526
2014.393,1.303
2014.396,1.240
2014.399,1.580
2014.401,1.736
2014.404,1.659
2014.407,1.515
2014.410,1.591
2014.412,1.420
2014.415,1.084
2014.418,0.850
2014.421,0.767
2014.423,0.919
2014.426,1.021
2014.429,0.797
2014.432,0.861
2014.434,1.021
2014.437,0.890
2014.440,0.863
2014.443,0.846
2014.445,0.909
2014.448,0.923
2014.451,0.815
2014.453,1.030
2014.456,1.051
2014.459,0.985
2014.462,1.025
2014.464,0.888
2014.467,0.863
2014.470,0.959
2014.473,1.156
2014.475,1.192
2014.478,1.053
2014.481,0.971
2014.484,0.940
2014.486,0.954
2014.489,0.837
2014.492,0.620
2014.495,0.540
2014.497,0.566
2014.500,0.699
2014.503,0.593
2014.505,0.567
2014.508,0.675
2014.511,0.631
2014.514,0.539
2014.516,0.301
2014.519,0.180
2014.522,0.136
2014.525,0.319
2014.527,0.141
2014.530,0.014
2014.533,0.839
2014.536,0.795
2014.538,0.817
2014.541,0.684
2014.544,0.580
2014.547,0.657
2014.549,0.863
2014.552,1.037
2014.555,0.898
2014.557,0.623
2014.560,0.364
2014.563,0.343
2014.566,0.414
2014.568,0.640
2014.571,0.525
2014.574,0.354
2014.577,0.526
2014.579,0.694
2014.582,0.724
2014.585,0.956
2014.588,1.083
2014.590,1.139
2014.593,0.917
2014.596,1.245
2014.599,1.172
2014.601,0.945
2014.604,0.881
2014.607,1.040
2014.610,0.908
2014.612,0.688
2014.615,0.562
2014.618,0.349
2014.621,0.645
2014.623,0.837
2014.626,0.975
2014.629,0.918
2014.631,0.960
2014.634,1.047
2014.637,1.115
2014.640,1.269
2014.642,1.252
2014.645,1.466
2014.648,1.558
2014.651,1.398
2014.653,1.296
2014.656,1.375
2014.659,1.432
2014.662,1.381
2014.664,1.250
2014.667,1.179
2014.670,1.186
2014.673,1.092
2014.675,1.009
2014.678,0.868
2014.681,0.661
2014.684,0.824
2014.686,0.999
2014.689,1.245
2014.692,1.140
2014.695,1.028
2014.697,0.952
2014.700,0.864
2014.703,0.818
2014.705,0.846
2014.708,0.837
2014.711,0.918
2014.714,0.878
2014.716,1.128
2014.719,1.221
2014.722,1.280
2014.725,1.144
2014.727,1.056
2014.730,1.006
2014.733,1.012
2014.736,1.132
2014.738,1.052
2014.741,1.132
2014.744,1.203
2014.747,1.248
2014.749,1.088
2014.752,0.972
2014.755,0.761
2014.758,0.507
2014.760,0.648
2014.763,0.776
2014.766,0.896
2014.768,0.972
2014.771,1.073
2014.774,0.990
2014.777,0.921
2014.779,0.807
2014.782,0.896
2014.785,0.986
2014.788,1.048
2014.790,1.207
2014.793,1.088
2014.796,1.087
2014.799,0.986
2014.801,1.050
2014.804,1.135
2014.807,1.285
2014.810,1.272
2014.812,1.369
2014.815,1.504
2014.818,1.363
2014.821,1.088
2014.823,1.123
2014.826,1.267
2014.829,1.277
2014.832,1.381
2014.834,1.120
2014.837,0.858
2014.840,1.037
2014.842,1.271
2014.845,1.298
2014.848,1.252
2014.851,1.126
2014.853,1.032
2014.856,1.045
2014.859,1.023
2014.862,0.826
2014.864,0.528
2014.867,0.229
2014.870,0.298
2014.873,0.346
2014.875,0.281
2014.878,0.346
2014.881,0.392
2014.884,0.427
2014.886,0.600
2014.889,0.765
2014.892,0.846
2014.895,0.664
2014.897,0.362
2014.900,0.159
2014.903,-0.053
2014.906,-0.400
2014.908,-0.434
2014.911,-0.113
2014.914,-0.061
2014.916,-0.282
2014.919,-0.281
2014.922,0.036
2014.925,0.423
2014.927,0.580
2014.930,0.606
2014.933,0.575
2014.936,0.749
2014.938,0.973
2014.941,1.043
2014.944,0.955
2014.947,1.143
2014.949,1.296
2014.952,1.309
2014.955,1.349
2014.958,1.320
2014.960,1.225
2014.963,1.195
2014.966,1.438
2014.969,1.677
2014.971,1.819
2014.974,1.912
2014.977,2.015
2014.979,2.106
2014.982,2.056
2014.985,1.762
2014.988,1.512
2014.990,1.321
2014.993,1.001
2014.996,0.652
2014.999,0.477
2015.001,0.565
2015.004,0.632
2015.007,0.910
2015.010,0.959
2015.012,0.869
2015.015,0.903
2015.018,0.857
2015.021,0.519
2015.023,0.470
2015.026,0.608
2015.029,0.814
2015.031,1.222
2015.034,1.541
2015.037,1.655
2015.040,1.859
2015.042,2.107
2015.045,2.059
2015.048,2.120
2015.051,1.984
2015.053,1.773
2015.056,1.655
2015.059,1.467
2015.062,1.221
2015.064,1.140
2015.067,1.244
2015.070,1.320
2015.073,1.296
2015.075,1.233
2015.078,1.335
2015.081,1.318
2015.084,1.154
2015.086,1.045
2015.089,0.992
2015.092,1.263
2015.094,1.335
2015.097,1.177
2015.100,1.040
2015.103,1.302
2015.105,1.731
2015.108,1.786
2015.111,2.072
2015.114,2.346
2015.116,2.388
2015.119,2.310
2015.122,2.213
2015.125,1.991
2015.127,1.749
2015.130,1.472
2015.133,1.244
2015.136,1.260
2015.138,1.181
2015.141,1.251
2015.144,1.356
2015.147,1.433
2015.149,1.431
2015.152,1.294
2015.155,1.186
2015.158,0.954
2015.160,1.001
2015.163,1.169
2015.166,1.248
2015.168,1.081
2015.171,0.770
2015.174,0.620
2015.177,0.483
2015.179,0.980
2015.182,1.359
2015.185,1.525
2015.188,1.745
2015.190,2.035
2015.193,1.971
2015.196,2.177
2015.199,2.290
2015.201,2.344
2015.204,2.441
2015.207,2.598
2015.210,2.427
2015.212,2.298
2015.215,2.116
2015.218,1.988
2015.221,1.655
2015.223,1.524
2015.226,1.421
2015.229,1.802
2015.232,1.747
2015.234,1.417
2015.237,1.135
2015.240,1.193
2015.242,1.220
2015.245,1.125
2015.248,0.885
2015.251,0.742
2015.253,0.666
2015.256,0.516
2015.259,0.528
2015.262,0.577
2015.264,0.654
2015.267,0.745
2015.270,0.908
2015.273,0.927
2015.275,1.040
2015.278,1.457
2015.281,1.604
2015.284,1.469
2015.286,1.317
2015.289,1.348
2015.292,1.249
2015.295,0.929
2015.297,1.082
2015.300,1.291
2015.303,1.433
2015.305,1.695
2015.308,1.446
2015.311,1.583
2015.314,1.687
2015.316,1.586
2015.319,1.527
2015.322,1.613
2015.325,1.596
2015.327,1.450
2015.330,1.425
2015.333,1.538
2015.336,1.486
2015.338,1.344
2015.341,1.259
2015.344,1.423
2015.347,1.444
2015.349,1.251
2015.352,1.053
2015.355,1.066
2015.358,1.236
2015.360,1.271
2015.363,1.227
2015.366,1.073
2015.369,0.919
2015.371,0.949
2015.374,1.153
2015.377,1.407
2015.379,1.291
2015.382,1.311
2015.385,1.055
2015.388,0.759
2015.390,0.767
2015.393,1.041
2015.396,1.309
2015.399,1.317
2015.401,1.286
2015.404,0.946
2015.407,0.897
2015.410,1.084
2015.412,1.295
2015.415,1.099
2015.418,1.081
2015.421,1.501
2015.423,1.709
2015.426,1.860
2015.429,1.800
2015.432,1.829
2015.434,1.687
2015.437,1.417
2015.440,1.350
2015.443,1.132
2015.445,1.150
2015.448,1.147
2015.451,1.153
2015.453,1.030
2015.456,0.814
2015.459,0.895
2015.462,0.866
2015.464,0.863
2015.467,0.896
2015.470,0.865
2015.473,0.957
2015.475,0.894
2015.478,0.852
2015.481,0.953
2015.484,1.070
2015.486,1.092
2015.489,1.023
2015.492,0.988
2015.495,0.986
2015.497,0.792
2015.500,0.791
2015.503,0.597
2015.505,0.427
2015.508,0.520
2015.511,0.493
2015.514,0.407
2015.516,0.125
2015.519,0.236
2015.522,0.608
2015.525,0.766
2015.527,0.741
2015.530,0.996
2015.533,0.962
2015.536,0.712
2015.538,0.622
2015.541,0.882
2015.544,1.021
2015.547,1.109
2015.549,1.016
2015.552,0.802
2015.555,0.740
2015.557,0.813
2015.560,0.924
2015.563,1.046
2015.566,1.164
2015.568,1.205
2015.571,1.115
2015.574,1.133
2015.577,1.274
2015.579,1.278
2015.582,1.311
2015.585,1.417
2015.588,1.301
2015.590,1.124
2015.593,0.942
2015.596,0.909
2015.599,1.043
2015.601,1.016
2015.604,1.051
2015.607,1.104
2015.610,1.025
2015.612,0.882
2015.615,0.729
2015.618,0.654
2015.621,0.665
2015.623,0.841
2015.626,0.550
2015.629,0.469
2015.631,0.481
2015.634,0.798
2015.637,1.046
2015.640,1.009
2015.642,0.889
2015.645,0.660
2015.648,0.461
2015.651,0.465
2015.653,0.647
2015.656,0.993
2015.659,1.361
2015.662,1.540
2015.664,1.314
2015.667,1.150
2015.670,1.008
2015.673,0.917
2015.675,0.934
2015.678,1.174
2015.681,1.055
2015.684,0.930
2015.686,0.784
2015.689,0.699
2015.692,0.779
2015.695,0.693
2015.697,0.386
2015.700,0.276
2015.703,0.431
2015.705,0.618
2015.708,0.703
2015.711,0.686
2015.714,0.819
2015.716,0.999
2015.719,0.987
2015.722,0.872
2015.725,0.809
2015.727,0.847
2015.730,1.030
2015.733,1.101
2015.736,1.002
2015.738,1.075
2015.741,1.167
2015.744,1.423
2015.747,1.722
2015.749,1.697
2015.752,1.681
2015.755,1.634
2015.758,1.899
2015.760,2.033
2015.763,1.981
2015.766,1.786
2015.768,1.799
2015.771,1.688
2015.774,1.486
2015.777,1.357
2015.779,1.389
2015.782,1.420
2015.785,1.492
2015.788,1.432
2015.790,1.321
2015.793,1.266
2015.796,1.369
2015.799,1.447
2015.801,1.462
2015.804,1.360
2015.807,1.483
2015.810,1.327
2015.812,1.189
2015.815,1.193
2015.818,1.343
2015.821,1.354
2015.823,1.382
2015.826,1.371
2015.829,1.281
2015.832,1.355
2015.834,1.224
2015.837,1.187
2015.840,1.162
2015.842,0.978
2015.845,0.851
2015.848,0.960
2015.851,1.014
2015.853,1.188
2015.856,1.486
2015.859,1.650
2015.862,1.750
2015.864,1.789
2015.867,1.858
2015.870,1.628
2015.873,1.265
2015.875,1.060
2015.878,1.088
2015.881,1.122
2015.884,0.974
2015.886,0.739
2015.889,0.686
2015.892,0.652
2015.895,0.702
2015.897,0.826
2015.900,1.158
2015.903,1.394
2015.906,1.390
2015.908,1.385
2015.911,1.654
2015.914,1.877
2015.916,1.955
2015.919,1.958
2015.922,1.839
2015.925,1.944
2015.927,1.848
2015.930,1.910
2015.933,2.228
2015.936,2.418
2015.938,2.430
2015.941,2.413
2015.944,2.310
2015.947,2.136
2015.949,1.999
2015.952,1.903
2015.955,1.683
2015.958,1.391
2015.960,1.129
2015.963,0.895
2015.966,0.795
2015.969,0.839
2015.971,1.117
2015.974,1.335
2015.977,1.719
2015.979,1.632
2015.982,1.307
2015.985,1.065
2015.988,1.275
2015.990,1.539
2015.993,1.710
2015.996,1.855
2015.999,1.906
2016.001,1.818
2016.004,1.712
2016.007,1.564
2016.010,1.549
2016.012,1.739
2016.015,1.968
2016.018,1.969
2016.021,1.943
2016.023,2.011
2016.026,1.912
2016.029,2.029
2016.031,2.292
2016.034,2.199
2016.037,1.932
2016.040,1.857
2016.042,1.398
2016.045,0.935
2016.048,0.667
2016.051,0.823
2016.053,0.933
2016.056,1.079
2016.059,1.146
2016.062,1.118
2016.064,1.198
2016.067,1.237
2016.070,1.095
2016.072,0.997
2016.075,1.067
2016.078,1.256
2016.081,1.503
2016.083,1.846
2016.086,1.901
2016.089,1.871
2016.092,1.765
2016.094,1.920
2016.097,1.951
2016.100,2.120
2016.102,2.129
2016.105,2.016
2016.108,1.866
2016.111,1.641
2016.113,1.625
2016.116,1.552
2016.119,1.571
2016.122,1.643
2016.124,1.786
2016.127,2.264
2016.130,2.224
2016.133,2.032
2016.135,2.308
2016.138,2.324
2016.141,2.319
2016.143,2.323
2016.146,2.528
2016.149,2.630
2016.152,2.761
2016.154,2.766
2016.157,2.764
2016.160,2.954
2016.163,2.955
2016.165,2.901
2016.168,2.715
2016.171,2.537
2016.173,2.410
2016.176,2.475
2016.179,2.593
2016.182,2.546
2016.184,2.377
2016.187,2.175
2016.190,2.362
2016.193,2.514
2016.195,2.515
2016.198,2.353
2016.201,2.130
2016.203,2.214
2016.206,2.289
2016.209,2.248
2016.212,1.979
2016.214,1.799
2016.217,1.997
2016.220,2.041
2016.223,1.833
2016.225,1.916
2016.228,1.819
2016.231,1.845
2016.234,1.899
2016.236,2.021
2016.239,2.087
2016.242,2.304
2016.245,2.549
2016.247,2.422
2016.250,2.062
2016.253,1.745
2016.255,1.794
2016.258,1.985
2016.261,1.961
2016.264,1.952
2016.266,1.847
2016.269,1.839
2016.272,1.590
2016.275,1.558
2016.277,1.706
2016.280,1.899
2016.283,1.885
2016.286,2.102
2016.288,2.237
2016.291,2.179
2016.294,1.989
2016.297,2.194
2016.299,2.464
2016.302,2.550
2016.305,2.454
2016.307,2.249
2016.310,2.095
2016.313,2.037
2016.316,1.892
2016.318,1.832
2016.321,1.563
2016.324,1.446
2016.327,1.492
2016.329,1.381
2016.332,1.146
2016.335,1.223
2016.337,1.674
2016.340,1.814
2016.343,2.023
2016.346,1.976
2016.348,1.880
2016.351,1.732
2016.354,1.651
2016.357,1.502
2016.359,1.365
2016.362,1.214
2016.365,1.201
2016.367,1.097
2016.370,0.936
2016.373,0.852
2016.376,1.038
2016.378,1.215
2016.381,1.305
2016.384,1.311
2016.387,1.348
2016.389,1.509
2016.392,1.321
2016.395,1.287
2016.398,1.280
2016.400,1.468
2016.403,1.423
2016.406,1.233
2016.408,1.084
2016.411,1.106
2016.414,1.111
2016.417,1.246
2016.419,1.154
2016.422,1.301
2016.425,1.500
2016.428,1.400
2016.430,1.435
2016.433,1.314
2016.436,1.056
2016.438,0.891
2016.441,0.824
2016.444,0.899
2016.447,0.678
2016.449,0.578
2016.452,0.588
2016.455,0.649
2016.458,0.746
2016.460,0.868
2016.463,1.143
2016.466,1.111
2016.469,0.982
2016.471,0.769
2016.474,0.761
2016.477,0.883
2016.479,0.860
2016.482,0.877
2016.485,1.045
2016.488,0.825
2016.490,0.743
2016.493,0.941
2016.496,1.098
2016.499,1.036
2016.501,0.820
2016.504,0.857
2016.507,0.807
2016.510,0.729
2016.512,0.606
2016.515,0.717
2016.518,0.917
2016.521,1.049
2016.523,1.093
2016.526,1.051
2016.529,1.088
2016.531,1.015
2016.534,1.080
2016.537,1.057
2016.540,0.888
2016.542,0.918
2016.545,1.055
2016.548,1.005
2016.551,1.154
2016.553,1.141
2016.556,1.154
2016.559,0.928
2016.562,0.938
2016.564,1.038
2016.567,1.134
2016.570,1.064
2016.572,0.797
2016.575,0.907
2016.578,1.030
2016.581,1.507
2016.583,1.669
2016.586,1.530
2016.589,1.422
2016.592,1.433
2016.594,1.536
2016.597,1.532
2016.600,1.488
2016.602,1.576
2016.605,1.541
2016.608,1.596
2016.611,1.672
2016.613,1.784
2016.616,1.889
2016.619,1.976
2016.622,1.898
2016.624,1.967
2016.627,1.897
2016.630,1.575
2016.633,1.515
2016.635,1.467
2016.638,1.352
2016.641,1.400
2016.643,1.363
2016.646,1.106
2016.649,0.921
2016.652,1.000
2016.654,1.056
2016.657,1.013
2016.660,0.980
2016.663,0.942
2016.665,0.916
2016.668,0.851
2016.671,0.829
2016.673,0.602
2016.676,0.638
2016.679,0.721
2016.682,0.727
2016.684,0.922
2016.687,1.058
2016.690,1.044
2016.693,1.035
2016.695,0.987
2016.698,1.053
2016.701,1.153
2016.703,1.212
2016.706,1.434
2016.709,1.541
2016.712,1.618
2016.714,1.594
2016.717,1.440
2016.720,1.296
2016.723,1.365
2016.725,1.452
2016.728,1.265
2016.731,1.322
2016.734,1.214
2016.736,1.037
2016.739,1.179
2016.742,1.290
2016.745,1.185
2016.747,1.122
2016.750,1.145
2016.753,1.201
2016.755,0.881
2016.758,0.832
2016.761,0.853
2016.764,1.050
2016.766,1.221
2016.769,1.258
2016.772,1.166
2016.775,1.116
2016.777,0.938
2016.780,0.895
2016.783,0.951
2016.786,1.027
2016.788,1.280
2016.791,1.303
2016.794,1.175
2016.797,1.017
2016.799,0.886
2016.802,0.815
2016.805,0.549
2016.807,0.544
2016.810,0.786
2016.813,1.055
2016.816,0.915
2016.818,1.020
2016.821,0.849
2016.824,0.642
2016.827,0.834
2016.829,1.033
2016.832,1.021
2016.835,1.196
2016.837,1.315
2016.840,1.455
2016.843,1.557
2016.846,1.659
2016.848,1.645
2016.851,1.451
2016.854,1.202
2016.857,1.063
2016.859,1.040
2016.862,1.025
2016.865,0.889
2016.867,0.870
2016.870,0.778
2016.873,0.801
2016.876,0.656
2016.878,0.756
2016.881,0.615
2016.884,0.435
2016.887,0.338
2016.889,0.234
2016.892,0.328
2016.895,0.612
2016.898,0.633
2016.900,0.805
2016.903,0.945
2016.906,1.163
2016.908,1.331
2016.911,1.397
2016.914,1.523
2016.917,1.419
2016.919,1.313
2016.922,1.524
2016.925,1.447
2016.928,1.246
2016.930,0.838
2016.933,0.505
2016.936,0.462
2016.938,0.219
2016.941,0.290
2016.944,0.753
2016.947,0.895
2016.949,0.908
2016.952,0.741
2016.955,0.431
2016.958,0.243
2016.960,0.372
2016.963,0.652
2016.966,0.717
2016.969,0.986
2016.971,1.054
2016.974,1.180
2016.977,1.126
2016.979,1.355
2016.982,1.462
2016.985,1.528
2016.988,1.639
2016.990,1.799
2016.993,1.958
2016.996,2.182
2016.999,2.081
2017.001,2.133
2017.004,2.019
2017.007,1.764
2017.010,1.508
2017.012,1.063
2017.015,0.623
2017.018,0.415
2017.021,0.481
2017.023,0.616
2017.026,0.822
2017.029,1.047
2017.031,1.044
2017.034,0.897
2017.037,0.907
2017.040,1.040
2017.042,1.216
2017.045,1.320
2017.048,1.500
2017.051,1.836
2017.053,2.054
2017.056,2.138
2017.059,2.181
2017.062,1.977
2017.064,2.026
2017.067,2.091
2017.070,2.074
2017.073,2.099
2017.075,1.873
2017.078,1.860
2017.081,1.725
2017.084,1.760
2017.086,1.843
2017.089,1.854
2017.092,1.662
2017.094,1.669
2017.097,1.622
2017.100,1.404
2017.103,1.196
2017.105,1.355
2017.108,1.112
2017.111,1.170
2017.114,1.420
2017.116,1.746
2017.119,1.829
2017.122,1.869
2017.125,2.029
2017.127,2.036
2017.130,1.909
2017.133,1.939
2017.136,1.956
2017.138,1.945
2017.141,1.967
2017.144,2.093
2017.147,2.214
2017.149,2.045
2017.152,1.799
2017.155,1.773
2017.158,1.718
2017.160,1.933
2017.163,2.037
2017.166,2.038
2017.168,2.067
2017.171,2.070
2017.174,2.264
2017.177,2.296
2017.179,2.104
2017.182,2.083
2017.185,1.724
2017.188,1.403
2017.190,1.129
2017.193,1.269
2017.196,1.390
2017.199,1.615
2017.201,1.687
2017.204,1.681
2017.207,1.649
2017.210,2.031
2017.212,2.019
2017.215,1.974
2017.218,1.950
2017.221,2.134
2017.223,2.101
2017.226,2.216
2017.229,2.211
2017.232,2.319
2017.234,2.420
2017.237,2.616
2017.240,2.719
2017.242,2.465
2017.245,2.216
2017.248,2.149
2017.251,2.007
2017.253,2.032
2017.256,1.895
2017.259,1.815
2017.262,1.854
2017.264,1.784
2017.267,1.850
2017.270,1.604
2017.273,1.516
2017.275,1.248
2017.278,1.335
2017.281,1.579
2017.284,1.663
2017.286,1.507
2017.289,1.245
2017.292,1.195
2017.295,1.448
2017.297,1.517
2017.300,1.398
2017.303,1.195
2017.305,1.016
2017.308,1.009
2017.311,1.192
2017.314,1.409
2017.316,1.294
2017.319,1.056
2017.322,1.026
2017.325,1.033
2017.327,1.085
2017.330,1.422
2017.333,1.396
2017.336,1.188
2017.338,1.280
2017.341,1.250
2017.344,1.307
2017.347,1.347
2017.349,1.477
2017.352,1.435
2017.355,1.406
2017.358,1.554
2017.360,1.596
2017.363,1.402
2017.366,1.299
2017.369,1.480
2017.371,1.517
2017.374,1.374
2017.377,1.446
2017.379,1.468
2017.382,1.263
2017.385,1.138
2017.388,1.493
2017.390,1.566
2017.393,1.462
2017.396,1.564
2017.399,1.677
2017.401,1.809
2017.404,1.606
2017.407,1.285
2017.410,1.133
2017.412,0.970
2017.415,0.902
2017.418,0.916
2017.421,0.869
2017.423,0.886
2017.426,0.824
2017.429,0.733
2017.432,0.640
2017.434,0.767
2017.437,0.704
2017.440,0.610
2017.443,0.629
2017.445,0.661
2017.448,0.768
2017.451,0.851
2017.453,1.088
2017.456,1.275
2017.459,0.992
2017.462,0.888
2017.464,0.893
2017.467,0.909
2017.470,0.811
2017.473,0.951
2017.475,0.959
2017.478,0.712
2017.481,0.787
2017.484,0.997
2017.486,1.016
2017.489,1.007
2017.492,1.029
2017.495,1.221
2017.497,1.225
2017.500,0.888
2017.503,0.739
2017.505,0.720
2017.508,0.761
2017.511,0.860
2017.514,1.072
2017.516,0.797
2017.519,0.655
2017.522,0.540
2017.525,0.570
2017.527,0.907
2017.530,0.949
2017.533,0.806
2017.536,0.928
2017.538,0.874
2017.541,0.713
2017.544,0.717
2017.547,0.650
2017.549,0.705
2017.552,0.824
2017.555,1.089
2017.557,1.358
2017.560,1.311
2017.563,1.328
2017.566,1.552
2017.568,1.623
2017.571,1.753
2017.574,1.779
2017.577,1.654
2017.579,1.350
2017.582,1.424
2017.585,1.325
2017.588,1.087
2017.590,1.089
2017.593,1.251
2017.596,1.284
2017.599,1.380
2017.601,1.455
2017.604,1.268
2017.607,1.416
2017.610,1.384
2017.612,1.446
2017.615,1.164
2017.618,1.180
2017.621,1.220
2017.623,1.290
2017.626,1.295
2017.629,1.196
2017.631,1.178
2017.634,0.904
2017.637,0.800
2017.640,0.970
2017.642,1.055
2017.645,0.823
2017.648,0.658
2017.651,0.567
2017.653,0.649
2017.656,0.543
2017.659,0.363
2017.662,0.413
2017.664,0.584
2017.667,0.843
2017.670,1.058
2017.673,1.143
2017.675,1.082
2017.678,0.677
2017.681,0.799
2017.684,1.076
2017.686,1.048
2017.689,1.117
2017.692,1.111
2017.695,0.946
2017.697,1.107
2017.700,1.103
2017.703,1.080
2017.705,0.898
2017.708,0.848
2017.711,0.991
2017.714,1.296
2017.716,1.322
2017.719,1.288
2017.722,1.218
2017.725,1.000
2017.727,1.012
2017.730,0.890
2017.733,0.763
2017.736,0.833
2017.738,0.883
2017.741,0.835
2017.744,0.787
2017.747,0.762
2017.749,0.775
2017.752,0.628
2017.755,0.612
2017.758,0.972
2017.760,1.285
2017.763,1.431
2017.766,1.414
2017.768,1.437
2017.771,1.418
2017.774,1.267
2017.777,1.068
2017.779,1.057
2017.782,1.087
2017.785,1.074
2017.788,1.144
2017.790,1.433
2017.793,1.522
2017.796,1.769
2017.799,2.015
2017.801,1.841
2017.804,1.556
2017.807,1.311
2017.810,1.357
2017.812,1.558
2017.815,1.612
2017.818,1.556
2017.821,1.381
2017.823,0.991
2017.826,0.905
2017.829,0.744
2017.832,0.673
2017.834,0.825
2017.837,1.185
2017.840,1.456
2017.842,1.458
2017.845,1.549
2017.848,1.516
2017.851,1.167
2017.853,0.975
2017.856,0.856
2017.859,0.755
2017.862,0.652
2017.864,0.765
2017.867,0.801
2017.870,0.628
2017.873,0.413
2017.875,0.342
2017.878,0.418
2017.881,0.483
2017.884,0.434
2017.886,0.752
2017.889,0.920
2017.892,0.694
2017.895,0.672
2017.897,0.750
2017.900,0.927
2017.903,0.835
2017.906,0.922
2017.908,1.047
2017.911,1.284
2017.914,1.393
2017.916,1.344
2017.919,1.228
2017.922,1.322
2017.925,1.373
2017.927,1.354
2017.930,1.322
2017.933,1.234
2017.936,1.137
2017.938,1.094
2017.941,1.045
2017.944,0.966
2017.947,1.120
2017.949,1.154
2017.952,1.239
2017.955,1.397
2017.958,1.427
2017.960,1.510
2017.963,1.620
2017.966,1.743
2017.969,1.747
2017.971,1.591
2017.974,1.477
2017.977,1.438
2017.979,1.133
2017.982,0.842
2017.985,0.790
2017.988,1.046
2017.990,1.445
2017.993,1.594
2017.996,1.506
2017.999,1.302
2018.001,1.194
2018.004,1.314
2018.007,1.358
2018.010,1.390
2018.012,1.517
2018.015,1.584
2018.018,1.779
2018.021,1.788
2018.023,1.522
2018.026,1.280
2018.029,1.204
2018.031,0.898
2018.034,0.689
2018.037,0.726
2018.040,0.777
2018.042,0.959
2018.045,1.002
2018.048,1.040
2018.051,1.071
2018.053,1.087
2018.056,0.945
2018.059,0.853
2018.062,0.731
2018.064,0.594
2018.067,0.484
2018.070,0.648
2018.073,0.837
2018.075,0.935
2018.078,0.869
2018.081,0.745
2018.084,0.643
2018.086,0.649
2018.089,0.447
2018.092,0.381
2018.094,0.562
2018.097,0.700
2018.100,1.007
2018.103,1.191
2018.105,1.370
2018.108,1.302
2018.111,1.178
2018.114,1.018
2018.116,1.050
2018.119,1.409
2018.122,1.801
2018.125,1.786
2018.127,1.898
2018.130,1.611
2018.133,1.388
2018.136,1.226
2018.138,1.073
2018.141,0.975
2018.144,0.855
2018.147,0.898
2018.149,0.960
2018.152,0.810
2018.155,0.973
2018.158,1.184
2018.160,1.397
2018.163,1.535
2018.166,1.396
2018.168,1.532
2018.171,1.641
2018.174,1.580
2018.177,1.250
2018.179,1.146
2018.182,1.355
2018.185,1.563
2018.188,1.834
2018.190,1.775
2018.193,1.667
2018.196,1.542
2018.199,1.221
2018.201,1.175
2018.204,1.092
2018.207,1.174
2018.210,1.277
2018.212,1.301
2018.215,1.405
2018.218,1.413
2018.221,1.547
2018.223,1.876
2018.226,1.861
2018.229,1.885
2018.232,1.707
2018.234,1.815
2018.237,1.949
2018.240,1.996
2018.242,1.794
2018.245,1.595
2018.248,1.512
2018.251,1.262
2018.253,1.288
2018.256,1.235
2018.259,1.112
2018.262,0.996
2018.264,0.866
2018.267,1.120
2018.270,1.394
2018.273,1.536
2018.275,1.284
2018.278,1.269
2018.281,1.294
2018.284,1.296
2018.286,1.291
2018.289,1.435
2018.292,1.811
2018.295,2.035
2018.297,1.891
2018.300,1.817
2018.303,1.860
2018.305,1.900
2018.308,1.816
2018.311,2.006
2018.314,2.014
2018.316,1.822
2018.319,1.924
2018.322,1.777
2018.325,1.564
2018.327,1.468
2018.330,1.372
2018.333,1.365
2018.336,1.308
2018.338,1.384
2018.341,1.304
2018.344,1.487
2018.347,1.534
2018.349,1.437
2018.352,1.443
2018.355,1.522
2018.358,1.498
2018.360,1.437
2018.363,1.470
2018.366,1.767
2018.369,1.397
2018.371,1.070
2018.374,0.972
2018.377,0.881
2018.379,0.837
2018.382,0.643
2018.385,0.674
2018.388,0.901
2018.390,1.229
2018.393,1.271
2018.396,1.185
2018.399,1.060
2018.401,1.316
2018.404,1.368
2018.407,1.295
2018.410,1.210
2018.412,1.149
2018.415,0.924
2018.418,0.873
2018.421,0.890
2018.423,0.879
2018.426,0.872
2018.429,1.041
2018.432,1.261
2018.434,1.364
2018.437,1.449
2018.440,1.313
2018.443,1.267
2018.445,1.179
2018.448,0.866
2018.451,0.733
2018.453,1.075
2018.456,1.315
2018.459,1.418
2018.462,1.539
2018.464,1.455
2018.467,1.331
2018.470,1.324
2018.473,1.137
2018.475,1.064
2018.478,0.973
2018.481,0.921
2018.484,0.995
2018.486,1.020
2018.489,1.120
2018.492,1.021
2018.495,1.001
2018.497,1.143
2018.500,1.128
2018.503,1.124
2018.505,0.949
2018.508,1.044
2018.511,0.939
2018.514,0.712
2018.516,0.570
2018.519,0.562
2018.522,0.520
2018.525,0.503
2018.527,0.808
2018.530,1.032
2018.533,1.063
2018.536,1.162
2018.538,1.325
2018.541,1.391
2018.544,1.428
2018.547,1.460
2018.549,1.260
2018.552,1.243
2018.555,1.435
2018.557,1.620
2018.560,1.616
2018.563,1.591
2018.566,1.819
2018.568,1.909
2018.571,1.753
2018.574,1.514
2018.577,1.326
2018.579,1.115
2018.582,1.063
2018.585,1.034
2018.588,0.957
2018.590,1.032
2018.593,1.069
2018.596,1.253
2018.599,1.378
2018.601,1.328
2018.604,1.340
2018.607,1.260
2018.610,1.232
2018.612,1.185
2018.615,1.265
2018.618,1.481
2018.621,1.241
2018.623,1.365
2018.626,1.530
2018.629,1.486
2018.631,1.262
2018.634,0.901
2018.637,0.544
2018.640,0.549
2018.642,0.676
2018.645,0.602
2018.648,0.415
2018.651,0.374
2018.653,0.472
2018.656,0.614
2018.659,0.637
2018.662,0.706
2018.664,0.691
2018.667,0.581
2018.670,0.441
2018.673,0.350
2018.675,0.455
2018.678,0.759
2018.681,0.628
2018.684,0.532
2018.686,0.453
2018.689,0.542
2018.692,0.674
2018.695,0.610
2018.697,0.506
2018.700,0.655
2018.703,0.750
2018.705,0.777
2018.708,0.609
2018.711,0.972
2018.714,1.439
2018.716,1.096
2018.719,1.114
2018.722,1.152
2018.725,1.226
2018.727,1.186
2018.730,1.191
2018.733,1.064
2018.736,1.090
2018.738,0.972
2018.741,1.067
2018.744,1.187
2018.747,1.063
2018.749,1.014
2018.752,0.935
2018.755,0.989
2018.758,0.873
2018.760,0.884
2018.763,1.156
2018.766,1.258
2018.768,1.226
2018.771,1.249
2018.774,1.119
2018.777,1.021
2018.779,1.079
2018.782,1.065
2018.785,1.023
2018.788,0.980
2018.790,1.084
2018.793,1.251
2018.796,1.317
2018.799,1.522
2018.801,1.487
2018.804,1.309
2018.807,1.028
2018.810,1.158
2018.812,1.359
2018.815,1.613
2018.818,1.989
2018.821,2.005
2018.823,1.938
2018.826,2.004
2018.829,1.847
2018.832,1.647
2018.834,1.398
2018.837,1.189
2018.840,1.059
2018.842,0.984
2018.845,0.841
2018.848,0.759
2018.851,0.596
2018.853,0.388
2018.856,0.394
2018.859,0.376
2018.862,0.395
2018.864,0.381
2018.867,0.265
2018.870,0.176
2018.873,0.086
2018.875,0.196
2018.878,0.200
2018.881,0.191
2018.884,0.204
2018.886,0.405
2018.889,0.556
2018.892,0.720
2018.895,0.894
2018.897,0.882
2018.900,0.953
2018.903,0.881
2018.906,0.795
2018.908,0.796
2018.911,0.825
2018.914,0.791
2018.916,0.897
2018.919,0.793
2018.922,0.623
2018.925,0.295
2018.927,0.227
2018.930,0.342
2018.933,0.259
2018.936,0.433
2018.938,0.575
2018.941,0.851
2018.944,1.159
2018.947,1.456
2018.949,1.656
2018.952,1.704
2018.955,1.794
2018.958,1.804
2018.960,1.847
2018.963,1.840
2018.966,2.003
2018.969,1.865
2018.971,1.469
2018.974,0.960
2018.977,0.619
2018.979,0.672
2018.982,0.711
2018.985,0.718
2018.988,0.949
2018.990,0.807
2018.993,0.617
2018.996,0.635
2018.999,0.970
2019.001,1.501
2019.004,1.735
2019.007,1.716
2019.010,1.594
2019.012,1.439
2019.015,1.284
2019.018,1.259
2019.021,1.076
2019.023,0.995
2019.026,0.769
2019.029,0.944
2019.031,1.304
2019.034,1.530
2019.037,1.566
2019.040,1.502
2019.042,1.472
2019.045,1.560
2019.048,1.436
2019.051,1.407
2019.053,1.313
2019.056,1.289
2019.059,1.536
2019.062,1.592
2019.064,1.486
2019.067,1.428
2019.070,1.385
2019.073,1.332
2019.075,0.983
2019.078,0.699
2019.081,0.487
2019.084,0.502
2019.086,0.667
2019.089,0.951
2019.092,0.867
2019.094,0.705
2019.097,0.526
2019.100,0.418
2019.103,0.278
2019.105,0.320
2019.108,0.427
2019.111,0.612
2019.114,0.785
2019.116,0.885
2019.119,0.976
2019.122,1.407
2019.125,1.657
2019.127,1.720
2019.130,1.655
2019.133,1.426
2019.136,1.349
2019.138,1.448
2019.141,1.804
2019.144,1.847
2019.147,1.792
2019.149,1.707
2019.152,1.574
2019.155,1.704
2019.158,1.799
2019.160,1.768
2019.163,1.621
2019.166,1.587
2019.168,1.756
2019.171,1.825
2019.174,1.725
2019.177,1.583
2019.179,1.719
2019.182,2.012
2019.185,2.131
2019.188,2.292
2019.190,2.336
2019.193,2.207
2019.196,1.915
2019.199,2.214
2019.201,2.042
2019.204,1.951
2019.207,1.701
2019.210,1.875
2019.212,1.862
2019.215,1.923
2019.218,1.807
2019.221,1.943
2019.223,2.024
2019.226,2.052
2019.229,2.094
2019.232,2.043
2019.234,1.961
2019.237,2.179
2019.240,2.255
2019.242,2.101
2019.245,1.834
2019.248,1.829
2019.251,1.832
2019.253,2.018
2019.256,2.110
2019.259,1.948
2019.262,2.191
2019.264,2.334
2019.267,2.437
2019.270,2.402
2019.273,2.023
2019.275,1.799
2019.278,1.505
2019.281,1.399
2019.284,1.315
2019.286,1.222
2019.289,1.469
2019.292,1.675
2019.295,1.769
2019.297,1.824
2019.300,1.558
2019.303,1.536
2019.305,1.674
2019.308,1.733
2019.311,1.579
2019.314,1.667
2019.316,1.518
2019.319,1.354
2019.322,1.166
2019.325,0.961
2019.327,0.875
2019.330,0.973
2019.333,1.477
2019.336,1.734
2019.338,1.627
2019.341,1.711
2019.344,1.772
2019.347,1.767
2019.349,1.618
2019.352,1.616
2019.355,1.552
2019.358,1.360
2019.360,1.141
2019.363,1.041
2019.366,0.968
2019.369,0.891
2019.371,0.803
2019.374,0.895
2019.377,0.679
2019.379,0.633
2019.382,0.739
2019.385,0.953
2019.388,1.053
2019.390,1.174
2019.393,1.076
2019.396,0.852
2019.399,0.927
2019.401,1.163
2019.404,1.203
2019.407,1.239
2019.410,1.112
2019.412,1.095
2019.415,1.102
2019.418,0.944
2019.421,0.900
2019.423,0.853
2019.426,0.877
2019.429,0.816
2019.432,0.930
2019.434,1.106
2019.437,1.279
2019.440,1.435
2019.443,1.441
2019.445,1.217
2019.448,1.202
2019.451,1.020
2019.453,0.862
2019.456,0.918
2019.459,1.009
2019.462,0.978
2019.464,0.933
2019.467,0.973
2019.470,1.185
2019.473,1.161
2019.475,1.114
2019.478,1.442
2019.481,1.409
2019.484,1.322
2019.486,1.419
2019.489,1.647
2019.492,1.596
2019.495,1.490
2019.497,1.372
2019.500,1.057
2019.503,1.060
2019.505,1.043
2019.508,1.014
2019.511,1.021
2019.514,1.312
2019.516,1.502
2019.519,1.563
2019.522,1.527
2019.525,1.497
2019.527,1.418
2019.530,1.324
2019.533,1.115
2019.536,1.059
2019.538,1.024
2019.541,1.012
2019.544,0.993
2019.547,1.073
2019.549,1.147
2019.552,1.205
2019.555,0.998
2019.557,1.134
2019.560,1.106
2019.563,1.155
2019.566,1.169
2019.568,1.040
2019.571,1.110
2019.574,0.955
2019.577,0.831
2019.579,0.710
2019.582,0.796
2019.585,0.711
2019.588,0.515
2019.590,0.635
2019.593,0.873
2019.596,1.046
2019.599,1.231
2019.601,1.265
2019.604,1.096
2019.607,0.993
2019.610,0.927
2019.612,0.964
2019.615,0.759
2019.618,0.599
2019.621,0.685
2019.623,0.713
2019.626,0.971
2019.629,1.169
2019.631,1.175
2019.634,1.231
2019.637,1.344
2019.640,1.300
2019.642,1.184
2019.645,1.358
2019.648,1.426
2019.651,1.439
2019.653,1.471
2019.656,1.464
2019.659,1.301
2019.662,1.191
2019.664,1.068
2019.667,1.021
2019.670,1.128
2019.673,1.476
2019.675,1.526
2019.678,1.466
2019.681,1.300
2019.684,1.107
2019.686,0.850
2019.689,0.714
2019.692,0.689
2019.695,0.698
2019.697,0.814
2019.700,0.967
2019.703,1.110
2019.705,1.186
2019.708,1.165
2019.711,1.073
2019.714,1.045
2019.716,1.237
2019.719,1.197
2019.722,1.026
2019.725,1.187
2019.727,1.053
2019.730,1.076
2019.733,1.347
2019.736,1.439
2019.738,1.483
2019.741,1.445
2019.744,1.504
2019.747,1.657
2019.749,1.460
2019.752,1.159
2019.755,1.228
2019.758,1.327
2019.760,1.212
2019.763,1.290
2019.766,1.270
2019.768,1.164
2019.771,1.220
2019.774,1.190
2019.777,1.035
2019.779,1.142
2019.782,1.125
2019.785,1.175
2019.788,1.228
2019.790,1.358
2019.793,1.570
2019.796,1.751
2019.799,1.663
2019.801,1.609
2019.804,1.515
2019.807,1.355
2019.810,1.442
2019.812,1.724
2019.815,1.834
2019.818,1.854
2019.821,1.748
2019.823,1.578
2019.826,1.431
2019.829,1.501
2019.832,1.493
2019.834,1.445
2019.837,1.539
2019.840,1.561
2019.842,1.569
2019.845,1.463
2019.848,1.347
2019.851,1.113
2019.853,1.125
2019.856,0.954
2019.859,0.649
2019.862,0.587
2019.864,0.349
2019.867,0.174
2019.870,0.344
2019.873,0.651
2019.875,0.942
2019.878,0.919
2019.881,0.897
2019.884,0.992
2019.886,0.950
2019.889,0.972
2019.892,1.142
2019.895,1.291
2019.897,1.122
2019.900,1.059
2019.903,1.151
2019.906,1.126
2019.908,1.270
2019.911,1.552
2019.914,1.434
2019.916,1.086
2019.919,0.934
2019.922,0.909
2019.925,0.921
2019.927,1.017
2019.930,1.364
2019.933,1.682
2019.936,1.896
2019.938,1.973
2019.941,1.916
2019.944,1.676
2019.947,1.586
2019.949,1.618
2019.952,1.899
2019.955,2.019
2019.958,1.794
2019.960,1.613
2019.963,1.404
2019.966,1.410
2019.969,1.700
2019.971,1.732
2019.974,1.801
2019.977,2.072
2019.979,2.207
2019.982,2.089
2019.985,1.740
2019.988,1.656
2019.990,1.535
2019.993,1.502
2019.996,1.468
2019.999,1.671
2020.001,2.044
2020.004,2.465
2020.007,2.416
2020.010,2.246
2020.012,1.951
2020.015,1.830
2020.018,1.866
2020.021,1.772
2020.023,1.683
2020.026,1.676
2020.029,1.440
2020.031,1.451
2020.034,1.575
2020.037,1.797
2020.040,1.993
2020.042,1.881
2020.045,1.733
2020.048,1.708
2020.051,1.571
2020.053,1.501
2020.056,1.638
2020.059,1.914
2020.062,2.030
2020.064,2.017
2020.067,2.310
2020.070,2.420
2020.072,2.286
2020.075,2.086
2020.078,1.888
2020.081,1.831
2020.083,1.711
2020.086,1.729
2020.089,1.696
2020.092,1.635
2020.094,1.652
2020.097,1.649
2020.100,1.709
2020.102,1.907
2020.105,1.907
2020.108,1.943
2020.111,2.005
2020.113,2.001
2020.116,1.717
2020.119,1.718
2020.122,1.865
2020.124,1.958
2020.127,2.271
2020.130,2.399
2020.133,2.381
2020.135,2.232
2020.138,2.225
2020.141,2.451
2020.143,2.631
2020.146,2.737
2020.149,2.660
2020.152,2.420
2020.154,2.066
2020.157,1.938
2020.160,2.112
2020.163,2.217
2020.165,2.400
2020.168,2.532
2020.171,2.402
2020.173,2.227
2020.176,1.973
2020.179,1.524
2020.182,1.265
2020.184,1.372
2020.187,1.316
2020.190,1.613
2020.193,1.918
2020.195,1.996
2020.198,1.775
2020.201,1.684
2020.203,1.746
2020.206,1.766
2020.209,2.063
2020.212,1.960
2020.214,1.979
2020.217,1.759
2020.220,1.552
2020.223,1.443
2020.225,1.556
2020.228,1.539
2020.231,1.636
2020.234,1.725
2020.236,1.866
2020.239,1.993
2020.242,2.084
2020.245,1.873
2020.247,1.785
2020.250,1.609
2020.253,1.678
2020.255,1.557
2020.258,1.622
2020.261,1.878
2020.264,2.255
2020.266,2.266
2020.269,2.028
2020.272,1.902
2020.275,1.670
2020.277,1.448
2020.280,1.570
2020.283,1.631
2020.286,1.491
2020.288,1.403
2020.291,1.474
2020.294,1.562
2020.297,1.500
2020.299,1.534
2020.302,1.357
2020.305,1.498
2020.307,1.664
2020.310,1.814
2020.313,1.996
2020.316,2.156
2020.318,2.202
2020.321,2.371
2020.324,2.542
2020.327,2.474
2020.329,2.252
2020.332,2.000
2020.335,1.965
2020.337,1.991
2020.340,1.711
2020.343,1.576
2020.346,1.332
2020.348,1.172
2020.351,1.210
2020.354,1.226
2020.357,1.194
2020.359,1.154
2020.362,1.342
2020.365,1.368
2020.367,1.300
2020.370,1.363
2020.373,1.404
2020.376,1.434
2020.378,1.410
2020.381,1.595
2020.384,1.573
2020.387,1.465
2020.389,1.227
2020.392,1.202
2020.395,1.108
2020.398,1.208
2020.400,1.180
2020.403,1.206
2020.406,1.235
2020.408,1.505
2020.411,1.415
2020.414,1.357
2020.417,1.382
2020.419,1.163
2020.422,1.158
2020.425,1.105
2020.428,1.231
2020.430,1.087
2020.433,1.044
2020.436,0.937
2020.438,1.042
2020.441,1.169
2020.444,1.324
2020.447,1.279
2020.449,0.927
2020.452,0.774
2020.455,0.891
2020.458,1.210
2020.460,1.329
2020.463,1.189
2020.466,1.486
2020.469,1.705
2020.471,1.652
2020.474,1.572
2020.477,1.648
2020.479,1.536
2020.482,1.491
2020.485,1.416
2020.488,1.453
2020.490,1.318
2020.493,1.105
2020.496,1.349
2020.499,1.483
2020.501,1.589
2020.504,1.477
2020.507,1.280
2020.510,1.118
2020.512,1.066
2020.515,0.948
2020.518,1.080
2020.521,1.182
2020.523,1.283
2020.526,1.522
2020.529,1.452
2020.531,1.338
2020.534,1.203
2020.537,1.173
2020.540,1.145
2020.542,1.091
2020.545,1.228
2020.548,1.383
2020.551,1.242
2020.553,1.060
2020.556,1.192
2020.559,1.322
2020.562,1.151
2020.564,1.106
2020.567,0.927
2020.570,0.950
2020.572,0.755
2020.575,0.740
2020.578,0.904
2020.581,1.017
2020.583,1.064
2020.586,1.309
2020.589,1.268
2020.592,1.139
2020.594,1.212
2020.597,1.377
2020.600,1.292
2020.602,1.311
2020.605,1.491
2020.608,1.577
2020.611,1.478
2020.613,1.384
2020.616,1.265
2020.619,1.248
2020.622,1.039
2020.624,0.958
2020.627,1.073
2020.630,1.071
2020.633,0.849
2020.635,0.729
2020.638,0.750
2020.641,0.624
2020.643,0.855
2020.646,1.175
2020.649,1.305
2020.652,1.302
2020.654,1.143
2020.657,0.932
2020.660,0.923
2020.663,0.930
2020.665,0.917
2020.668,1.239
2020.671,1.317
2020.673,1.489
2020.676,1.580
2020.679,1.500
2020.682,1.375
2020.684,1.259
2020.687,1.303
2020.690,1.303
2020.693,1.238
2020.695,1.251
2020.698,1.363
2020.701,1.431
2020.703,1.370
2020.706,1.481
2020.709,1.585
2020.712,1.526
2020.714,1.286
2020.717,1.372
2020.720,1.306
2020.723,1.418
2020.725,1.365
2020.728,1.476
2020.731,1.689
2020.734,1.761
2020.736,1.657
2020.739,1.587
2020.742,1.511
2020.745,1.436
2020.747,1.364
2020.750,1.543
2020.753,1.579
2020.755,1.507
2020.758,1.391
2020.761,1.292
2020.764,1.204
2020.766,1.239
2020.769,1.309
2020.772,1.441
2020.775,1.428
2020.777,1.164
2020.780,1.073
2020.783,1.328
2020.786,1.456
2020.788,1.277
2020.791,1.188
2020.794,1.075
2020.797,1.078
2020.799,1.122
2020.802,1.225
2020.805,1.355
2020.807,1.330
2020.810,1.248
2020.813,1.148
2020.816,1.017
2020.818,0.825
2020.821,0.697
2020.824,0.909
2020.827,0.992
2020.829,0.815
2020.832,0.809
2020.835,1.070
2020.837,1.193
2020.840,1.288
2020.843,1.498
2020.846,1.758
2020.848,1.813
2020.851,1.957
2020.854,2.035
2020.857,1.898
2020.859,1.714
2020.862,1.692
2020.865,1.654
2020.867,1.588
2020.870,1.548
2020.873,1.695
2020.876,1.599
2020.878,1.547
2020.881,1.443
2020.884,1.404
2020.887,1.484
2020.889,1.464
2020.892,1.333
2020.895,1.344
2020.898,1.474
2020.900,1.590
2020.903,1.690
2020.906,1.680
2020.908,1.336
2020.911,1.081
2020.914,1.141
2020.917,1.342
2020.919,1.471
2020.922,1.510
2020.925,1.551
2020.928,1.498
2020.930,1.471
2020.933,1.516
2020.936,1.401
2020.938,1.301
2020.941,1.260
2020.944,0.938
2020.947,0.705
2020.949,0.597
2020.952,0.499
2020.955,0.412
2020.958,0.578
2020.960,0.788
2020.963,0.835
2020.966,0.760
2020.969,0.819
2020.971,0.846
2020.974,0.805
2020.977,0.833
2020.979,0.904
2020.982,0.644
2020.985,0.462
2020.988,0.585
2020.990,0.796
2020.993,0.840
2020.996,0.815
2020.999,0.705
2021.001,0.751
2021.004,0.844
2021.007,0.999
2021.010,0.998
2021.012,1.023
2021.015,1.262
2021.018,1.435
2021.021,1.367
2021.023,1.412
2021.026,1.401
2021.029,1.301
2021.031,1.181
2021.034,1.359
2021.037,1.317
2021.040,1.136
2021.042,1.024
2021.045,0.980
2021.048,0.886
2021.051,0.875
2021.053,1.219
2021.056,1.263
2021.059,1.071
2021.062,1.130
2021.064,1.171
2021.067,1.119
2021.070,1.140
2021.073,1.069
2021.075,0.915
2021.078,0.877
2021.081,0.985
2021.084,1.180
2021.086,1.202
2021.089,1.382
2021.092,1.796
2021.094,1.782
2021.097,1.541
2021.100,1.133
2021.103,0.867
2021.105,0.766
2021.108,0.783
2021.111,0.390
2021.114,0.622
2021.116,0.816
2021.119,0.987
2021.122,0.358
2021.125,0.367
2021.127,0.307
2021.130,0.074
2021.133,-0.023
2021.136,-0.428
2021.138,0.240
2021.141,0.831
2021.144,0.818
2021.147,0.790
2021.149,0.630
2021.152,0.481
2021.155,0.331
2021.158,0.367
2021.160,0.581
2021.163,0.591
2021.166,0.767
2021.168,1.208
2021.171,1.569
2021.174,1.640
2021.177,1.675
2021.179,1.801
2021.182,1.876
2021.185,1.893
2021.188,1.740
2021.190,1.769
2021.193,1.884
2021.196,1.709
2021.199,1.297
2021.201,1.208
2021.204,1.321
2021.207,1.239
2021.210,1.210
2021.212,1.331
2021.215,1.390
2021.218,1.469
2021.221,1.464
2021.223,1.489
2021.226,1.750
2021.229,1.942
2021.232,2.004
2021.234,2.037
2021.237,1.915
2021.240,1.656
2021.242,1.607
2021.245,1.384
2021.248,1.301
2021.251,1.252
2021.253,1.371
2021.256,1.565
2021.259,1.717
2021.262,1.711
2021.264,1.837
2021.267,1.807
2021.270,1.740
2021.273,1.548
2021.275,1.310
2021.278,1.321
2021.281,1.401
2021.284,1.333
2021.286,1.474
2021.289,1.397
2021.292,1.081
2021.295,0.964
2021.297,0.828
2021.300,0.849
2021.303,0.767
2021.305,0.757
2021.308,0.829
2021.311,1.175
2021.314,1.080
2021.316,1.041
2021.319,1.270
2021.322,1.322
2021.325,1.579
2021.327,1.505
2021.330,1.603
2021.333,1.690
2021.336,1.412
2021.338,1.229
2021.341,0.989
2021.344,0.931
2021.347,0.731
2021.349,0.878
2021.352,0.996
2021.355,1.096
2021.358,1.068
2021.360,1.072
2021.363,0.956
2021.366,1.097
2021.369,1.175
2021.371,1.328
2021.374,1.473
2021.377,1.615
2021.379,1.642
2021.382,1.571
2021.385,1.388
2021.388,1.120
2021.390,1.038
2021.393,1.133
2021.396,1.264
2021.399,1.229
2021.401,1.278
2021.404,1.573
2021.407,1.489
2021.410,1.432
2021.412,1.480
2021.415,1.443
2021.418,1.723
2021.421,1.761
2021.423,1.662
2021.426,1.408
2021.429,1.172
2021.432,1.171
2021.434,1.202
2021.437,0.914
2021.440,0.792
2021.443,0.659
2021.445,0.787
2021.448,1.121
2021.451,1.323
2021.453,1.284
2021.456,1.281
2021.459,1.059
2021.462,1.137
2021.464,1.161
2021.467,1.063
2021.470,1.128
2021.473,1.104
2021.475,1.295
2021.478,1.451
2021.481,1.634
2021.484,1.596
2021.486,1.530
2021.489,1.541
2021.492,1.546
2021.495,1.433
2021.497,1.389
2021.500,1.459
2021.503,1.553
2021.505,1.517
2021.508,1.566
2021.511,1.558
2021.514,1.606
2021.516,1.824
2021.519,1.826
2021.522,1.675
2021.525,1.372
2021.527,1.333
2021.530,1.251
2021.533,1.236
2021.536,1.241
2021.538,1.495
2021.541,1.454
2021.544,1.322
2021.547,1.191
2021.549,1.114
2021.552,1.084
2021.555,1.256
2021.557,1.330
2021.560,1.382
2021.563,1.313
2021.566,1.309
2021.568,1.189
2021.571,1.081
2021.574,0.972
2021.577,1.054
2021.579,1.127
2021.582,1.284
2021.585,1.330
2021.588,1.050
2021.590,1.061
2021.593,1.135
2021.596,1.037
2021.599,0.986
2021.601,0.815
2021.604,0.843
2021.607,0.833
2021.610,0.888
2021.612,1.052
2021.615,1.064
2021.618,1.141
2021.621,1.117
2021.623,1.258
2021.626,1.340
2021.629,1.261
2021.631,1.394
2021.634,1.378
2021.637,1.417
2021.640,1.424
2021.642,1.348
2021.645,1.246
2021.648,1.286
2021.651,1.233
2021.653,1.238
2021.656,1.129
2021.659,1.262
2021.662,1.433
2021.664,1.680
2021.667,1.736
2021.670,1.563
2021.673,1.307
2021.675,1.340
2021.678,1.435
2021.681,1.447
2021.684,1.444
2021.686,1.436
2021.689,1.280
2021.692,1.106
2021.695,1.129
2021.697,1.258
2021.700,1.221
2021.703,1.279
2021.705,1.554
2021.708,1.518
2021.711,1.420
2021.714,1.289
2021.716,1.192
2021.719,1.219
2021.722,1.044
2021.725,0.697
2021.727,0.683
2021.730,0.820
2021.733,1.016
2021.736,1.098
2021.738,1.117
2021.741,1.153
2021.744,1.084
2021.747,1.131
2021.749,1.146
2021.752,1.374
2021.755,1.503
2021.758,1.248
2021.760,1.352
2021.763,1.511
2021.766,1.572
2021.768,1.630
2021.771,1.865
2021.774,1.623
2021.777,1.259
2021.779,1.305
2021.782,1.581
2021.785,1.505
2021.788,1.244
2021.790,0.949
2021.793,1.022
2021.796,1.161
2021.799,1.427
2021.801,1.402
2021.804,1.574
2021.807,1.661
2021.810,1.752
2021.812,1.666
2021.815,1.670
2021.818,1.866
2021.821,2.026
2021.823,2.003
2021.826,1.860
2021.829,1.708
2021.832,1.622
2021.834,1.395
2021.837,1.246
2021.840,1.267
2021.842,1.395
2021.845,1.571
2021.848,1.467
2021.851,1.326
2021.853,1.432
2021.856,1.453
2021.859,1.298
2021.862,1.019
2021.864,0.970
2021.867,1.043
2021.870,1.173
2021.873,1.084
2021.875,0.898
2021.878,0.766
2021.881,0.795
2021.884,0.720
2021.886,0.783
2021.889,0.894
2021.892,1.003
2021.895,1.160
2021.897,1.176
2021.900,1.106
2021.903,1.053
2021.906,1.290
2021.908,1.370
2021.911,1.301
2021.914,1.211
2021.916,1.459
2021.919,1.657
2021.922,1.561
2021.925,1.173
2021.927,1.027
2021.930,1.074
2021.933,1.041
2021.936,1.069
2021.938,1.449
2021.941,1.581
2021.944,1.489
2021.947,1.167
2021.949,0.973
2021.952,1.080
2021.955,1.306
2021.958,1.437
2021.960,1.170
2021.963,1.003
2021.966,1.044
2021.969,1.099
2021.971,1.097
2021.974,1.104
2021.977,1.010
2021.979,1.069
2021.982,1.088
2021.985,0.787
2021.988,0.768
2021.990,0.790
2021.993,0.791
2021.996,0.771
2021.999,0.928
2022.001,0.974
2022.004,1.000
2022.007,0.969
2022.010,0.839
2022.012,0.991
2022.015,1.000
2022.018,1.211
2022.021,1.311
2022.023,1.375
2022.026,1.368
2022.029,1.537
2022.031,1.744
2022.034,1.750
2022.037,1.888
2022.040,1.779
2022.042,1.584
2022.045,1.493
2022.048,1.278
2022.051,1.169
2022.053,1.247
2022.056,1.266
2022.059,1.389
2022.062,1.392
2022.064,1.396
2022.067,1.217
2022.070,0.987
2022.073,0.904
2022.075,0.805
2022.078,0.757
2022.081,0.898
2022.084,0.939
2022.086,0.998
2022.089,0.903
2022.092,0.716
2022.094,0.679
2022.097,0.707
2022.100,0.777
2022.103,1.105
2022.105,1.375
2022.108,1.674
2022.111,1.722
2022.114,1.429
2022.116,0.954
2022.119,0.640
2022.122,0.580
2022.125,0.718
2022.127,0.893
2022.130,1.088
2022.133,0.947
2022.136,0.878
2022.138,0.868
2022.141,1.028
2022.144,1.092
2022.147,1.271
2022.149,1.470
2022.152,1.777
2022.155,1.896
2022.158,2.086
2022.160,2.089
2022.163,2.081
2022.166,2.081
2022.168,2.174
2022.171,2.009
2022.174,1.988
2022.177,1.915
2022.179,1.868
2022.182,1.540
2022.185,1.419
2022.188,1.322
2022.190,1.054
2022.193,0.945
2022.196,0.926
2022.199,1.342
2022.201,1.467
2022.204,1.660
2022.207,1.880
2022.210,2.007
2022.212,2.170
2022.215,2.217
2022.218,2.141
2022.221,1.942
2022.223,1.803
2022.226,1.614
2022.229,1.492
2022.232,1.324
2022.234,1.095
2022.237,1.390
2022.240,1.522
2022.242,1.566
2022.245,1.564
2022.248,1.547
2022.251,1.678
2022.253,1.963
2022.256,2.136
2022.259,2.296
2022.262,2.547
2022.264,2.762
2022.267,2.701
2022.270,2.424
2022.273,2.226
2022.275,2.063
2022.278,1.767
2022.281,1.587
2022.284,1.414
2022.286,1.360
2022.289,1.106
2022.292,0.925
2022.295,0.873
2022.297,0.921
2022.300,0.952
2022.303,0.992
2022.305,1.138
2022.308,1.218
2022.311,1.192
2022.314,1.322
2022.316,1.313
2022.319,1.166
2022.322,1.178
2022.325,1.045
2022.327,1.037
2022.330,1.053
2022.333,1.023
2022.336,0.920
2022.338,0.847
2022.341,0.887
2022.344,1.021
2022.347,1.175
2022.349,1.254
2022.352,1.127
2022.355,1.127
2022.358,1.280
2022.360,1.469
2022.363,1.577
2022.366,1.587
2022.369,1.693
2022.371,1.527
2022.374,1.297
2022.377,1.136
2022.379,1.062
2022.382,1.193
2022.385,0.929
2022.388,0.717
2022.390,0.576
2022.393,0.947
2022.396,1.481
2022.399,1.773
2022.401,1.581
2022.404,1.475
2022.407,1.407
2022.410,1.356
2022.412,1.289
2022.415,1.246
2022.418,1.243
2022.421,1.179
2022.423,1.009
2022.426,1.242
2022.429,1.481
2022.432,1.639
2022.434,1.712
2022.437,1.743
2022.440,1.795
2022.443,1.628
2022.445,1.538
2022.448,1.567
2022.451,1.724
2022.453,1.804
2022.456,1.928
2022.459,1.680
2022.462,1.275
2022.464,1.335
2022.467,1.484
2022.470,1.393
2022.473,1.389
2022.475,1.601
2022.478,1.683
2022.481,1.524
2022.484,1.384
2022.486,1.191
2022.489,0.950
2022.492,0.827
2022.495,0.758
2022.497,0.828
2022.500,0.963
2022.503,0.958
2022.505,0.985
2022.508,1.130
2022.511,1.125
2022.514,1.196
2022.516,1.078
2022.519,1.001
2022.522,1.169
2022.525,1.176
2022.527,0.933
2022.530,0.786
2022.533,0.956
2022.536,1.022
2022.538,1.198
2022.541,1.128
2022.544,1.145
2022.547,1.058
2022.549,1.225
2022.552,1.354
2022.555,1.446
2022.557,1.611
2022.560,1.562
2022.563,1.678
2022.566,1.625
2022.568,1.639
2022.571,1.631
2022.574,1.574
2022.577,1.577
2022.579,1.629
